{"type":"FeatureCollection","crs":"EPSG:4326","license":"CC-BY-4.0","generated":"demo","features":[{"type":"Feature","geometry":{"type":"Point","coordinates":[76.78,43.14]},"properties":{"hex_id":"H00000","district":"Алмалы","ecorisk":3.36,"ecorisk_oof":3.26,"high_risk_prob":0.0,"ndvi":0.367,"lst_c":20.7,"reports":1,"landuse":"Парк/сквер"}},{"type":"Feature","geometry":{"type":"Point","coordinates":[76.7875,43.14]},"properties":{"hex_id":"H00001","district":"Алмалы","ecorisk":2.56,"ecorisk_oof":3.44,"high_risk_prob":0.001,"ndvi":0.457,"lst_c":20.4,"reports":3,"landuse":"Парк/сквер"}},{"type":"Feature","geometry":{"type":"Point","coordinates":[76.795,43.14]},"properties":{"hex_id":"H00002","district":"Алмалы","ecorisk":3.46,"ecorisk_oof":3.69,"high_risk_prob":0.0,"ndvi":0.46,"lst_c":20.6,"reports":19,"landuse":"Коммерческая"}},{"type":"Feature","geometry":{"type":"Point","coordinates":[76.80249,43.14]},"properties":{"hex_id":"H00003","district":"Алмалы","ecorisk":2.85,"ecorisk_oof":3.09,"high_risk_prob":0.001,"ndvi":0.457,"lst_c":21.6,"reports":1,"landuse":"Парк/сквер"}},{"type":"Feature","geometry":{"type":"Point","coordinates":[76.80999,43.14]},"properties":{"hex_id":"H00004","district":"Алмалы","ecorisk":2.6,"ecorisk_oof":2.36,"high_risk_prob":0.0,"ndvi":0.523,"lst_c":19.9,"reports":1,"landuse":"Парк/сквер"}},{"type":"Feature","geometry":{"type":"Point","coordinates":[76.81749,43.14]},"properties":{"hex_id":"H00005","district":"Алмалы","ecorisk":3.51,"ecorisk_oof":3.23,"high_risk_prob":0.0,"ndvi":0.478,"lst_c":20.5,"reports":0,"landuse":"Транспорт"}},{"type":"Feature","geometry":{"type":"Point","coordinates":[76.82499,43.14]},"properties":{"hex_id":"H00006","district":"Алмалы","ecorisk":2.69,"ecorisk_oof":3.33,"high_risk_prob":0.0,"ndvi":0.466,"lst_c":20.3,"reports":6,"landuse":"Жилая"}},{"type":"Feature","geometry":{"type":"Point","coordinates":[76.83249,43.14]},"properties":{"hex_id":"H00007","district":"Алмалы","ecorisk":2.6,"ecorisk_oof":2.48,"high_risk_prob":0.0,"ndvi":0.558,"lst_c":20.5,"reports":2,"landuse":"Жилая"}},{"type":"Feature","geometry":{"type":"Point","coordinates":[76.83999,43.14]},"properties":{"hex_id":"H00008","district":"Алмалы","ecorisk":2.9,"ecorisk_oof":2.97,"high_risk_prob":0.0,"ndvi":0.558,"lst_c":20.2,"reports":2,"landuse":"Парк/сквер"}},{"type":"Feature","geometry":{"type":"Point","coordinates":[76.84748,43.14]},"properties":{"hex_id":"H00009","district":"Алмалы","ecorisk":3.27,"ecorisk_oof":3.28,"high_risk_prob":0.0,"ndvi":0.425,"lst_c":20.9,"reports":3,"landuse":"Транспорт"}},{"type":"Feature","geometry":{"type":"Point","coordinates":[76.85498,43.14]},"properties":{"hex_id":"H00010","district":"Алмалы","ecorisk":4.66,"ecorisk_oof":4.94,"high_risk_prob":0.001,"ndvi":0.447,"lst_c":23.1,"reports":55,"landuse":"Промышленная"}},{"type":"Feature","geometry":{"type":"Point","coordinates":[76.86248,43.14]},"properties":{"hex_id":"H00011","district":"Алмалы","ecorisk":3.86,"ecorisk_oof":3.46,"high_risk_prob":0.0,"ndvi":0.551,"lst_c":20.5,"reports":27,"landuse":"Парк/сквер"}},{"type":"Feature","geometry":{"type":"Point","coordinates":[76.86998,43.14]},"properties":{"hex_id":"H00012","district":"Алмалы","ecorisk":4.28,"ecorisk_oof":4.03,"high_risk_prob":0.0,"ndvi":0.481,"lst_c":21.2,"reports":16,"landuse":"Жилая"}},{"type":"Feature","geometry":{"type":"Point","coordinates":[76.87748,43.14]},"properties":{"hex_id":"H00013","district":"Бостандык","ecorisk":3.17,"ecorisk_oof":2.98,"high_risk_prob":0.0,"ndvi":0.488,"lst_c":21.0,"reports":1,"landuse":"Жилая"}},{"type":"Feature","geometry":{"type":"Point","coordinates":[76.88497,43.14]},"properties":{"hex_id":"H00014","district":"Бостандык","ecorisk":2.7,"ecorisk_oof":2.23,"high_risk_prob":0.0,"ndvi":0.507,"lst_c":21.2,"reports":1,"landuse":"Парк/сквер"}},{"type":"Feature","geometry":{"type":"Point","coordinates":[76.89247,43.14]},"properties":{"hex_id":"H00015","district":"Бостандык","ecorisk":3.52,"ecorisk_oof":3.56,"high_risk_prob":0.0,"ndvi":0.49,"lst_c":24.0,"reports":10,"landuse":"Жилая"}},{"type":"Feature","geometry":{"type":"Point","coordinates":[76.89997,43.14]},"properties":{"hex_id":"H00016","district":"Бостандык","ecorisk":2.08,"ecorisk_oof":2.76,"high_risk_prob":0.0,"ndvi":0.555,"lst_c":21.4,"reports":4,"landuse":"Парк/сквер"}},{"type":"Feature","geometry":{"type":"Point","coordinates":[76.90747,43.14]},"properties":{"hex_id":"H00017","district":"Бостандык","ecorisk":3.39,"ecorisk_oof":3.37,"high_risk_prob":0.0,"ndvi":0.536,"lst_c":20.0,"reports":4,"landuse":"Парк/сквер"}},{"type":"Feature","geometry":{"type":"Point","coordinates":[76.91497,43.14]},"properties":{"hex_id":"H00018","district":"Бостандык","ecorisk":2.22,"ecorisk_oof":2.14,"high_risk_prob":0.0,"ndvi":0.501,"lst_c":20.0,"reports":3,"landuse":"Жилая"}},{"type":"Feature","geometry":{"type":"Point","coordinates":[76.92246,43.14]},"properties":{"hex_id":"H00019","district":"Бостандык","ecorisk":2.92,"ecorisk_oof":2.51,"high_risk_prob":0.0,"ndvi":0.484,"lst_c":21.4,"reports":2,"landuse":"Парк/сквер"}},{"type":"Feature","geometry":{"type":"Point","coordinates":[76.92996,43.14]},"properties":{"hex_id":"H00020","district":"Бостандык","ecorisk":2.21,"ecorisk_oof":2.66,"high_risk_prob":0.0,"ndvi":0.555,"lst_c":22.4,"reports":1,"landuse":"Парк/сквер"}},{"type":"Feature","geometry":{"type":"Point","coordinates":[76.93746,43.14]},"properties":{"hex_id":"H00021","district":"Бостандык","ecorisk":2.26,"ecorisk_oof":1.73,"high_risk_prob":0.0,"ndvi":0.595,"lst_c":19.9,"reports":2,"landuse":"Парк/сквер"}},{"type":"Feature","geometry":{"type":"Point","coordinates":[76.94496,43.14]},"properties":{"hex_id":"H00022","district":"Бостандык","ecorisk":2.21,"ecorisk_oof":2.48,"high_risk_prob":0.0,"ndvi":0.562,"lst_c":21.9,"reports":1,"landuse":"Парк/сквер"}},{"type":"Feature","geometry":{"type":"Point","coordinates":[76.95246,43.14]},"properties":{"hex_id":"H00023","district":"Бостандык","ecorisk":2.79,"ecorisk_oof":2.91,"high_risk_prob":0.0,"ndvi":0.615,"lst_c":19.5,"reports":8,"landuse":"Парк/сквер"}},{"type":"Feature","geometry":{"type":"Point","coordinates":[76.95996,43.14]},"properties":{"hex_id":"H00024","district":"Медеу","ecorisk":2.01,"ecorisk_oof":1.68,"high_risk_prob":0.0,"ndvi":0.533,"lst_c":18.0,"reports":2,"landuse":"Парк/сквер"}},{"type":"Feature","geometry":{"type":"Point","coordinates":[76.96745,43.14]},"properties":{"hex_id":"H00025","district":"Медеу","ecorisk":3.28,"ecorisk_oof":2.43,"high_risk_prob":0.0,"ndvi":0.537,"lst_c":20.6,"reports":1,"landuse":"Парк/сквер"}},{"type":"Feature","geometry":{"type":"Point","coordinates":[76.97495,43.14]},"properties":{"hex_id":"H00026","district":"Медеу","ecorisk":3.58,"ecorisk_oof":3.89,"high_risk_prob":0.001,"ndvi":0.641,"lst_c":18.1,"reports":61,"landuse":"Пустырь"}},{"type":"Feature","geometry":{"type":"Point","coordinates":[76.98245,43.14]},"properties":{"hex_id":"H00027","district":"Медеу","ecorisk":2.95,"ecorisk_oof":2.78,"high_risk_prob":0.0,"ndvi":0.579,"lst_c":19.4,"reports":17,"landuse":"Парк/сквер"}},{"type":"Feature","geometry":{"type":"Point","coordinates":[76.98995,43.14]},"properties":{"hex_id":"H00028","district":"Медеу","ecorisk":2.16,"ecorisk_oof":1.93,"high_risk_prob":0.0,"ndvi":0.541,"lst_c":21.2,"reports":3,"landuse":"Жилая"}},{"type":"Feature","geometry":{"type":"Point","coordinates":[76.99745,43.14]},"properties":{"hex_id":"H00029","district":"Медеу","ecorisk":2.91,"ecorisk_oof":2.88,"high_risk_prob":0.0,"ndvi":0.555,"lst_c":18.9,"reports":17,"landuse":"Парк/сквер"}},{"type":"Feature","geometry":{"type":"Point","coordinates":[77.00494,43.14]},"properties":{"hex_id":"H00030","district":"Медеу","ecorisk":2.33,"ecorisk_oof":2.23,"high_risk_prob":0.0,"ndvi":0.623,"lst_c":21.4,"reports":15,"landuse":"Жилая"}},{"type":"Feature","geometry":{"type":"Point","coordinates":[77.01244,43.14]},"properties":{"hex_id":"H00031","district":"Медеу","ecorisk":2.21,"ecorisk_oof":2.1,"high_risk_prob":0.0,"ndvi":0.612,"lst_c":18.8,"reports":0,"landuse":"Парк/сквер"}},{"type":"Feature","geometry":{"type":"Point","coordinates":[77.01994,43.14]},"properties":{"hex_id":"H00032","district":"Медеу","ecorisk":1.86,"ecorisk_oof":2.13,"high_risk_prob":0.0,"ndvi":0.662,"lst_c":18.0,"reports":14,"landuse":"Пустырь"}},{"type":"Feature","geometry":{"type":"Point","coordinates":[77.02744,43.14]},"properties":{"hex_id":"H00033","district":"Медеу","ecorisk":1.6,"ecorisk_oof":1.61,"high_risk_prob":0.0,"ndvi":0.55,"lst_c":19.6,"reports":3,"landuse":"Коммерческая"}},{"type":"Feature","geometry":{"type":"Point","coordinates":[77.03494,43.14]},"properties":{"hex_id":"H00034","district":"Медеу","ecorisk":1.61,"ecorisk_oof":1.66,"high_risk_prob":0.0,"ndvi":0.569,"lst_c":18.2,"reports":3,"landuse":"Парк/сквер"}},{"type":"Feature","geometry":{"type":"Point","coordinates":[77.04243,43.14]},"properties":{"hex_id":"H00035","district":"Медеу","ecorisk":1.89,"ecorisk_oof":1.86,"high_risk_prob":0.0,"ndvi":0.533,"lst_c":22.0,"reports":1,"landuse":"Коммерческая"}},{"type":"Feature","geometry":{"type":"Point","coordinates":[77.04993,43.14]},"properties":{"hex_id":"H00036","district":"Медеу","ecorisk":3.6,"ecorisk_oof":3.55,"high_risk_prob":0.001,"ndvi":0.643,"lst_c":19.9,"reports":47,"landuse":"Транспорт"}},{"type":"Feature","geometry":{"type":"Point","coordinates":[77.05743,43.14]},"properties":{"hex_id":"H00037","district":"Медеу","ecorisk":2.17,"ecorisk_oof":2.34,"high_risk_prob":0.0,"ndvi":0.609,"lst_c":19.3,"reports":1,"landuse":"Парк/сквер"}},{"type":"Feature","geometry":{"type":"Point","coordinates":[77.06493,43.14]},"properties":{"hex_id":"H00038","district":"Медеу","ecorisk":2.23,"ecorisk_oof":2.36,"high_risk_prob":0.0,"ndvi":0.596,"lst_c":20.9,"reports":0,"landuse":"Парк/сквер"}},{"type":"Feature","geometry":{"type":"Point","coordinates":[77.07243,43.14]},"properties":{"hex_id":"H00039","district":"Медеу","ecorisk":1.38,"ecorisk_oof":1.42,"high_risk_prob":0.0,"ndvi":0.642,"lst_c":19.2,"reports":1,"landuse":"Парк/сквер"}},{"type":"Feature","geometry":{"type":"Point","coordinates":[77.07993,43.14]},"properties":{"hex_id":"H00040","district":"Медеу","ecorisk":1.29,"ecorisk_oof":2.27,"high_risk_prob":0.0,"ndvi":0.592,"lst_c":19.0,"reports":0,"landuse":"Парк/сквер"}},{"type":"Feature","geometry":{"type":"Point","coordinates":[77.08742,43.14]},"properties":{"hex_id":"H00041","district":"Медеу","ecorisk":1.75,"ecorisk_oof":2.38,"high_risk_prob":0.0,"ndvi":0.634,"lst_c":18.9,"reports":0,"landuse":"Жилая"}},{"type":"Feature","geometry":{"type":"Point","coordinates":[77.09492,43.14]},"properties":{"hex_id":"H00042","district":"Медеу","ecorisk":1.21,"ecorisk_oof":1.57,"high_risk_prob":0.0,"ndvi":0.664,"lst_c":20.5,"reports":3,"landuse":"Коммерческая"}},{"type":"Feature","geometry":{"type":"Point","coordinates":[76.78375,43.14473]},"properties":{"hex_id":"H00043","district":"Алмалы","ecorisk":2.43,"ecorisk_oof":2.52,"high_risk_prob":0.0,"ndvi":0.469,"lst_c":21.9,"reports":2,"landuse":"Жилая"}},{"type":"Feature","geometry":{"type":"Point","coordinates":[76.79125,43.14473]},"properties":{"hex_id":"H00044","district":"Алмалы","ecorisk":2.33,"ecorisk_oof":2.51,"high_risk_prob":0.0,"ndvi":0.45,"lst_c":22.8,"reports":1,"landuse":"Коммерческая"}},{"type":"Feature","geometry":{"type":"Point","coordinates":[76.79875,43.14473]},"properties":{"hex_id":"H00045","district":"Алмалы","ecorisk":1.94,"ecorisk_oof":2.6,"high_risk_prob":0.0,"ndvi":0.463,"lst_c":19.4,"reports":1,"landuse":"Парк/сквер"}},{"type":"Feature","geometry":{"type":"Point","coordinates":[76.80624,43.14473]},"properties":{"hex_id":"H00046","district":"Алмалы","ecorisk":2.05,"ecorisk_oof":2.35,"high_risk_prob":0.0,"ndvi":0.531,"lst_c":21.5,"reports":1,"landuse":"Жилая"}},{"type":"Feature","geometry":{"type":"Point","coordinates":[76.81374,43.14473]},"properties":{"hex_id":"H00047","district":"Алмалы","ecorisk":2.99,"ecorisk_oof":3.08,"high_risk_prob":0.0,"ndvi":0.506,"lst_c":21.5,"reports":2,"landuse":"Пустырь"}},{"type":"Feature","geometry":{"type":"Point","coordinates":[76.82124,43.14473]},"properties":{"hex_id":"H00048","district":"Алмалы","ecorisk":3.12,"ecorisk_oof":2.51,"high_risk_prob":0.0,"ndvi":0.495,"lst_c":21.6,"reports":2,"landuse":"Жилая"}},{"type":"Feature","geometry":{"type":"Point","coordinates":[76.82874,43.14473]},"properties":{"hex_id":"H00049","district":"Алмалы","ecorisk":2.93,"ecorisk_oof":2.92,"high_risk_prob":0.0,"ndvi":0.462,"lst_c":20.3,"reports":3,"landuse":"Парк/сквер"}},{"type":"Feature","geometry":{"type":"Point","coordinates":[76.83624,43.14473]},"properties":{"hex_id":"H00050","district":"Алмалы","ecorisk":3.43,"ecorisk_oof":3.58,"high_risk_prob":0.0,"ndvi":0.445,"lst_c":23.3,"reports":7,"landuse":"Парк/сквер"}},{"type":"Feature","geometry":{"type":"Point","coordinates":[76.84373,43.14473]},"properties":{"hex_id":"H00051","district":"Алмалы","ecorisk":3.04,"ecorisk_oof":3.09,"high_risk_prob":0.0,"ndvi":0.445,"lst_c":22.7,"reports":1,"landuse":"Парк/сквер"}},{"type":"Feature","geometry":{"type":"Point","coordinates":[76.85123,43.14473]},"properties":{"hex_id":"H00052","district":"Алмалы","ecorisk":3.28,"ecorisk_oof":3.11,"high_risk_prob":0.0,"ndvi":0.531,"lst_c":23.0,"reports":19,"landuse":"Промышленная"}},{"type":"Feature","geometry":{"type":"Point","coordinates":[76.85873,43.14473]},"properties":{"hex_id":"H00053","district":"Алмалы","ecorisk":3.19,"ecorisk_oof":3.14,"high_risk_prob":0.0,"ndvi":0.449,"lst_c":20.7,"reports":1,"landuse":"Промышленная"}},{"type":"Feature","geometry":{"type":"Point","coordinates":[76.86623,43.14473]},"properties":{"hex_id":"H00054","district":"Алмалы","ecorisk":3.78,"ecorisk_oof":3.83,"high_risk_prob":0.0,"ndvi":0.481,"lst_c":22.0,"reports":32,"landuse":"Парк/сквер"}},{"type":"Feature","geometry":{"type":"Point","coordinates":[76.87373,43.14473]},"properties":{"hex_id":"H00055","district":"Алмалы","ecorisk":3.42,"ecorisk_oof":3.21,"high_risk_prob":0.0,"ndvi":0.502,"lst_c":23.4,"reports":5,"landuse":"Жилая"}},{"type":"Feature","geometry":{"type":"Point","coordinates":[76.88122,43.14473]},"properties":{"hex_id":"H00056","district":"Бостандык","ecorisk":3.04,"ecorisk_oof":3.4,"high_risk_prob":0.0,"ndvi":0.478,"lst_c":23.9,"reports":1,"landuse":"Жилая"}},{"type":"Feature","geometry":{"type":"Point","coordinates":[76.88872,43.14473]},"properties":{"hex_id":"H00057","district":"Бостандык","ecorisk":3.52,"ecorisk_oof":3.69,"high_risk_prob":0.0,"ndvi":0.464,"lst_c":22.2,"reports":5,"landuse":"Парк/сквер"}},{"type":"Feature","geometry":{"type":"Point","coordinates":[76.89622,43.14473]},"properties":{"hex_id":"H00058","district":"Бостандык","ecorisk":2.52,"ecorisk_oof":2.58,"high_risk_prob":0.0,"ndvi":0.472,"lst_c":21.6,"reports":3,"landuse":"Парк/сквер"}},{"type":"Feature","geometry":{"type":"Point","coordinates":[76.90372,43.14473]},"properties":{"hex_id":"H00059","district":"Бостандык","ecorisk":3.6,"ecorisk_oof":3.12,"high_risk_prob":0.0,"ndvi":0.499,"lst_c":20.3,"reports":2,"landuse":"Пустырь"}},{"type":"Feature","geometry":{"type":"Point","coordinates":[76.91122,43.14473]},"properties":{"hex_id":"H00060","district":"Бостандык","ecorisk":2.82,"ecorisk_oof":2.29,"high_risk_prob":0.0,"ndvi":0.626,"lst_c":20.1,"reports":4,"landuse":"Транспорт"}},{"type":"Feature","geometry":{"type":"Point","coordinates":[76.91872,43.14473]},"properties":{"hex_id":"H00061","district":"Бостандык","ecorisk":3.38,"ecorisk_oof":3.28,"high_risk_prob":0.0,"ndvi":0.505,"lst_c":20.4,"reports":17,"landuse":"Парк/сквер"}},{"type":"Feature","geometry":{"type":"Point","coordinates":[76.92621,43.14473]},"properties":{"hex_id":"H00062","district":"Бостандык","ecorisk":2.47,"ecorisk_oof":2.89,"high_risk_prob":0.0,"ndvi":0.539,"lst_c":24.6,"reports":0,"landuse":"Парк/сквер"}},{"type":"Feature","geometry":{"type":"Point","coordinates":[76.93371,43.14473]},"properties":{"hex_id":"H00063","district":"Бостандык","ecorisk":2.48,"ecorisk_oof":2.27,"high_risk_prob":0.0,"ndvi":0.54,"lst_c":22.2,"reports":2,"landuse":"Промышленная"}},{"type":"Feature","geometry":{"type":"Point","coordinates":[76.94121,43.14473]},"properties":{"hex_id":"H00064","district":"Бостандык","ecorisk":2.42,"ecorisk_oof":2.85,"high_risk_prob":0.0,"ndvi":0.472,"lst_c":21.4,"reports":2,"landuse":"Парк/сквер"}},{"type":"Feature","geometry":{"type":"Point","coordinates":[76.94871,43.14473]},"properties":{"hex_id":"H00065","district":"Бостандык","ecorisk":3.26,"ecorisk_oof":3.56,"high_risk_prob":0.0,"ndvi":0.52,"lst_c":21.0,"reports":4,"landuse":"Жилая"}},{"type":"Feature","geometry":{"type":"Point","coordinates":[76.95621,43.14473]},"properties":{"hex_id":"H00066","district":"Медеу","ecorisk":3.53,"ecorisk_oof":3.5,"high_risk_prob":0.0,"ndvi":0.551,"lst_c":20.6,"reports":27,"landuse":"Парк/сквер"}},{"type":"Feature","geometry":{"type":"Point","coordinates":[76.9637,43.14473]},"properties":{"hex_id":"H00067","district":"Медеу","ecorisk":1.86,"ecorisk_oof":1.78,"high_risk_prob":0.0,"ndvi":0.577,"lst_c":20.9,"reports":3,"landuse":"Коммерческая"}},{"type":"Feature","geometry":{"type":"Point","coordinates":[76.9712,43.14473]},"properties":{"hex_id":"H00068","district":"Медеу","ecorisk":2.47,"ecorisk_oof":2.4,"high_risk_prob":0.0,"ndvi":0.545,"lst_c":22.3,"reports":2,"landuse":"Парк/сквер"}},{"type":"Feature","geometry":{"type":"Point","coordinates":[76.9787,43.14473]},"properties":{"hex_id":"H00069","district":"Медеу","ecorisk":2.67,"ecorisk_oof":2.53,"high_risk_prob":0.0,"ndvi":0.57,"lst_c":20.7,"reports":1,"landuse":"Коммерческая"}},{"type":"Feature","geometry":{"type":"Point","coordinates":[76.9862,43.14473]},"properties":{"hex_id":"H00070","district":"Медеу","ecorisk":2.56,"ecorisk_oof":2.5,"high_risk_prob":0.0,"ndvi":0.675,"lst_c":20.3,"reports":2,"landuse":"Жилая"}},{"type":"Feature","geometry":{"type":"Point","coordinates":[76.9937,43.14473]},"properties":{"hex_id":"H00071","district":"Медеу","ecorisk":2.89,"ecorisk_oof":2.54,"high_risk_prob":0.0,"ndvi":0.562,"lst_c":20.8,"reports":29,"landuse":"Пустырь"}},{"type":"Feature","geometry":{"type":"Point","coordinates":[77.00119,43.14473]},"properties":{"hex_id":"H00072","district":"Медеу","ecorisk":2.45,"ecorisk_oof":2.68,"high_risk_prob":0.0,"ndvi":0.581,"lst_c":21.2,"reports":13,"landuse":"Жилая"}},{"type":"Feature","geometry":{"type":"Point","coordinates":[77.00869,43.14473]},"properties":{"hex_id":"H00073","district":"Медеу","ecorisk":2.83,"ecorisk_oof":2.6,"high_risk_prob":0.0,"ndvi":0.576,"lst_c":19.2,"reports":11,"landuse":"Жилая"}},{"type":"Feature","geometry":{"type":"Point","coordinates":[77.01619,43.14473]},"properties":{"hex_id":"H00074","district":"Медеу","ecorisk":2.27,"ecorisk_oof":1.87,"high_risk_prob":0.0,"ndvi":0.558,"lst_c":22.7,"reports":3,"landuse":"Транспорт"}},{"type":"Feature","geometry":{"type":"Point","coordinates":[77.02369,43.14473]},"properties":{"hex_id":"H00075","district":"Медеу","ecorisk":2.49,"ecorisk_oof":1.97,"high_risk_prob":0.0,"ndvi":0.532,"lst_c":18.0,"reports":3,"landuse":"Парк/сквер"}},{"type":"Feature","geometry":{"type":"Point","coordinates":[77.03119,43.14473]},"properties":{"hex_id":"H00076","district":"Медеу","ecorisk":2.79,"ecorisk_oof":3.22,"high_risk_prob":0.0,"ndvi":0.639,"lst_c":21.0,"reports":41,"landuse":"Парк/сквер"}},{"type":"Feature","geometry":{"type":"Point","coordinates":[77.03869,43.14473]},"properties":{"hex_id":"H00077","district":"Медеу","ecorisk":1.81,"ecorisk_oof":2.67,"high_risk_prob":0.0,"ndvi":0.692,"lst_c":18.5,"reports":21,"landuse":"Жилая"}},{"type":"Feature","geometry":{"type":"Point","coordinates":[77.04618,43.14473]},"properties":{"hex_id":"H00078","district":"Медеу","ecorisk":2.01,"ecorisk_oof":2.26,"high_risk_prob":0.0,"ndvi":0.603,"lst_c":21.0,"reports":0,"landuse":"Парк/сквер"}},{"type":"Feature","geometry":{"type":"Point","coordinates":[77.05368,43.14473]},"properties":{"hex_id":"H00079","district":"Медеу","ecorisk":1.83,"ecorisk_oof":2.43,"high_risk_prob":0.0,"ndvi":0.588,"lst_c":20.7,"reports":2,"landuse":"Парк/сквер"}},{"type":"Feature","geometry":{"type":"Point","coordinates":[77.06118,43.14473]},"properties":{"hex_id":"H00080","district":"Медеу","ecorisk":2.09,"ecorisk_oof":2.35,"high_risk_prob":0.0,"ndvi":0.618,"lst_c":19.7,"reports":13,"landuse":"Парк/сквер"}},{"type":"Feature","geometry":{"type":"Point","coordinates":[77.06868,43.14473]},"properties":{"hex_id":"H00081","district":"Медеу","ecorisk":1.52,"ecorisk_oof":2.0,"high_risk_prob":0.0,"ndvi":0.604,"lst_c":21.0,"reports":3,"landuse":"Парк/сквер"}},{"type":"Feature","geometry":{"type":"Point","coordinates":[77.07618,43.14473]},"properties":{"hex_id":"H00082","district":"Медеу","ecorisk":0.99,"ecorisk_oof":1.96,"high_risk_prob":0.0,"ndvi":0.641,"lst_c":18.5,"reports":1,"landuse":"Жилая"}},{"type":"Feature","geometry":{"type":"Point","coordinates":[77.08367,43.14473]},"properties":{"hex_id":"H00083","district":"Медеу","ecorisk":2.29,"ecorisk_oof":2.61,"high_risk_prob":0.0,"ndvi":0.588,"lst_c":21.4,"reports":2,"landuse":"Парк/сквер"}},{"type":"Feature","geometry":{"type":"Point","coordinates":[77.09117,43.14473]},"properties":{"hex_id":"H00084","district":"Медеу","ecorisk":1.25,"ecorisk_oof":1.48,"high_risk_prob":0.0,"ndvi":0.592,"lst_c":18.9,"reports":3,"landuse":"Коммерческая"}},{"type":"Feature","geometry":{"type":"Point","coordinates":[77.09867,43.14473]},"properties":{"hex_id":"H00085","district":"Медеу","ecorisk":1.3,"ecorisk_oof":2.11,"high_risk_prob":0.0,"ndvi":0.549,"lst_c":18.1,"reports":0,"landuse":"Коммерческая"}},{"type":"Feature","geometry":{"type":"Point","coordinates":[76.78,43.14946]},"properties":{"hex_id":"H00086","district":"Алмалы","ecorisk":4.11,"ecorisk_oof":3.99,"high_risk_prob":0.001,"ndvi":0.41,"lst_c":21.3,"reports":2,"landuse":"Транспорт"}},{"type":"Feature","geometry":{"type":"Point","coordinates":[76.7875,43.14946]},"properties":{"hex_id":"H00087","district":"Алмалы","ecorisk":2.74,"ecorisk_oof":3.09,"high_risk_prob":0.0,"ndvi":0.42,"lst_c":20.6,"reports":3,"landuse":"Парк/сквер"}},{"type":"Feature","geometry":{"type":"Point","coordinates":[76.795,43.14946]},"properties":{"hex_id":"H00088","district":"Алмалы","ecorisk":3.25,"ecorisk_oof":3.61,"high_risk_prob":0.0,"ndvi":0.56,"lst_c":18.0,"reports":12,"landuse":"Парк/сквер"}},{"type":"Feature","geometry":{"type":"Point","coordinates":[76.80249,43.14946]},"properties":{"hex_id":"H00089","district":"Алмалы","ecorisk":2.41,"ecorisk_oof":2.92,"high_risk_prob":0.0,"ndvi":0.441,"lst_c":20.1,"reports":4,"landuse":"Парк/сквер"}},{"type":"Feature","geometry":{"type":"Point","coordinates":[76.80999,43.14946]},"properties":{"hex_id":"H00090","district":"Алмалы","ecorisk":2.87,"ecorisk_oof":2.91,"high_risk_prob":0.0,"ndvi":0.412,"lst_c":21.8,"reports":2,"landuse":"Парк/сквер"}},{"type":"Feature","geometry":{"type":"Point","coordinates":[76.81749,43.14946]},"properties":{"hex_id":"H00091","district":"Алмалы","ecorisk":2.69,"ecorisk_oof":2.96,"high_risk_prob":0.0,"ndvi":0.406,"lst_c":23.5,"reports":3,"landuse":"Транспорт"}},{"type":"Feature","geometry":{"type":"Point","coordinates":[76.82499,43.14946]},"properties":{"hex_id":"H00092","district":"Алмалы","ecorisk":3.15,"ecorisk_oof":3.03,"high_risk_prob":0.0,"ndvi":0.493,"lst_c":23.1,"reports":2,"landuse":"Коммерческая"}},{"type":"Feature","geometry":{"type":"Point","coordinates":[76.83249,43.14946]},"properties":{"hex_id":"H00093","district":"Алмалы","ecorisk":3.09,"ecorisk_oof":3.0,"high_risk_prob":0.0,"ndvi":0.507,"lst_c":22.3,"reports":5,"landuse":"Транспорт"}},{"type":"Feature","geometry":{"type":"Point","coordinates":[76.83999,43.14946]},"properties":{"hex_id":"H00094","district":"Алмалы","ecorisk":2.99,"ecorisk_oof":3.03,"high_risk_prob":0.0,"ndvi":0.477,"lst_c":21.6,"reports":0,"landuse":"Транспорт"}},{"type":"Feature","geometry":{"type":"Point","coordinates":[76.84748,43.14946]},"properties":{"hex_id":"H00095","district":"Алмалы","ecorisk":3.24,"ecorisk_oof":3.02,"high_risk_prob":0.0,"ndvi":0.503,"lst_c":22.2,"reports":4,"landuse":"Парк/сквер"}},{"type":"Feature","geometry":{"type":"Point","coordinates":[76.85498,43.14946]},"properties":{"hex_id":"H00096","district":"Алмалы","ecorisk":3.4,"ecorisk_oof":2.9,"high_risk_prob":0.0,"ndvi":0.522,"lst_c":19.2,"reports":3,"landuse":"Жилая"}},{"type":"Feature","geometry":{"type":"Point","coordinates":[76.86248,43.14946]},"properties":{"hex_id":"H00097","district":"Алмалы","ecorisk":2.54,"ecorisk_oof":2.39,"high_risk_prob":0.0,"ndvi":0.557,"lst_c":21.3,"reports":0,"landuse":"Парк/сквер"}},{"type":"Feature","geometry":{"type":"Point","coordinates":[76.86998,43.14946]},"properties":{"hex_id":"H00098","district":"Алмалы","ecorisk":3.18,"ecorisk_oof":3.04,"high_risk_prob":0.0,"ndvi":0.45,"lst_c":21.6,"reports":3,"landuse":"Жилая"}},{"type":"Feature","geometry":{"type":"Point","coordinates":[76.87748,43.14946]},"properties":{"hex_id":"H00099","district":"Бостандык","ecorisk":4.52,"ecorisk_oof":4.14,"high_risk_prob":0.0,"ndvi":0.466,"lst_c":22.2,"reports":30,"landuse":"Парк/сквер"}},{"type":"Feature","geometry":{"type":"Point","coordinates":[76.88497,43.14946]},"properties":{"hex_id":"H00100","district":"Бостандык","ecorisk":2.97,"ecorisk_oof":2.96,"high_risk_prob":0.0,"ndvi":0.55,"lst_c":23.4,"reports":1,"landuse":"Парк/сквер"}},{"type":"Feature","geometry":{"type":"Point","coordinates":[76.89247,43.14946]},"properties":{"hex_id":"H00101","district":"Бостандык","ecorisk":4.39,"ecorisk_oof":4.39,"high_risk_prob":0.002,"ndvi":0.466,"lst_c":21.4,"reports":35,"landuse":"Промышленная"}},{"type":"Feature","geometry":{"type":"Point","coordinates":[76.89997,43.14946]},"properties":{"hex_id":"H00102","district":"Бостандык","ecorisk":3.28,"ecorisk_oof":3.04,"high_risk_prob":0.0,"ndvi":0.443,"lst_c":23.2,"reports":2,"landuse":"Транспорт"}},{"type":"Feature","geometry":{"type":"Point","coordinates":[76.90747,43.14946]},"properties":{"hex_id":"H00103","district":"Бостандык","ecorisk":2.21,"ecorisk_oof":2.8,"high_risk_prob":0.0,"ndvi":0.527,"lst_c":22.7,"reports":1,"landuse":"Жилая"}},{"type":"Feature","geometry":{"type":"Point","coordinates":[76.91497,43.14946]},"properties":{"hex_id":"H00104","district":"Бостандык","ecorisk":3.63,"ecorisk_oof":2.82,"high_risk_prob":0.0,"ndvi":0.517,"lst_c":22.5,"reports":3,"landuse":"Парк/сквер"}},{"type":"Feature","geometry":{"type":"Point","coordinates":[76.92246,43.14946]},"properties":{"hex_id":"H00105","district":"Бостандык","ecorisk":2.56,"ecorisk_oof":2.61,"high_risk_prob":0.0,"ndvi":0.554,"lst_c":20.6,"reports":7,"landuse":"Жилая"}},{"type":"Feature","geometry":{"type":"Point","coordinates":[76.92996,43.14946]},"properties":{"hex_id":"H00106","district":"Бостандык","ecorisk":2.99,"ecorisk_oof":3.04,"high_risk_prob":0.0,"ndvi":0.504,"lst_c":21.5,"reports":3,"landuse":"Транспорт"}},{"type":"Feature","geometry":{"type":"Point","coordinates":[76.93746,43.14946]},"properties":{"hex_id":"H00107","district":"Бостандык","ecorisk":2.32,"ecorisk_oof":2.59,"high_risk_prob":0.0,"ndvi":0.559,"lst_c":22.2,"reports":1,"landuse":"Транспорт"}},{"type":"Feature","geometry":{"type":"Point","coordinates":[76.94496,43.14946]},"properties":{"hex_id":"H00108","district":"Бостандык","ecorisk":3.04,"ecorisk_oof":2.86,"high_risk_prob":0.0,"ndvi":0.573,"lst_c":20.9,"reports":5,"landuse":"Парк/сквер"}},{"type":"Feature","geometry":{"type":"Point","coordinates":[76.95246,43.14946]},"properties":{"hex_id":"H00109","district":"Бостандык","ecorisk":2.57,"ecorisk_oof":2.63,"high_risk_prob":0.0,"ndvi":0.494,"lst_c":22.4,"reports":3,"landuse":"Парк/сквер"}},{"type":"Feature","geometry":{"type":"Point","coordinates":[76.95996,43.14946]},"properties":{"hex_id":"H00110","district":"Медеу","ecorisk":2.69,"ecorisk_oof":2.79,"high_risk_prob":0.0,"ndvi":0.45,"lst_c":21.1,"reports":2,"landuse":"Парк/сквер"}},{"type":"Feature","geometry":{"type":"Point","coordinates":[76.96745,43.14946]},"properties":{"hex_id":"H00111","district":"Медеу","ecorisk":3.14,"ecorisk_oof":3.14,"high_risk_prob":0.0,"ndvi":0.479,"lst_c":24.0,"reports":3,"landuse":"Парк/сквер"}},{"type":"Feature","geometry":{"type":"Point","coordinates":[76.97495,43.14946]},"properties":{"hex_id":"H00112","district":"Медеу","ecorisk":2.46,"ecorisk_oof":2.01,"high_risk_prob":0.0,"ndvi":0.605,"lst_c":21.5,"reports":1,"landuse":"Парк/сквер"}},{"type":"Feature","geometry":{"type":"Point","coordinates":[76.98245,43.14946]},"properties":{"hex_id":"H00113","district":"Медеу","ecorisk":2.7,"ecorisk_oof":3.03,"high_risk_prob":0.0,"ndvi":0.61,"lst_c":18.9,"reports":21,"landuse":"Парк/сквер"}},{"type":"Feature","geometry":{"type":"Point","coordinates":[76.98995,43.14946]},"properties":{"hex_id":"H00114","district":"Медеу","ecorisk":1.92,"ecorisk_oof":2.3,"high_risk_prob":0.0,"ndvi":0.517,"lst_c":21.4,"reports":1,"landuse":"Парк/сквер"}},{"type":"Feature","geometry":{"type":"Point","coordinates":[76.99745,43.14946]},"properties":{"hex_id":"H00115","district":"Медеу","ecorisk":3.02,"ecorisk_oof":3.25,"high_risk_prob":0.0,"ndvi":0.543,"lst_c":18.4,"reports":36,"landuse":"Промышленная"}},{"type":"Feature","geometry":{"type":"Point","coordinates":[77.00494,43.14946]},"properties":{"hex_id":"H00116","district":"Медеу","ecorisk":4.06,"ecorisk_oof":4.17,"high_risk_prob":0.001,"ndvi":0.571,"lst_c":20.6,"reports":51,"landuse":"Парк/сквер"}},{"type":"Feature","geometry":{"type":"Point","coordinates":[77.01244,43.14946]},"properties":{"hex_id":"H00117","district":"Медеу","ecorisk":1.17,"ecorisk_oof":1.8,"high_risk_prob":0.0,"ndvi":0.622,"lst_c":19.9,"reports":3,"landuse":"Коммерческая"}},{"type":"Feature","geometry":{"type":"Point","coordinates":[77.01994,43.14946]},"properties":{"hex_id":"H00118","district":"Медеу","ecorisk":2.15,"ecorisk_oof":2.55,"high_risk_prob":0.0,"ndvi":0.61,"lst_c":20.6,"reports":11,"landuse":"Парк/сквер"}},{"type":"Feature","geometry":{"type":"Point","coordinates":[77.02744,43.14946]},"properties":{"hex_id":"H00119","district":"Медеу","ecorisk":2.47,"ecorisk_oof":2.47,"high_risk_prob":0.0,"ndvi":0.573,"lst_c":22.3,"reports":32,"landuse":"Промышленная"}},{"type":"Feature","geometry":{"type":"Point","coordinates":[77.03494,43.14946]},"properties":{"hex_id":"H00120","district":"Медеу","ecorisk":1.97,"ecorisk_oof":2.32,"high_risk_prob":0.0,"ndvi":0.563,"lst_c":21.4,"reports":1,"landuse":"Транспорт"}},{"type":"Feature","geometry":{"type":"Point","coordinates":[77.04243,43.14946]},"properties":{"hex_id":"H00121","district":"Медеу","ecorisk":2.77,"ecorisk_oof":3.13,"high_risk_prob":0.0,"ndvi":0.634,"lst_c":18.7,"reports":31,"landuse":"Промышленная"}},{"type":"Feature","geometry":{"type":"Point","coordinates":[77.04993,43.14946]},"properties":{"hex_id":"H00122","district":"Медеу","ecorisk":1.78,"ecorisk_oof":1.71,"high_risk_prob":0.0,"ndvi":0.587,"lst_c":21.7,"reports":2,"landuse":"Транспорт"}},{"type":"Feature","geometry":{"type":"Point","coordinates":[77.05743,43.14946]},"properties":{"hex_id":"H00123","district":"Медеу","ecorisk":1.64,"ecorisk_oof":2.19,"high_risk_prob":0.0,"ndvi":0.587,"lst_c":19.1,"reports":3,"landuse":"Парк/сквер"}},{"type":"Feature","geometry":{"type":"Point","coordinates":[77.06493,43.14946]},"properties":{"hex_id":"H00124","district":"Медеу","ecorisk":1.74,"ecorisk_oof":1.83,"high_risk_prob":0.0,"ndvi":0.591,"lst_c":21.0,"reports":2,"landuse":"Парк/сквер"}},{"type":"Feature","geometry":{"type":"Point","coordinates":[77.07243,43.14946]},"properties":{"hex_id":"H00125","district":"Медеу","ecorisk":1.46,"ecorisk_oof":2.09,"high_risk_prob":0.0,"ndvi":0.64,"lst_c":19.7,"reports":3,"landuse":"Парк/сквер"}},{"type":"Feature","geometry":{"type":"Point","coordinates":[77.07993,43.14946]},"properties":{"hex_id":"H00126","district":"Медеу","ecorisk":1.78,"ecorisk_oof":1.9,"high_risk_prob":0.0,"ndvi":0.643,"lst_c":18.9,"reports":4,"landuse":"Жилая"}},{"type":"Feature","geometry":{"type":"Point","coordinates":[77.08742,43.14946]},"properties":{"hex_id":"H00127","district":"Медеу","ecorisk":1.6,"ecorisk_oof":2.03,"high_risk_prob":0.0,"ndvi":0.667,"lst_c":18.3,"reports":2,"landuse":"Парк/сквер"}},{"type":"Feature","geometry":{"type":"Point","coordinates":[77.09492,43.14946]},"properties":{"hex_id":"H00128","district":"Медеу","ecorisk":2.7,"ecorisk_oof":2.45,"high_risk_prob":0.0,"ndvi":0.545,"lst_c":21.6,"reports":10,"landuse":"Пустырь"}},{"type":"Feature","geometry":{"type":"Point","coordinates":[76.78375,43.15419]},"properties":{"hex_id":"H00129","district":"Алмалы","ecorisk":4.41,"ecorisk_oof":4.55,"high_risk_prob":0.0,"ndvi":0.426,"lst_c":20.5,"reports":27,"landuse":"Жилая"}},{"type":"Feature","geometry":{"type":"Point","coordinates":[76.79125,43.15419]},"properties":{"hex_id":"H00130","district":"Алмалы","ecorisk":3.47,"ecorisk_oof":3.71,"high_risk_prob":0.0,"ndvi":0.395,"lst_c":22.5,"reports":3,"landuse":"Жилая"}},{"type":"Feature","geometry":{"type":"Point","coordinates":[76.79875,43.15419]},"properties":{"hex_id":"H00131","district":"Алмалы","ecorisk":2.9,"ecorisk_oof":3.41,"high_risk_prob":0.0,"ndvi":0.43,"lst_c":22.8,"reports":2,"landuse":"Парк/сквер"}},{"type":"Feature","geometry":{"type":"Point","coordinates":[76.80624,43.15419]},"properties":{"hex_id":"H00132","district":"Алмалы","ecorisk":3.09,"ecorisk_oof":3.0,"high_risk_prob":0.0,"ndvi":0.446,"lst_c":20.8,"reports":0,"landuse":"Парк/сквер"}},{"type":"Feature","geometry":{"type":"Point","coordinates":[76.81374,43.15419]},"properties":{"hex_id":"H00133","district":"Алмалы","ecorisk":3.98,"ecorisk_oof":4.25,"high_risk_prob":0.001,"ndvi":0.406,"lst_c":21.4,"reports":10,"landuse":"Промышленная"}},{"type":"Feature","geometry":{"type":"Point","coordinates":[76.82124,43.15419]},"properties":{"hex_id":"H00134","district":"Алмалы","ecorisk":2.85,"ecorisk_oof":2.99,"high_risk_prob":0.0,"ndvi":0.456,"lst_c":23.1,"reports":0,"landuse":"Парк/сквер"}},{"type":"Feature","geometry":{"type":"Point","coordinates":[76.82874,43.15419]},"properties":{"hex_id":"H00135","district":"Алмалы","ecorisk":2.93,"ecorisk_oof":3.08,"high_risk_prob":0.0,"ndvi":0.425,"lst_c":22.8,"reports":1,"landuse":"Промышленная"}},{"type":"Feature","geometry":{"type":"Point","coordinates":[76.83624,43.15419]},"properties":{"hex_id":"H00136","district":"Алмалы","ecorisk":4.58,"ecorisk_oof":4.89,"high_risk_prob":0.001,"ndvi":0.418,"lst_c":23.5,"reports":22,"landuse":"Пустырь"}},{"type":"Feature","geometry":{"type":"Point","coordinates":[76.84373,43.15419]},"properties":{"hex_id":"H00137","district":"Алмалы","ecorisk":3.15,"ecorisk_oof":3.38,"high_risk_prob":0.0,"ndvi":0.425,"lst_c":20.3,"reports":2,"landuse":"Парк/сквер"}},{"type":"Feature","geometry":{"type":"Point","coordinates":[76.85123,43.15419]},"properties":{"hex_id":"H00138","district":"Алмалы","ecorisk":2.72,"ecorisk_oof":2.71,"high_risk_prob":0.0,"ndvi":0.534,"lst_c":22.1,"reports":0,"landuse":"Промышленная"}},{"type":"Feature","geometry":{"type":"Point","coordinates":[76.85873,43.15419]},"properties":{"hex_id":"H00139","district":"Алмалы","ecorisk":3.12,"ecorisk_oof":3.12,"high_risk_prob":0.0,"ndvi":0.507,"lst_c":22.7,"reports":1,"landuse":"Парк/сквер"}},{"type":"Feature","geometry":{"type":"Point","coordinates":[76.86623,43.15419]},"properties":{"hex_id":"H00140","district":"Алмалы","ecorisk":4.45,"ecorisk_oof":4.6,"high_risk_prob":0.0,"ndvi":0.436,"lst_c":22.9,"reports":23,"landuse":"Транспорт"}},{"type":"Feature","geometry":{"type":"Point","coordinates":[76.87373,43.15419]},"properties":{"hex_id":"H00141","district":"Алмалы","ecorisk":3.63,"ecorisk_oof":3.47,"high_risk_prob":0.0,"ndvi":0.369,"lst_c":24.8,"reports":1,"landuse":"Парк/сквер"}},{"type":"Feature","geometry":{"type":"Point","coordinates":[76.88122,43.15419]},"properties":{"hex_id":"H00142","district":"Бостандык","ecorisk":3.79,"ecorisk_oof":3.58,"high_risk_prob":0.0,"ndvi":0.516,"lst_c":22.6,"reports":1,"landuse":"Парк/сквер"}},{"type":"Feature","geometry":{"type":"Point","coordinates":[76.88872,43.15419]},"properties":{"hex_id":"H00143","district":"Бостандык","ecorisk":4.33,"ecorisk_oof":4.41,"high_risk_prob":0.0,"ndvi":0.518,"lst_c":24.1,"reports":21,"landuse":"Жилая"}},{"type":"Feature","geometry":{"type":"Point","coordinates":[76.89622,43.15419]},"properties":{"hex_id":"H00144","district":"Бостандык","ecorisk":3.4,"ecorisk_oof":3.26,"high_risk_prob":0.0,"ndvi":0.479,"lst_c":21.8,"reports":2,"landuse":"Пустырь"}},{"type":"Feature","geometry":{"type":"Point","coordinates":[76.90372,43.15419]},"properties":{"hex_id":"H00145","district":"Бостандык","ecorisk":3.01,"ecorisk_oof":3.02,"high_risk_prob":0.0,"ndvi":0.484,"lst_c":23.4,"reports":1,"landuse":"Парк/сквер"}},{"type":"Feature","geometry":{"type":"Point","coordinates":[76.91122,43.15419]},"properties":{"hex_id":"H00146","district":"Бостандык","ecorisk":4.02,"ecorisk_oof":3.67,"high_risk_prob":0.0,"ndvi":0.476,"lst_c":26.8,"reports":0,"landuse":"Транспорт"}},{"type":"Feature","geometry":{"type":"Point","coordinates":[76.91872,43.15419]},"properties":{"hex_id":"H00147","district":"Бостандык","ecorisk":3.19,"ecorisk_oof":3.13,"high_risk_prob":0.0,"ndvi":0.495,"lst_c":23.1,"reports":3,"landuse":"Парк/сквер"}},{"type":"Feature","geometry":{"type":"Point","coordinates":[76.92621,43.15419]},"properties":{"hex_id":"H00148","district":"Бостандык","ecorisk":4.21,"ecorisk_oof":3.33,"high_risk_prob":0.0,"ndvi":0.48,"lst_c":22.6,"reports":1,"landuse":"Парк/сквер"}},{"type":"Feature","geometry":{"type":"Point","coordinates":[76.93371,43.15419]},"properties":{"hex_id":"H00149","district":"Бостандык","ecorisk":3.42,"ecorisk_oof":3.39,"high_risk_prob":0.0,"ndvi":0.482,"lst_c":20.4,"reports":1,"landuse":"Парк/сквер"}},{"type":"Feature","geometry":{"type":"Point","coordinates":[76.94121,43.15419]},"properties":{"hex_id":"H00150","district":"Бостандык","ecorisk":2.55,"ecorisk_oof":2.53,"high_risk_prob":0.0,"ndvi":0.486,"lst_c":20.4,"reports":1,"landuse":"Парк/сквер"}},{"type":"Feature","geometry":{"type":"Point","coordinates":[76.94871,43.15419]},"properties":{"hex_id":"H00151","district":"Бостандык","ecorisk":3.96,"ecorisk_oof":3.58,"high_risk_prob":0.0,"ndvi":0.469,"lst_c":22.3,"reports":15,"landuse":"Пустырь"}},{"type":"Feature","geometry":{"type":"Point","coordinates":[76.95621,43.15419]},"properties":{"hex_id":"H00152","district":"Медеу","ecorisk":3.24,"ecorisk_oof":3.36,"high_risk_prob":0.0,"ndvi":0.518,"lst_c":22.2,"reports":8,"landuse":"Парк/сквер"}},{"type":"Feature","geometry":{"type":"Point","coordinates":[76.9637,43.15419]},"properties":{"hex_id":"H00153","district":"Медеу","ecorisk":1.75,"ecorisk_oof":2.4,"high_risk_prob":0.0,"ndvi":0.603,"lst_c":18.7,"reports":5,"landuse":"Коммерческая"}},{"type":"Feature","geometry":{"type":"Point","coordinates":[76.9712,43.15419]},"properties":{"hex_id":"H00154","district":"Медеу","ecorisk":2.35,"ecorisk_oof":2.66,"high_risk_prob":0.0,"ndvi":0.491,"lst_c":22.6,"reports":0,"landuse":"Жилая"}},{"type":"Feature","geometry":{"type":"Point","coordinates":[76.9787,43.15419]},"properties":{"hex_id":"H00155","district":"Медеу","ecorisk":2.56,"ecorisk_oof":2.82,"high_risk_prob":0.0,"ndvi":0.596,"lst_c":20.1,"reports":0,"landuse":"Жилая"}},{"type":"Feature","geometry":{"type":"Point","coordinates":[76.9862,43.15419]},"properties":{"hex_id":"H00156","district":"Медеу","ecorisk":4.29,"ecorisk_oof":3.68,"high_risk_prob":0.001,"ndvi":0.537,"lst_c":21.5,"reports":41,"landuse":"Пустырь"}},{"type":"Feature","geometry":{"type":"Point","coordinates":[76.9937,43.15419]},"properties":{"hex_id":"H00157","district":"Медеу","ecorisk":2.53,"ecorisk_oof":2.88,"high_risk_prob":0.0,"ndvi":0.526,"lst_c":22.8,"reports":1,"landuse":"Парк/сквер"}},{"type":"Feature","geometry":{"type":"Point","coordinates":[77.00119,43.15419]},"properties":{"hex_id":"H00158","district":"Медеу","ecorisk":1.77,"ecorisk_oof":2.59,"high_risk_prob":0.0,"ndvi":0.649,"lst_c":20.1,"reports":2,"landuse":"Коммерческая"}},{"type":"Feature","geometry":{"type":"Point","coordinates":[77.00869,43.15419]},"properties":{"hex_id":"H00159","district":"Медеу","ecorisk":2.16,"ecorisk_oof":2.17,"high_risk_prob":0.0,"ndvi":0.599,"lst_c":21.5,"reports":16,"landuse":"Парк/сквер"}},{"type":"Feature","geometry":{"type":"Point","coordinates":[77.01619,43.15419]},"properties":{"hex_id":"H00160","district":"Медеу","ecorisk":2.54,"ecorisk_oof":2.62,"high_risk_prob":0.0,"ndvi":0.576,"lst_c":21.2,"reports":0,"landuse":"Парк/сквер"}},{"type":"Feature","geometry":{"type":"Point","coordinates":[77.02369,43.15419]},"properties":{"hex_id":"H00161","district":"Медеу","ecorisk":3.99,"ecorisk_oof":3.81,"high_risk_prob":0.0,"ndvi":0.54,"lst_c":18.9,"reports":36,"landuse":"Жилая"}},{"type":"Feature","geometry":{"type":"Point","coordinates":[77.03119,43.15419]},"properties":{"hex_id":"H00162","district":"Медеу","ecorisk":1.65,"ecorisk_oof":2.23,"high_risk_prob":0.0,"ndvi":0.599,"lst_c":19.7,"reports":0,"landuse":"Транспорт"}},{"type":"Feature","geometry":{"type":"Point","coordinates":[77.03869,43.15419]},"properties":{"hex_id":"H00163","district":"Медеу","ecorisk":1.76,"ecorisk_oof":1.74,"high_risk_prob":0.0,"ndvi":0.58,"lst_c":22.6,"reports":2,"landuse":"Парк/сквер"}},{"type":"Feature","geometry":{"type":"Point","coordinates":[77.04618,43.15419]},"properties":{"hex_id":"H00164","district":"Медеу","ecorisk":1.59,"ecorisk_oof":1.66,"high_risk_prob":0.0,"ndvi":0.601,"lst_c":19.0,"reports":4,"landuse":"Парк/сквер"}},{"type":"Feature","geometry":{"type":"Point","coordinates":[77.05368,43.15419]},"properties":{"hex_id":"H00165","district":"Медеу","ecorisk":1.2,"ecorisk_oof":1.65,"high_risk_prob":0.0,"ndvi":0.625,"lst_c":19.8,"reports":3,"landuse":"Парк/сквер"}},{"type":"Feature","geometry":{"type":"Point","coordinates":[77.06118,43.15419]},"properties":{"hex_id":"H00166","district":"Медеу","ecorisk":1.32,"ecorisk_oof":2.14,"high_risk_prob":0.0,"ndvi":0.659,"lst_c":18.0,"reports":0,"landuse":"Парк/сквер"}},{"type":"Feature","geometry":{"type":"Point","coordinates":[77.06868,43.15419]},"properties":{"hex_id":"H00167","district":"Медеу","ecorisk":1.47,"ecorisk_oof":1.8,"high_risk_prob":0.0,"ndvi":0.596,"lst_c":18.5,"reports":2,"landuse":"Парк/сквер"}},{"type":"Feature","geometry":{"type":"Point","coordinates":[77.07618,43.15419]},"properties":{"hex_id":"H00168","district":"Медеу","ecorisk":2.02,"ecorisk_oof":1.71,"high_risk_prob":0.0,"ndvi":0.633,"lst_c":18.6,"reports":6,"landuse":"Парк/сквер"}},{"type":"Feature","geometry":{"type":"Point","coordinates":[77.08367,43.15419]},"properties":{"hex_id":"H00169","district":"Медеу","ecorisk":1.66,"ecorisk_oof":2.16,"high_risk_prob":0.0,"ndvi":0.602,"lst_c":18.8,"reports":0,"landuse":"Парк/сквер"}},{"type":"Feature","geometry":{"type":"Point","coordinates":[77.09117,43.15419]},"properties":{"hex_id":"H00170","district":"Медеу","ecorisk":2.11,"ecorisk_oof":2.01,"high_risk_prob":0.0,"ndvi":0.536,"lst_c":19.2,"reports":0,"landuse":"Парк/сквер"}},{"type":"Feature","geometry":{"type":"Point","coordinates":[77.09867,43.15419]},"properties":{"hex_id":"H00171","district":"Медеу","ecorisk":2.9,"ecorisk_oof":3.26,"high_risk_prob":0.0,"ndvi":0.671,"lst_c":20.2,"reports":38,"landuse":"Пустырь"}},{"type":"Feature","geometry":{"type":"Point","coordinates":[76.78,43.15892]},"properties":{"hex_id":"H00172","district":"Алмалы","ecorisk":2.94,"ecorisk_oof":2.99,"high_risk_prob":0.0,"ndvi":0.428,"lst_c":21.3,"reports":3,"landuse":"Парк/сквер"}},{"type":"Feature","geometry":{"type":"Point","coordinates":[76.7875,43.15892]},"properties":{"hex_id":"H00173","district":"Алмалы","ecorisk":2.48,"ecorisk_oof":2.38,"high_risk_prob":0.0,"ndvi":0.511,"lst_c":22.3,"reports":1,"landuse":"Пустырь"}},{"type":"Feature","geometry":{"type":"Point","coordinates":[76.795,43.15892]},"properties":{"hex_id":"H00174","district":"Алмалы","ecorisk":3.59,"ecorisk_oof":3.49,"high_risk_prob":0.0,"ndvi":0.42,"lst_c":23.5,"reports":5,"landuse":"Парк/сквер"}},{"type":"Feature","geometry":{"type":"Point","coordinates":[76.80249,43.15892]},"properties":{"hex_id":"H00175","district":"Алмалы","ecorisk":3.06,"ecorisk_oof":2.98,"high_risk_prob":0.0,"ndvi":0.491,"lst_c":21.5,"reports":0,"landuse":"Парк/сквер"}},{"type":"Feature","geometry":{"type":"Point","coordinates":[76.80999,43.15892]},"properties":{"hex_id":"H00176","district":"Алмалы","ecorisk":3.3,"ecorisk_oof":3.46,"high_risk_prob":0.0,"ndvi":0.404,"lst_c":21.8,"reports":5,"landuse":"Парк/сквер"}},{"type":"Feature","geometry":{"type":"Point","coordinates":[76.81749,43.15892]},"properties":{"hex_id":"H00177","district":"Алмалы","ecorisk":2.91,"ecorisk_oof":3.28,"high_risk_prob":0.001,"ndvi":0.445,"lst_c":21.8,"reports":2,"landuse":"Транспорт"}},{"type":"Feature","geometry":{"type":"Point","coordinates":[76.82499,43.15892]},"properties":{"hex_id":"H00178","district":"Алмалы","ecorisk":3.55,"ecorisk_oof":3.66,"high_risk_prob":0.0,"ndvi":0.389,"lst_c":21.5,"reports":2,"landuse":"Жилая"}},{"type":"Feature","geometry":{"type":"Point","coordinates":[76.83249,43.15892]},"properties":{"hex_id":"H00179","district":"Алмалы","ecorisk":2.65,"ecorisk_oof":2.74,"high_risk_prob":0.0,"ndvi":0.491,"lst_c":21.8,"reports":2,"landuse":"Жилая"}},{"type":"Feature","geometry":{"type":"Point","coordinates":[76.83999,43.15892]},"properties":{"hex_id":"H00180","district":"Алмалы","ecorisk":3.16,"ecorisk_oof":3.51,"high_risk_prob":0.0,"ndvi":0.44,"lst_c":22.6,"reports":1,"landuse":"Транспорт"}},{"type":"Feature","geometry":{"type":"Point","coordinates":[76.84748,43.15892]},"properties":{"hex_id":"H00181","district":"Алмалы","ecorisk":3.2,"ecorisk_oof":3.26,"high_risk_prob":0.0,"ndvi":0.421,"lst_c":23.1,"reports":2,"landuse":"Жилая"}},{"type":"Feature","geometry":{"type":"Point","coordinates":[76.85498,43.15892]},"properties":{"hex_id":"H00182","district":"Алмалы","ecorisk":4.86,"ecorisk_oof":4.98,"high_risk_prob":0.0,"ndvi":0.398,"lst_c":23.9,"reports":10,"landuse":"Коммерческая"}},{"type":"Feature","geometry":{"type":"Point","coordinates":[76.86248,43.15892]},"properties":{"hex_id":"H00183","district":"Алмалы","ecorisk":3.3,"ecorisk_oof":3.38,"high_risk_prob":0.0,"ndvi":0.403,"lst_c":22.6,"reports":3,"landuse":"Транспорт"}},{"type":"Feature","geometry":{"type":"Point","coordinates":[76.86998,43.15892]},"properties":{"hex_id":"H00184","district":"Алмалы","ecorisk":3.84,"ecorisk_oof":3.92,"high_risk_prob":0.0,"ndvi":0.452,"lst_c":25.4,"reports":5,"landuse":"Парк/сквер"}},{"type":"Feature","geometry":{"type":"Point","coordinates":[76.87748,43.15892]},"properties":{"hex_id":"H00185","district":"Бостандык","ecorisk":4.26,"ecorisk_oof":3.99,"high_risk_prob":0.001,"ndvi":0.435,"lst_c":24.4,"reports":5,"landuse":"Парк/сквер"}},{"type":"Feature","geometry":{"type":"Point","coordinates":[76.88497,43.15892]},"properties":{"hex_id":"H00186","district":"Бостандык","ecorisk":3.8,"ecorisk_oof":3.55,"high_risk_prob":0.0,"ndvi":0.506,"lst_c":23.4,"reports":2,"landuse":"Парк/сквер"}},{"type":"Feature","geometry":{"type":"Point","coordinates":[76.89247,43.15892]},"properties":{"hex_id":"H00187","district":"Бостандык","ecorisk":4.53,"ecorisk_oof":4.63,"high_risk_prob":0.0,"ndvi":0.473,"lst_c":24.5,"reports":24,"landuse":"Промышленная"}},{"type":"Feature","geometry":{"type":"Point","coordinates":[76.89997,43.15892]},"properties":{"hex_id":"H00188","district":"Бостандык","ecorisk":3.41,"ecorisk_oof":3.81,"high_risk_prob":0.0,"ndvi":0.488,"lst_c":24.5,"reports":0,"landuse":"Жилая"}},{"type":"Feature","geometry":{"type":"Point","coordinates":[76.90747,43.15892]},"properties":{"hex_id":"H00189","district":"Бостандык","ecorisk":3.77,"ecorisk_oof":3.16,"high_risk_prob":0.0,"ndvi":0.426,"lst_c":24.8,"reports":4,"landuse":"Транспорт"}},{"type":"Feature","geometry":{"type":"Point","coordinates":[76.91497,43.15892]},"properties":{"hex_id":"H00190","district":"Бостандык","ecorisk":3.9,"ecorisk_oof":4.13,"high_risk_prob":0.003,"ndvi":0.527,"lst_c":25.4,"reports":61,"landuse":"Парк/сквер"}},{"type":"Feature","geometry":{"type":"Point","coordinates":[76.92246,43.15892]},"properties":{"hex_id":"H00191","district":"Бостандык","ecorisk":4.05,"ecorisk_oof":4.2,"high_risk_prob":0.0,"ndvi":0.497,"lst_c":22.8,"reports":2,"landuse":"Жилая"}},{"type":"Feature","geometry":{"type":"Point","coordinates":[76.92996,43.15892]},"properties":{"hex_id":"H00192","district":"Бостандык","ecorisk":3.86,"ecorisk_oof":4.0,"high_risk_prob":0.0,"ndvi":0.494,"lst_c":23.7,"reports":1,"landuse":"Парк/сквер"}},{"type":"Feature","geometry":{"type":"Point","coordinates":[76.93746,43.15892]},"properties":{"hex_id":"H00193","district":"Бостандык","ecorisk":3.88,"ecorisk_oof":4.06,"high_risk_prob":0.0,"ndvi":0.464,"lst_c":24.2,"reports":3,"landuse":"Жилая"}},{"type":"Feature","geometry":{"type":"Point","coordinates":[76.94496,43.15892]},"properties":{"hex_id":"H00194","district":"Бостандык","ecorisk":4.79,"ecorisk_oof":4.85,"high_risk_prob":0.001,"ndvi":0.404,"lst_c":22.9,"reports":69,"landuse":"Жилая"}},{"type":"Feature","geometry":{"type":"Point","coordinates":[76.95246,43.15892]},"properties":{"hex_id":"H00195","district":"Бостандык","ecorisk":2.53,"ecorisk_oof":2.87,"high_risk_prob":0.0,"ndvi":0.555,"lst_c":23.4,"reports":0,"landuse":"Парк/сквер"}},{"type":"Feature","geometry":{"type":"Point","coordinates":[76.95996,43.15892]},"properties":{"hex_id":"H00196","district":"Медеу","ecorisk":2.5,"ecorisk_oof":2.67,"high_risk_prob":0.0,"ndvi":0.512,"lst_c":23.9,"reports":1,"landuse":"Парк/сквер"}},{"type":"Feature","geometry":{"type":"Point","coordinates":[76.96745,43.15892]},"properties":{"hex_id":"H00197","district":"Медеу","ecorisk":1.9,"ecorisk_oof":2.31,"high_risk_prob":0.0,"ndvi":0.597,"lst_c":21.4,"reports":0,"landuse":"Парк/сквер"}},{"type":"Feature","geometry":{"type":"Point","coordinates":[76.97495,43.15892]},"properties":{"hex_id":"H00198","district":"Медеу","ecorisk":2.21,"ecorisk_oof":2.39,"high_risk_prob":0.0,"ndvi":0.502,"lst_c":22.8,"reports":2,"landuse":"Жилая"}},{"type":"Feature","geometry":{"type":"Point","coordinates":[76.98245,43.15892]},"properties":{"hex_id":"H00199","district":"Медеу","ecorisk":3.09,"ecorisk_oof":3.04,"high_risk_prob":0.0,"ndvi":0.496,"lst_c":21.3,"reports":5,"landuse":"Жилая"}},{"type":"Feature","geometry":{"type":"Point","coordinates":[76.98995,43.15892]},"properties":{"hex_id":"H00200","district":"Медеу","ecorisk":2.56,"ecorisk_oof":2.53,"high_risk_prob":0.0,"ndvi":0.6,"lst_c":21.8,"reports":0,"landuse":"Парк/сквер"}},{"type":"Feature","geometry":{"type":"Point","coordinates":[76.99745,43.15892]},"properties":{"hex_id":"H00201","district":"Медеу","ecorisk":2.2,"ecorisk_oof":2.15,"high_risk_prob":0.0,"ndvi":0.529,"lst_c":20.4,"reports":3,"landuse":"Парк/сквер"}},{"type":"Feature","geometry":{"type":"Point","coordinates":[77.00494,43.15892]},"properties":{"hex_id":"H00202","district":"Медеу","ecorisk":1.79,"ecorisk_oof":1.93,"high_risk_prob":0.0,"ndvi":0.554,"lst_c":20.0,"reports":6,"landuse":"Коммерческая"}},{"type":"Feature","geometry":{"type":"Point","coordinates":[77.01244,43.15892]},"properties":{"hex_id":"H00203","district":"Медеу","ecorisk":2.95,"ecorisk_oof":3.06,"high_risk_prob":0.0,"ndvi":0.517,"lst_c":20.5,"reports":2,"landuse":"Парк/сквер"}},{"type":"Feature","geometry":{"type":"Point","coordinates":[77.01994,43.15892]},"properties":{"hex_id":"H00204","district":"Медеу","ecorisk":2.06,"ecorisk_oof":2.04,"high_risk_prob":0.0,"ndvi":0.605,"lst_c":18.6,"reports":2,"landuse":"Парк/сквер"}},{"type":"Feature","geometry":{"type":"Point","coordinates":[77.02744,43.15892]},"properties":{"hex_id":"H00205","district":"Медеу","ecorisk":2.57,"ecorisk_oof":2.22,"high_risk_prob":0.0,"ndvi":0.531,"lst_c":21.3,"reports":1,"landuse":"Промышленная"}},{"type":"Feature","geometry":{"type":"Point","coordinates":[77.03494,43.15892]},"properties":{"hex_id":"H00206","district":"Медеу","ecorisk":1.87,"ecorisk_oof":2.36,"high_risk_prob":0.0,"ndvi":0.582,"lst_c":19.5,"reports":2,"landuse":"Парк/сквер"}},{"type":"Feature","geometry":{"type":"Point","coordinates":[77.04243,43.15892]},"properties":{"hex_id":"H00207","district":"Медеу","ecorisk":1.75,"ecorisk_oof":1.87,"high_risk_prob":0.0,"ndvi":0.57,"lst_c":21.2,"reports":2,"landuse":"Транспорт"}},{"type":"Feature","geometry":{"type":"Point","coordinates":[77.04993,43.15892]},"properties":{"hex_id":"H00208","district":"Медеу","ecorisk":1.64,"ecorisk_oof":2.11,"high_risk_prob":0.0,"ndvi":0.56,"lst_c":21.0,"reports":2,"landuse":"Коммерческая"}},{"type":"Feature","geometry":{"type":"Point","coordinates":[77.05743,43.15892]},"properties":{"hex_id":"H00209","district":"Медеу","ecorisk":2.15,"ecorisk_oof":1.94,"high_risk_prob":0.0,"ndvi":0.527,"lst_c":18.5,"reports":2,"landuse":"Парк/сквер"}},{"type":"Feature","geometry":{"type":"Point","coordinates":[77.06493,43.15892]},"properties":{"hex_id":"H00210","district":"Медеу","ecorisk":2.27,"ecorisk_oof":2.17,"high_risk_prob":0.0,"ndvi":0.57,"lst_c":19.5,"reports":4,"landuse":"Транспорт"}},{"type":"Feature","geometry":{"type":"Point","coordinates":[77.07243,43.15892]},"properties":{"hex_id":"H00211","district":"Медеу","ecorisk":1.6,"ecorisk_oof":2.19,"high_risk_prob":0.0,"ndvi":0.602,"lst_c":19.1,"reports":0,"landuse":"Парк/сквер"}},{"type":"Feature","geometry":{"type":"Point","coordinates":[77.07993,43.15892]},"properties":{"hex_id":"H00212","district":"Медеу","ecorisk":2.61,"ecorisk_oof":2.98,"high_risk_prob":0.0,"ndvi":0.584,"lst_c":20.6,"reports":2,"landuse":"Промышленная"}},{"type":"Feature","geometry":{"type":"Point","coordinates":[77.08742,43.15892]},"properties":{"hex_id":"H00213","district":"Медеу","ecorisk":1.54,"ecorisk_oof":2.16,"high_risk_prob":0.0,"ndvi":0.675,"lst_c":19.6,"reports":0,"landuse":"Транспорт"}},{"type":"Feature","geometry":{"type":"Point","coordinates":[77.09492,43.15892]},"properties":{"hex_id":"H00214","district":"Медеу","ecorisk":1.86,"ecorisk_oof":1.75,"high_risk_prob":0.0,"ndvi":0.601,"lst_c":20.2,"reports":4,"landuse":"Парк/сквер"}},{"type":"Feature","geometry":{"type":"Point","coordinates":[76.78375,43.16365]},"properties":{"hex_id":"H00215","district":"Алмалы","ecorisk":3.58,"ecorisk_oof":3.6,"high_risk_prob":0.0,"ndvi":0.441,"lst_c":19.8,"reports":1,"landuse":"Жилая"}},{"type":"Feature","geometry":{"type":"Point","coordinates":[76.79125,43.16365]},"properties":{"hex_id":"H00216","district":"Алмалы","ecorisk":2.97,"ecorisk_oof":2.87,"high_risk_prob":0.0,"ndvi":0.474,"lst_c":21.1,"reports":0,"landuse":"Пустырь"}},{"type":"Feature","geometry":{"type":"Point","coordinates":[76.79875,43.16365]},"properties":{"hex_id":"H00217","district":"Алмалы","ecorisk":2.91,"ecorisk_oof":2.66,"high_risk_prob":0.0,"ndvi":0.472,"lst_c":21.0,"reports":2,"landuse":"Парк/сквер"}},{"type":"Feature","geometry":{"type":"Point","coordinates":[76.80624,43.16365]},"properties":{"hex_id":"H00218","district":"Алмалы","ecorisk":2.98,"ecorisk_oof":3.16,"high_risk_prob":0.001,"ndvi":0.417,"lst_c":23.6,"reports":2,"landuse":"Транспорт"}},{"type":"Feature","geometry":{"type":"Point","coordinates":[76.81374,43.16365]},"properties":{"hex_id":"H00219","district":"Алмалы","ecorisk":3.82,"ecorisk_oof":3.63,"high_risk_prob":0.001,"ndvi":0.505,"lst_c":21.2,"reports":16,"landuse":"Транспорт"}},{"type":"Feature","geometry":{"type":"Point","coordinates":[76.82124,43.16365]},"properties":{"hex_id":"H00220","district":"Алмалы","ecorisk":3.5,"ecorisk_oof":3.83,"high_risk_prob":0.001,"ndvi":0.429,"lst_c":23.1,"reports":2,"landuse":"Коммерческая"}},{"type":"Feature","geometry":{"type":"Point","coordinates":[76.82874,43.16365]},"properties":{"hex_id":"H00221","district":"Алмалы","ecorisk":3.96,"ecorisk_oof":3.78,"high_risk_prob":0.001,"ndvi":0.471,"lst_c":20.6,"reports":25,"landuse":"Пустырь"}},{"type":"Feature","geometry":{"type":"Point","coordinates":[76.83624,43.16365]},"properties":{"hex_id":"H00222","district":"Алмалы","ecorisk":4.43,"ecorisk_oof":4.48,"high_risk_prob":0.001,"ndvi":0.406,"lst_c":23.9,"reports":5,"landuse":"Парк/сквер"}},{"type":"Feature","geometry":{"type":"Point","coordinates":[76.84373,43.16365]},"properties":{"hex_id":"H00223","district":"Алмалы","ecorisk":3.39,"ecorisk_oof":3.57,"high_risk_prob":0.0,"ndvi":0.407,"lst_c":24.9,"reports":2,"landuse":"Парк/сквер"}},{"type":"Feature","geometry":{"type":"Point","coordinates":[76.85123,43.16365]},"properties":{"hex_id":"H00224","district":"Алмалы","ecorisk":3.94,"ecorisk_oof":3.47,"high_risk_prob":0.002,"ndvi":0.504,"lst_c":22.8,"reports":2,"landuse":"Парк/сквер"}},{"type":"Feature","geometry":{"type":"Point","coordinates":[76.85873,43.16365]},"properties":{"hex_id":"H00225","district":"Алмалы","ecorisk":4.52,"ecorisk_oof":4.38,"high_risk_prob":0.0,"ndvi":0.402,"lst_c":23.7,"reports":2,"landuse":"Парк/сквер"}},{"type":"Feature","geometry":{"type":"Point","coordinates":[76.86623,43.16365]},"properties":{"hex_id":"H00226","district":"Алмалы","ecorisk":4.45,"ecorisk_oof":4.4,"high_risk_prob":0.001,"ndvi":0.519,"lst_c":24.8,"reports":37,"landuse":"Пустырь"}},{"type":"Feature","geometry":{"type":"Point","coordinates":[76.87373,43.16365]},"properties":{"hex_id":"H00227","district":"Алмалы","ecorisk":2.98,"ecorisk_oof":2.98,"high_risk_prob":0.0,"ndvi":0.451,"lst_c":23.2,"reports":3,"landuse":"Парк/сквер"}},{"type":"Feature","geometry":{"type":"Point","coordinates":[76.88122,43.16365]},"properties":{"hex_id":"H00228","district":"Бостандык","ecorisk":3.89,"ecorisk_oof":3.52,"high_risk_prob":0.0,"ndvi":0.49,"lst_c":22.4,"reports":1,"landuse":"Жилая"}},{"type":"Feature","geometry":{"type":"Point","coordinates":[76.88872,43.16365]},"properties":{"hex_id":"H00229","district":"Бостандык","ecorisk":3.99,"ecorisk_oof":4.04,"high_risk_prob":0.0,"ndvi":0.407,"lst_c":22.3,"reports":1,"landuse":"Жилая"}},{"type":"Feature","geometry":{"type":"Point","coordinates":[76.89622,43.16365]},"properties":{"hex_id":"H00230","district":"Бостандык","ecorisk":3.65,"ecorisk_oof":3.76,"high_risk_prob":0.0,"ndvi":0.392,"lst_c":24.6,"reports":4,"landuse":"Парк/сквер"}},{"type":"Feature","geometry":{"type":"Point","coordinates":[76.90372,43.16365]},"properties":{"hex_id":"H00231","district":"Бостандык","ecorisk":4.44,"ecorisk_oof":3.78,"high_risk_prob":0.0,"ndvi":0.454,"lst_c":22.9,"reports":1,"landuse":"Жилая"}},{"type":"Feature","geometry":{"type":"Point","coordinates":[76.91122,43.16365]},"properties":{"hex_id":"H00232","district":"Бостандык","ecorisk":4.12,"ecorisk_oof":3.9,"high_risk_prob":0.001,"ndvi":0.487,"lst_c":24.8,"reports":2,"landuse":"Парк/сквер"}},{"type":"Feature","geometry":{"type":"Point","coordinates":[76.91872,43.16365]},"properties":{"hex_id":"H00233","district":"Бостандык","ecorisk":4.0,"ecorisk_oof":3.91,"high_risk_prob":0.0,"ndvi":0.439,"lst_c":24.7,"reports":1,"landuse":"Парк/сквер"}},{"type":"Feature","geometry":{"type":"Point","coordinates":[76.92621,43.16365]},"properties":{"hex_id":"H00234","district":"Бостандык","ecorisk":5.08,"ecorisk_oof":5.11,"high_risk_prob":0.002,"ndvi":0.44,"lst_c":25.1,"reports":63,"landuse":"Промышленная"}},{"type":"Feature","geometry":{"type":"Point","coordinates":[76.93371,43.16365]},"properties":{"hex_id":"H00235","district":"Бостандык","ecorisk":3.52,"ecorisk_oof":4.18,"high_risk_prob":0.0,"ndvi":0.47,"lst_c":23.2,"reports":4,"landuse":"Транспорт"}},{"type":"Feature","geometry":{"type":"Point","coordinates":[76.94121,43.16365]},"properties":{"hex_id":"H00236","district":"Бостандык","ecorisk":4.05,"ecorisk_oof":4.19,"high_risk_prob":0.0,"ndvi":0.471,"lst_c":22.3,"reports":15,"landuse":"Жилая"}},{"type":"Feature","geometry":{"type":"Point","coordinates":[76.94871,43.16365]},"properties":{"hex_id":"H00237","district":"Бостандык","ecorisk":4.31,"ecorisk_oof":4.35,"high_risk_prob":0.001,"ndvi":0.492,"lst_c":26.1,"reports":19,"landuse":"Парк/сквер"}},{"type":"Feature","geometry":{"type":"Point","coordinates":[76.95621,43.16365]},"properties":{"hex_id":"H00238","district":"Медеу","ecorisk":3.68,"ecorisk_oof":3.96,"high_risk_prob":0.0,"ndvi":0.471,"lst_c":22.5,"reports":2,"landuse":"Парк/сквер"}},{"type":"Feature","geometry":{"type":"Point","coordinates":[76.9637,43.16365]},"properties":{"hex_id":"H00239","district":"Медеу","ecorisk":3.52,"ecorisk_oof":3.44,"high_risk_prob":0.001,"ndvi":0.599,"lst_c":21.1,"reports":36,"landuse":"Жилая"}},{"type":"Feature","geometry":{"type":"Point","coordinates":[76.9712,43.16365]},"properties":{"hex_id":"H00240","district":"Медеу","ecorisk":3.07,"ecorisk_oof":2.52,"high_risk_prob":0.0,"ndvi":0.479,"lst_c":21.0,"reports":3,"landuse":"Парк/сквер"}},{"type":"Feature","geometry":{"type":"Point","coordinates":[76.9787,43.16365]},"properties":{"hex_id":"H00241","district":"Медеу","ecorisk":2.0,"ecorisk_oof":2.79,"high_risk_prob":0.0,"ndvi":0.509,"lst_c":23.4,"reports":1,"landuse":"Парк/сквер"}},{"type":"Feature","geometry":{"type":"Point","coordinates":[76.9862,43.16365]},"properties":{"hex_id":"H00242","district":"Медеу","ecorisk":3.55,"ecorisk_oof":2.93,"high_risk_prob":0.0,"ndvi":0.529,"lst_c":23.9,"reports":1,"landuse":"Жилая"}},{"type":"Feature","geometry":{"type":"Point","coordinates":[76.9937,43.16365]},"properties":{"hex_id":"H00243","district":"Медеу","ecorisk":2.9,"ecorisk_oof":2.69,"high_risk_prob":0.0,"ndvi":0.535,"lst_c":19.2,"reports":2,"landuse":"Парк/сквер"}},{"type":"Feature","geometry":{"type":"Point","coordinates":[77.00119,43.16365]},"properties":{"hex_id":"H00244","district":"Медеу","ecorisk":3.55,"ecorisk_oof":3.42,"high_risk_prob":0.0,"ndvi":0.478,"lst_c":22.5,"reports":6,"landuse":"Жилая"}},{"type":"Feature","geometry":{"type":"Point","coordinates":[77.00869,43.16365]},"properties":{"hex_id":"H00245","district":"Медеу","ecorisk":2.2,"ecorisk_oof":2.51,"high_risk_prob":0.0,"ndvi":0.537,"lst_c":22.4,"reports":2,"landuse":"Коммерческая"}},{"type":"Feature","geometry":{"type":"Point","coordinates":[77.01619,43.16365]},"properties":{"hex_id":"H00246","district":"Медеу","ecorisk":2.82,"ecorisk_oof":2.59,"high_risk_prob":0.0,"ndvi":0.52,"lst_c":20.2,"reports":2,"landuse":"Жилая"}},{"type":"Feature","geometry":{"type":"Point","coordinates":[77.02369,43.16365]},"properties":{"hex_id":"H00247","district":"Медеу","ecorisk":3.76,"ecorisk_oof":3.46,"high_risk_prob":0.0,"ndvi":0.537,"lst_c":24.5,"reports":45,"landuse":"Пустырь"}},{"type":"Feature","geometry":{"type":"Point","coordinates":[77.03119,43.16365]},"properties":{"hex_id":"H00248","district":"Медеу","ecorisk":2.16,"ecorisk_oof":2.13,"high_risk_prob":0.0,"ndvi":0.554,"lst_c":18.9,"reports":0,"landuse":"Коммерческая"}},{"type":"Feature","geometry":{"type":"Point","coordinates":[77.03869,43.16365]},"properties":{"hex_id":"H00249","district":"Медеу","ecorisk":2.17,"ecorisk_oof":2.23,"high_risk_prob":0.0,"ndvi":0.577,"lst_c":21.1,"reports":6,"landuse":"Парк/сквер"}},{"type":"Feature","geometry":{"type":"Point","coordinates":[77.04618,43.16365]},"properties":{"hex_id":"H00250","district":"Медеу","ecorisk":1.58,"ecorisk_oof":1.99,"high_risk_prob":0.0,"ndvi":0.576,"lst_c":18.0,"reports":3,"landuse":"Парк/сквер"}},{"type":"Feature","geometry":{"type":"Point","coordinates":[77.05368,43.16365]},"properties":{"hex_id":"H00251","district":"Медеу","ecorisk":1.28,"ecorisk_oof":1.9,"high_risk_prob":0.0,"ndvi":0.639,"lst_c":18.7,"reports":3,"landuse":"Парк/сквер"}},{"type":"Feature","geometry":{"type":"Point","coordinates":[77.06118,43.16365]},"properties":{"hex_id":"H00252","district":"Медеу","ecorisk":2.93,"ecorisk_oof":3.42,"high_risk_prob":0.0,"ndvi":0.633,"lst_c":21.7,"reports":30,"landuse":"Пустырь"}},{"type":"Feature","geometry":{"type":"Point","coordinates":[77.06868,43.16365]},"properties":{"hex_id":"H00253","district":"Медеу","ecorisk":1.58,"ecorisk_oof":1.89,"high_risk_prob":0.0,"ndvi":0.562,"lst_c":21.8,"reports":3,"landuse":"Жилая"}},{"type":"Feature","geometry":{"type":"Point","coordinates":[77.07618,43.16365]},"properties":{"hex_id":"H00254","district":"Медеу","ecorisk":1.68,"ecorisk_oof":1.74,"high_risk_prob":0.0,"ndvi":0.555,"lst_c":18.9,"reports":3,"landuse":"Парк/сквер"}},{"type":"Feature","geometry":{"type":"Point","coordinates":[77.08367,43.16365]},"properties":{"hex_id":"H00255","district":"Медеу","ecorisk":1.44,"ecorisk_oof":2.05,"high_risk_prob":0.0,"ndvi":0.662,"lst_c":19.7,"reports":3,"landuse":"Парк/сквер"}},{"type":"Feature","geometry":{"type":"Point","coordinates":[77.09117,43.16365]},"properties":{"hex_id":"H00256","district":"Медеу","ecorisk":1.6,"ecorisk_oof":2.22,"high_risk_prob":0.0,"ndvi":0.594,"lst_c":20.1,"reports":0,"landuse":"Парк/сквер"}},{"type":"Feature","geometry":{"type":"Point","coordinates":[77.09867,43.16365]},"properties":{"hex_id":"H00257","district":"Медеу","ecorisk":1.79,"ecorisk_oof":1.94,"high_risk_prob":0.0,"ndvi":0.573,"lst_c":19.9,"reports":3,"landuse":"Коммерческая"}},{"type":"Feature","geometry":{"type":"Point","coordinates":[76.78,43.16838]},"properties":{"hex_id":"H00258","district":"Алмалы","ecorisk":2.93,"ecorisk_oof":2.59,"high_risk_prob":0.0,"ndvi":0.523,"lst_c":20.4,"reports":1,"landuse":"Парк/сквер"}},{"type":"Feature","geometry":{"type":"Point","coordinates":[76.7875,43.16838]},"properties":{"hex_id":"H00259","district":"Алмалы","ecorisk":3.47,"ecorisk_oof":2.92,"high_risk_prob":0.0,"ndvi":0.469,"lst_c":22.8,"reports":5,"landuse":"Жилая"}},{"type":"Feature","geometry":{"type":"Point","coordinates":[76.795,43.16838]},"properties":{"hex_id":"H00260","district":"Алмалы","ecorisk":3.72,"ecorisk_oof":3.99,"high_risk_prob":0.0,"ndvi":0.428,"lst_c":24.3,"reports":16,"landuse":"Парк/сквер"}},{"type":"Feature","geometry":{"type":"Point","coordinates":[76.80249,43.16838]},"properties":{"hex_id":"H00261","district":"Алмалы","ecorisk":3.34,"ecorisk_oof":3.56,"high_risk_prob":0.0,"ndvi":0.366,"lst_c":21.7,"reports":1,"landuse":"Парк/сквер"}},{"type":"Feature","geometry":{"type":"Point","coordinates":[76.80999,43.16838]},"properties":{"hex_id":"H00262","district":"Алмалы","ecorisk":2.75,"ecorisk_oof":3.46,"high_risk_prob":0.0,"ndvi":0.45,"lst_c":23.2,"reports":2,"landuse":"Парк/сквер"}},{"type":"Feature","geometry":{"type":"Point","coordinates":[76.81749,43.16838]},"properties":{"hex_id":"H00263","district":"Алмалы","ecorisk":3.6,"ecorisk_oof":3.7,"high_risk_prob":0.0,"ndvi":0.351,"lst_c":21.0,"reports":1,"landuse":"Транспорт"}},{"type":"Feature","geometry":{"type":"Point","coordinates":[76.82499,43.16838]},"properties":{"hex_id":"H00264","district":"Алмалы","ecorisk":3.22,"ecorisk_oof":2.92,"high_risk_prob":0.0,"ndvi":0.409,"lst_c":20.4,"reports":1,"landuse":"Жилая"}},{"type":"Feature","geometry":{"type":"Point","coordinates":[76.83249,43.16838]},"properties":{"hex_id":"H00265","district":"Алмалы","ecorisk":4.18,"ecorisk_oof":4.3,"high_risk_prob":0.0,"ndvi":0.426,"lst_c":24.8,"reports":5,"landuse":"Жилая"}},{"type":"Feature","geometry":{"type":"Point","coordinates":[76.83999,43.16838]},"properties":{"hex_id":"H00266","district":"Алмалы","ecorisk":3.81,"ecorisk_oof":3.54,"high_risk_prob":0.0,"ndvi":0.449,"lst_c":22.2,"reports":0,"landuse":"Парк/сквер"}},{"type":"Feature","geometry":{"type":"Point","coordinates":[76.84748,43.16838]},"properties":{"hex_id":"H00267","district":"Алмалы","ecorisk":3.63,"ecorisk_oof":3.51,"high_risk_prob":0.0,"ndvi":0.425,"lst_c":23.9,"reports":2,"landuse":"Коммерческая"}},{"type":"Feature","geometry":{"type":"Point","coordinates":[76.85498,43.16838]},"properties":{"hex_id":"H00268","district":"Алмалы","ecorisk":4.04,"ecorisk_oof":4.26,"high_risk_prob":0.0,"ndvi":0.386,"lst_c":24.5,"reports":2,"landuse":"Промышленная"}},{"type":"Feature","geometry":{"type":"Point","coordinates":[76.86248,43.16838]},"properties":{"hex_id":"H00269","district":"Алмалы","ecorisk":5.11,"ecorisk_oof":4.99,"high_risk_prob":0.002,"ndvi":0.441,"lst_c":24.5,"reports":54,"landuse":"Промышленная"}},{"type":"Feature","geometry":{"type":"Point","coordinates":[76.86998,43.16838]},"properties":{"hex_id":"H00270","district":"Алмалы","ecorisk":4.29,"ecorisk_oof":4.39,"high_risk_prob":0.0,"ndvi":0.387,"lst_c":26.6,"reports":14,"landuse":"Парк/сквер"}},{"type":"Feature","geometry":{"type":"Point","coordinates":[76.87748,43.16838]},"properties":{"hex_id":"H00271","district":"Бостандык","ecorisk":4.39,"ecorisk_oof":4.34,"high_risk_prob":0.0,"ndvi":0.41,"lst_c":26.1,"reports":3,"landuse":"Транспорт"}},{"type":"Feature","geometry":{"type":"Point","coordinates":[76.88497,43.16838]},"properties":{"hex_id":"H00272","district":"Бостандык","ecorisk":5.69,"ecorisk_oof":5.56,"high_risk_prob":0.041,"ndvi":0.43,"lst_c":28.0,"reports":59,"landuse":"Промышленная"}},{"type":"Feature","geometry":{"type":"Point","coordinates":[76.89247,43.16838]},"properties":{"hex_id":"H00273","district":"Бостандык","ecorisk":4.91,"ecorisk_oof":4.86,"high_risk_prob":0.001,"ndvi":0.4,"lst_c":26.3,"reports":4,"landuse":"Жилая"}},{"type":"Feature","geometry":{"type":"Point","coordinates":[76.89997,43.16838]},"properties":{"hex_id":"H00274","district":"Бостандык","ecorisk":5.49,"ecorisk_oof":5.22,"high_risk_prob":0.0,"ndvi":0.357,"lst_c":26.8,"reports":7,"landuse":"Транспорт"}},{"type":"Feature","geometry":{"type":"Point","coordinates":[76.90747,43.16838]},"properties":{"hex_id":"H00275","district":"Бостандык","ecorisk":4.58,"ecorisk_oof":4.22,"high_risk_prob":0.0,"ndvi":0.375,"lst_c":23.1,"reports":4,"landuse":"Парк/сквер"}},{"type":"Feature","geometry":{"type":"Point","coordinates":[76.91497,43.16838]},"properties":{"hex_id":"H00276","district":"Бостандык","ecorisk":4.17,"ecorisk_oof":4.01,"high_risk_prob":0.0,"ndvi":0.422,"lst_c":26.2,"reports":2,"landuse":"Парк/сквер"}},{"type":"Feature","geometry":{"type":"Point","coordinates":[76.92246,43.16838]},"properties":{"hex_id":"H00277","district":"Бостандык","ecorisk":4.74,"ecorisk_oof":4.24,"high_risk_prob":0.0,"ndvi":0.373,"lst_c":26.3,"reports":2,"landuse":"Парк/сквер"}},{"type":"Feature","geometry":{"type":"Point","coordinates":[76.92996,43.16838]},"properties":{"hex_id":"H00278","district":"Бостандык","ecorisk":4.63,"ecorisk_oof":4.25,"high_risk_prob":0.0,"ndvi":0.393,"lst_c":25.5,"reports":1,"landuse":"Пустырь"}},{"type":"Feature","geometry":{"type":"Point","coordinates":[76.93746,43.16838]},"properties":{"hex_id":"H00279","district":"Бостандык","ecorisk":3.91,"ecorisk_oof":4.23,"high_risk_prob":0.0,"ndvi":0.473,"lst_c":24.1,"reports":2,"landuse":"Транспорт"}},{"type":"Feature","geometry":{"type":"Point","coordinates":[76.94496,43.16838]},"properties":{"hex_id":"H00280","district":"Бостандык","ecorisk":3.06,"ecorisk_oof":3.07,"high_risk_prob":0.0,"ndvi":0.558,"lst_c":24.0,"reports":2,"landuse":"Коммерческая"}},{"type":"Feature","geometry":{"type":"Point","coordinates":[76.95246,43.16838]},"properties":{"hex_id":"H00281","district":"Бостандык","ecorisk":4.08,"ecorisk_oof":4.1,"high_risk_prob":0.0,"ndvi":0.442,"lst_c":25.0,"reports":2,"landuse":"Жилая"}},{"type":"Feature","geometry":{"type":"Point","coordinates":[76.95996,43.16838]},"properties":{"hex_id":"H00282","district":"Медеу","ecorisk":4.31,"ecorisk_oof":4.62,"high_risk_prob":0.001,"ndvi":0.409,"lst_c":24.0,"reports":47,"landuse":"Жилая"}},{"type":"Feature","geometry":{"type":"Point","coordinates":[76.96745,43.16838]},"properties":{"hex_id":"H00283","district":"Медеу","ecorisk":3.61,"ecorisk_oof":3.45,"high_risk_prob":0.001,"ndvi":0.472,"lst_c":24.6,"reports":2,"landuse":"Транспорт"}},{"type":"Feature","geometry":{"type":"Point","coordinates":[76.97495,43.16838]},"properties":{"hex_id":"H00284","district":"Медеу","ecorisk":3.41,"ecorisk_oof":3.72,"high_risk_prob":0.0,"ndvi":0.505,"lst_c":20.3,"reports":5,"landuse":"Парк/сквер"}},{"type":"Feature","geometry":{"type":"Point","coordinates":[76.98245,43.16838]},"properties":{"hex_id":"H00285","district":"Медеу","ecorisk":3.21,"ecorisk_oof":3.14,"high_risk_prob":0.0,"ndvi":0.494,"lst_c":23.2,"reports":0,"landuse":"Жилая"}},{"type":"Feature","geometry":{"type":"Point","coordinates":[76.98995,43.16838]},"properties":{"hex_id":"H00286","district":"Медеу","ecorisk":2.81,"ecorisk_oof":2.79,"high_risk_prob":0.0,"ndvi":0.528,"lst_c":25.2,"reports":2,"landuse":"Транспорт"}},{"type":"Feature","geometry":{"type":"Point","coordinates":[76.99745,43.16838]},"properties":{"hex_id":"H00287","district":"Медеу","ecorisk":3.04,"ecorisk_oof":2.65,"high_risk_prob":0.0,"ndvi":0.557,"lst_c":21.9,"reports":1,"landuse":"Парк/сквер"}},{"type":"Feature","geometry":{"type":"Point","coordinates":[77.00494,43.16838]},"properties":{"hex_id":"H00288","district":"Медеу","ecorisk":3.15,"ecorisk_oof":3.32,"high_risk_prob":0.0,"ndvi":0.456,"lst_c":20.5,"reports":3,"landuse":"Жилая"}},{"type":"Feature","geometry":{"type":"Point","coordinates":[77.01244,43.16838]},"properties":{"hex_id":"H00289","district":"Медеу","ecorisk":3.09,"ecorisk_oof":3.46,"high_risk_prob":0.0,"ndvi":0.598,"lst_c":19.0,"reports":21,"landuse":"Парк/сквер"}},{"type":"Feature","geometry":{"type":"Point","coordinates":[77.01994,43.16838]},"properties":{"hex_id":"H00290","district":"Медеу","ecorisk":2.65,"ecorisk_oof":2.06,"high_risk_prob":0.0,"ndvi":0.524,"lst_c":21.9,"reports":3,"landuse":"Пустырь"}},{"type":"Feature","geometry":{"type":"Point","coordinates":[77.02744,43.16838]},"properties":{"hex_id":"H00291","district":"Медеу","ecorisk":2.26,"ecorisk_oof":2.33,"high_risk_prob":0.0,"ndvi":0.565,"lst_c":20.2,"reports":3,"landuse":"Парк/сквер"}},{"type":"Feature","geometry":{"type":"Point","coordinates":[77.03494,43.16838]},"properties":{"hex_id":"H00292","district":"Медеу","ecorisk":2.23,"ecorisk_oof":2.05,"high_risk_prob":0.0,"ndvi":0.599,"lst_c":20.7,"reports":0,"landuse":"Коммерческая"}},{"type":"Feature","geometry":{"type":"Point","coordinates":[77.04243,43.16838]},"properties":{"hex_id":"H00293","district":"Медеу","ecorisk":1.91,"ecorisk_oof":1.79,"high_risk_prob":0.0,"ndvi":0.541,"lst_c":20.2,"reports":3,"landuse":"Парк/сквер"}},{"type":"Feature","geometry":{"type":"Point","coordinates":[77.04993,43.16838]},"properties":{"hex_id":"H00294","district":"Медеу","ecorisk":1.84,"ecorisk_oof":2.07,"high_risk_prob":0.0,"ndvi":0.63,"lst_c":19.0,"reports":2,"landuse":"Парк/сквер"}},{"type":"Feature","geometry":{"type":"Point","coordinates":[77.05743,43.16838]},"properties":{"hex_id":"H00295","district":"Медеу","ecorisk":2.07,"ecorisk_oof":1.94,"high_risk_prob":0.0,"ndvi":0.582,"lst_c":20.0,"reports":7,"landuse":"Промышленная"}},{"type":"Feature","geometry":{"type":"Point","coordinates":[77.06493,43.16838]},"properties":{"hex_id":"H00296","district":"Медеу","ecorisk":1.05,"ecorisk_oof":2.02,"high_risk_prob":0.0,"ndvi":0.625,"lst_c":19.6,"reports":1,"landuse":"Парк/сквер"}},{"type":"Feature","geometry":{"type":"Point","coordinates":[77.07243,43.16838]},"properties":{"hex_id":"H00297","district":"Медеу","ecorisk":2.06,"ecorisk_oof":2.31,"high_risk_prob":0.0,"ndvi":0.624,"lst_c":18.3,"reports":6,"landuse":"Парк/сквер"}},{"type":"Feature","geometry":{"type":"Point","coordinates":[77.07993,43.16838]},"properties":{"hex_id":"H00298","district":"Медеу","ecorisk":2.37,"ecorisk_oof":2.51,"high_risk_prob":0.0,"ndvi":0.552,"lst_c":19.2,"reports":1,"landuse":"Коммерческая"}},{"type":"Feature","geometry":{"type":"Point","coordinates":[77.08742,43.16838]},"properties":{"hex_id":"H00299","district":"Медеу","ecorisk":1.46,"ecorisk_oof":2.39,"high_risk_prob":0.0,"ndvi":0.585,"lst_c":18.1,"reports":1,"landuse":"Парк/сквер"}},{"type":"Feature","geometry":{"type":"Point","coordinates":[77.09492,43.16838]},"properties":{"hex_id":"H00300","district":"Медеу","ecorisk":1.62,"ecorisk_oof":2.01,"high_risk_prob":0.0,"ndvi":0.653,"lst_c":20.0,"reports":3,"landuse":"Жилая"}},{"type":"Feature","geometry":{"type":"Point","coordinates":[76.78375,43.17311]},"properties":{"hex_id":"H00301","district":"Алмалы","ecorisk":3.52,"ecorisk_oof":3.57,"high_risk_prob":0.0,"ndvi":0.5,"lst_c":19.7,"reports":5,"landuse":"Промышленная"}},{"type":"Feature","geometry":{"type":"Point","coordinates":[76.79125,43.17311]},"properties":{"hex_id":"H00302","district":"Алмалы","ecorisk":2.33,"ecorisk_oof":2.78,"high_risk_prob":0.0,"ndvi":0.479,"lst_c":20.5,"reports":2,"landuse":"Транспорт"}},{"type":"Feature","geometry":{"type":"Point","coordinates":[76.79875,43.17311]},"properties":{"hex_id":"H00303","district":"Алмалы","ecorisk":2.8,"ecorisk_oof":3.17,"high_risk_prob":0.0,"ndvi":0.452,"lst_c":22.2,"reports":1,"landuse":"Парк/сквер"}},{"type":"Feature","geometry":{"type":"Point","coordinates":[76.80624,43.17311]},"properties":{"hex_id":"H00304","district":"Алмалы","ecorisk":3.41,"ecorisk_oof":3.58,"high_risk_prob":0.0,"ndvi":0.438,"lst_c":23.7,"reports":1,"landuse":"Жилая"}},{"type":"Feature","geometry":{"type":"Point","coordinates":[76.81374,43.17311]},"properties":{"hex_id":"H00305","district":"Алмалы","ecorisk":3.16,"ecorisk_oof":3.29,"high_risk_prob":0.0,"ndvi":0.446,"lst_c":22.7,"reports":0,"landuse":"Парк/сквер"}},{"type":"Feature","geometry":{"type":"Point","coordinates":[76.82124,43.17311]},"properties":{"hex_id":"H00306","district":"Алмалы","ecorisk":4.67,"ecorisk_oof":4.46,"high_risk_prob":0.001,"ndvi":0.405,"lst_c":23.5,"reports":6,"landuse":"Жилая"}},{"type":"Feature","geometry":{"type":"Point","coordinates":[76.82874,43.17311]},"properties":{"hex_id":"H00307","district":"Алмалы","ecorisk":3.92,"ecorisk_oof":3.89,"high_risk_prob":0.0,"ndvi":0.385,"lst_c":25.5,"reports":3,"landuse":"Промышленная"}},{"type":"Feature","geometry":{"type":"Point","coordinates":[76.83624,43.17311]},"properties":{"hex_id":"H00308","district":"Алмалы","ecorisk":4.84,"ecorisk_oof":4.89,"high_risk_prob":0.0,"ndvi":0.388,"lst_c":23.5,"reports":23,"landuse":"Пустырь"}},{"type":"Feature","geometry":{"type":"Point","coordinates":[76.84373,43.17311]},"properties":{"hex_id":"H00309","district":"Алмалы","ecorisk":4.07,"ecorisk_oof":3.8,"high_risk_prob":0.0,"ndvi":0.427,"lst_c":23.2,"reports":1,"landuse":"Жилая"}},{"type":"Feature","geometry":{"type":"Point","coordinates":[76.85123,43.17311]},"properties":{"hex_id":"H00310","district":"Алмалы","ecorisk":4.71,"ecorisk_oof":4.37,"high_risk_prob":0.0,"ndvi":0.449,"lst_c":22.6,"reports":5,"landuse":"Парк/сквер"}},{"type":"Feature","geometry":{"type":"Point","coordinates":[76.85873,43.17311]},"properties":{"hex_id":"H00311","district":"Алмалы","ecorisk":4.77,"ecorisk_oof":4.37,"high_risk_prob":0.0,"ndvi":0.381,"lst_c":26.2,"reports":0,"landuse":"Транспорт"}},{"type":"Feature","geometry":{"type":"Point","coordinates":[76.86623,43.17311]},"properties":{"hex_id":"H00312","district":"Алмалы","ecorisk":4.42,"ecorisk_oof":4.62,"high_risk_prob":0.001,"ndvi":0.35,"lst_c":24.8,"reports":32,"landuse":"Пустырь"}},{"type":"Feature","geometry":{"type":"Point","coordinates":[76.87373,43.17311]},"properties":{"hex_id":"H00313","district":"Алмалы","ecorisk":4.34,"ecorisk_oof":4.44,"high_risk_prob":0.0,"ndvi":0.387,"lst_c":27.0,"reports":5,"landuse":"Жилая"}},{"type":"Feature","geometry":{"type":"Point","coordinates":[76.88122,43.17311]},"properties":{"hex_id":"H00314","district":"Бостандык","ecorisk":4.89,"ecorisk_oof":4.51,"high_risk_prob":0.001,"ndvi":0.42,"lst_c":25.5,"reports":5,"landuse":"Жилая"}},{"type":"Feature","geometry":{"type":"Point","coordinates":[76.88872,43.17311]},"properties":{"hex_id":"H00315","district":"Бостандык","ecorisk":5.05,"ecorisk_oof":4.54,"high_risk_prob":0.0,"ndvi":0.411,"lst_c":25.6,"reports":2,"landuse":"Промышленная"}},{"type":"Feature","geometry":{"type":"Point","coordinates":[76.89622,43.17311]},"properties":{"hex_id":"H00316","district":"Бостандык","ecorisk":5.31,"ecorisk_oof":4.69,"high_risk_prob":0.0,"ndvi":0.415,"lst_c":22.7,"reports":11,"landuse":"Жилая"}},{"type":"Feature","geometry":{"type":"Point","coordinates":[76.90372,43.17311]},"properties":{"hex_id":"H00317","district":"Бостандык","ecorisk":4.71,"ecorisk_oof":4.62,"high_risk_prob":0.007,"ndvi":0.398,"lst_c":25.7,"reports":87,"landuse":"Пустырь"}},{"type":"Feature","geometry":{"type":"Point","coordinates":[76.91122,43.17311]},"properties":{"hex_id":"H00318","district":"Бостандык","ecorisk":5.2,"ecorisk_oof":4.77,"high_risk_prob":0.0,"ndvi":0.435,"lst_c":25.8,"reports":3,"landuse":"Парк/сквер"}},{"type":"Feature","geometry":{"type":"Point","coordinates":[76.91872,43.17311]},"properties":{"hex_id":"H00319","district":"Бостандык","ecorisk":4.52,"ecorisk_oof":4.32,"high_risk_prob":0.0,"ndvi":0.379,"lst_c":26.1,"reports":1,"landuse":"Транспорт"}},{"type":"Feature","geometry":{"type":"Point","coordinates":[76.92621,43.17311]},"properties":{"hex_id":"H00320","district":"Бостандык","ecorisk":5.71,"ecorisk_oof":5.34,"high_risk_prob":0.015,"ndvi":0.375,"lst_c":25.7,"reports":51,"landuse":"Коммерческая"}},{"type":"Feature","geometry":{"type":"Point","coordinates":[76.93371,43.17311]},"properties":{"hex_id":"H00321","district":"Бостандык","ecorisk":5.7,"ecorisk_oof":5.37,"high_risk_prob":0.003,"ndvi":0.366,"lst_c":25.2,"reports":27,"landuse":"Парк/сквер"}},{"type":"Feature","geometry":{"type":"Point","coordinates":[76.94121,43.17311]},"properties":{"hex_id":"H00322","district":"Бостандык","ecorisk":4.65,"ecorisk_oof":4.72,"high_risk_prob":0.0,"ndvi":0.446,"lst_c":25.8,"reports":22,"landuse":"Транспорт"}},{"type":"Feature","geometry":{"type":"Point","coordinates":[76.94871,43.17311]},"properties":{"hex_id":"H00323","district":"Бостандык","ecorisk":4.49,"ecorisk_oof":4.47,"high_risk_prob":0.001,"ndvi":0.485,"lst_c":22.9,"reports":76,"landuse":"Жилая"}},{"type":"Feature","geometry":{"type":"Point","coordinates":[76.95621,43.17311]},"properties":{"hex_id":"H00324","district":"Медеу","ecorisk":4.03,"ecorisk_oof":4.36,"high_risk_prob":0.001,"ndvi":0.422,"lst_c":24.5,"reports":3,"landuse":"Жилая"}},{"type":"Feature","geometry":{"type":"Point","coordinates":[76.9637,43.17311]},"properties":{"hex_id":"H00325","district":"Медеу","ecorisk":3.74,"ecorisk_oof":3.72,"high_risk_prob":0.0,"ndvi":0.495,"lst_c":23.0,"reports":2,"landuse":"Транспорт"}},{"type":"Feature","geometry":{"type":"Point","coordinates":[76.9712,43.17311]},"properties":{"hex_id":"H00326","district":"Медеу","ecorisk":2.7,"ecorisk_oof":3.56,"high_risk_prob":0.0,"ndvi":0.568,"lst_c":20.6,"reports":5,"landuse":"Парк/сквер"}},{"type":"Feature","geometry":{"type":"Point","coordinates":[76.9787,43.17311]},"properties":{"hex_id":"H00327","district":"Медеу","ecorisk":3.17,"ecorisk_oof":2.94,"high_risk_prob":0.0,"ndvi":0.518,"lst_c":22.8,"reports":4,"landuse":"Парк/сквер"}},{"type":"Feature","geometry":{"type":"Point","coordinates":[76.9862,43.17311]},"properties":{"hex_id":"H00328","district":"Медеу","ecorisk":3.96,"ecorisk_oof":3.64,"high_risk_prob":0.0,"ndvi":0.521,"lst_c":23.9,"reports":35,"landuse":"Жилая"}},{"type":"Feature","geometry":{"type":"Point","coordinates":[76.9937,43.17311]},"properties":{"hex_id":"H00329","district":"Медеу","ecorisk":3.68,"ecorisk_oof":3.47,"high_risk_prob":0.0,"ndvi":0.503,"lst_c":24.3,"reports":2,"landuse":"Парк/сквер"}},{"type":"Feature","geometry":{"type":"Point","coordinates":[77.00119,43.17311]},"properties":{"hex_id":"H00330","district":"Медеу","ecorisk":2.8,"ecorisk_oof":2.81,"high_risk_prob":0.0,"ndvi":0.526,"lst_c":22.1,"reports":0,"landuse":"Промышленная"}},{"type":"Feature","geometry":{"type":"Point","coordinates":[77.00869,43.17311]},"properties":{"hex_id":"H00331","district":"Медеу","ecorisk":2.15,"ecorisk_oof":2.12,"high_risk_prob":0.0,"ndvi":0.582,"lst_c":20.7,"reports":3,"landuse":"Жилая"}},{"type":"Feature","geometry":{"type":"Point","coordinates":[77.01619,43.17311]},"properties":{"hex_id":"H00332","district":"Медеу","ecorisk":1.92,"ecorisk_oof":2.29,"high_risk_prob":0.0,"ndvi":0.562,"lst_c":19.4,"reports":4,"landuse":"Транспорт"}},{"type":"Feature","geometry":{"type":"Point","coordinates":[77.02369,43.17311]},"properties":{"hex_id":"H00333","district":"Медеу","ecorisk":3.3,"ecorisk_oof":3.37,"high_risk_prob":0.0,"ndvi":0.52,"lst_c":21.3,"reports":16,"landuse":"Жилая"}},{"type":"Feature","geometry":{"type":"Point","coordinates":[77.03119,43.17311]},"properties":{"hex_id":"H00334","district":"Медеу","ecorisk":1.79,"ecorisk_oof":1.78,"high_risk_prob":0.0,"ndvi":0.583,"lst_c":20.8,"reports":2,"landuse":"Парк/сквер"}},{"type":"Feature","geometry":{"type":"Point","coordinates":[77.03869,43.17311]},"properties":{"hex_id":"H00335","district":"Медеу","ecorisk":1.86,"ecorisk_oof":1.89,"high_risk_prob":0.0,"ndvi":0.575,"lst_c":20.1,"reports":1,"landuse":"Парк/сквер"}},{"type":"Feature","geometry":{"type":"Point","coordinates":[77.04618,43.17311]},"properties":{"hex_id":"H00336","district":"Медеу","ecorisk":1.43,"ecorisk_oof":1.54,"high_risk_prob":0.0,"ndvi":0.555,"lst_c":19.5,"reports":4,"landuse":"Парк/сквер"}},{"type":"Feature","geometry":{"type":"Point","coordinates":[77.05368,43.17311]},"properties":{"hex_id":"H00337","district":"Медеу","ecorisk":1.62,"ecorisk_oof":1.84,"high_risk_prob":0.0,"ndvi":0.539,"lst_c":20.1,"reports":1,"landuse":"Парк/сквер"}},{"type":"Feature","geometry":{"type":"Point","coordinates":[77.06118,43.17311]},"properties":{"hex_id":"H00338","district":"Медеу","ecorisk":2.38,"ecorisk_oof":2.57,"high_risk_prob":0.0,"ndvi":0.576,"lst_c":19.8,"reports":2,"landuse":"Парк/сквер"}},{"type":"Feature","geometry":{"type":"Point","coordinates":[77.06868,43.17311]},"properties":{"hex_id":"H00339","district":"Медеу","ecorisk":1.84,"ecorisk_oof":1.77,"high_risk_prob":0.0,"ndvi":0.56,"lst_c":21.6,"reports":2,"landuse":"Жилая"}},{"type":"Feature","geometry":{"type":"Point","coordinates":[77.07618,43.17311]},"properties":{"hex_id":"H00340","district":"Медеу","ecorisk":1.86,"ecorisk_oof":1.69,"high_risk_prob":0.0,"ndvi":0.538,"lst_c":20.0,"reports":4,"landuse":"Парк/сквер"}},{"type":"Feature","geometry":{"type":"Point","coordinates":[77.08367,43.17311]},"properties":{"hex_id":"H00341","district":"Медеу","ecorisk":1.84,"ecorisk_oof":2.34,"high_risk_prob":0.0,"ndvi":0.598,"lst_c":20.3,"reports":0,"landuse":"Транспорт"}},{"type":"Feature","geometry":{"type":"Point","coordinates":[77.09117,43.17311]},"properties":{"hex_id":"H00342","district":"Медеу","ecorisk":1.91,"ecorisk_oof":2.25,"high_risk_prob":0.0,"ndvi":0.598,"lst_c":20.1,"reports":1,"landuse":"Парк/сквер"}},{"type":"Feature","geometry":{"type":"Point","coordinates":[77.09867,43.17311]},"properties":{"hex_id":"H00343","district":"Медеу","ecorisk":1.93,"ecorisk_oof":1.78,"high_risk_prob":0.0,"ndvi":0.558,"lst_c":22.4,"reports":3,"landuse":"Транспорт"}},{"type":"Feature","geometry":{"type":"Point","coordinates":[76.78,43.17784]},"properties":{"hex_id":"H00344","district":"Алмалы","ecorisk":2.8,"ecorisk_oof":2.54,"high_risk_prob":0.0,"ndvi":0.559,"lst_c":21.0,"reports":0,"landuse":"Промышленная"}},{"type":"Feature","geometry":{"type":"Point","coordinates":[76.7875,43.17784]},"properties":{"hex_id":"H00345","district":"Алмалы","ecorisk":2.87,"ecorisk_oof":3.04,"high_risk_prob":0.0,"ndvi":0.45,"lst_c":22.2,"reports":2,"landuse":"Транспорт"}},{"type":"Feature","geometry":{"type":"Point","coordinates":[76.795,43.17784]},"properties":{"hex_id":"H00346","district":"Алмалы","ecorisk":3.07,"ecorisk_oof":3.01,"high_risk_prob":0.0,"ndvi":0.437,"lst_c":21.0,"reports":1,"landuse":"Коммерческая"}},{"type":"Feature","geometry":{"type":"Point","coordinates":[76.80249,43.17784]},"properties":{"hex_id":"H00347","district":"Алмалы","ecorisk":3.57,"ecorisk_oof":3.28,"high_risk_prob":0.0,"ndvi":0.37,"lst_c":22.0,"reports":2,"landuse":"Коммерческая"}},{"type":"Feature","geometry":{"type":"Point","coordinates":[76.80999,43.17784]},"properties":{"hex_id":"H00348","district":"Алмалы","ecorisk":3.42,"ecorisk_oof":3.33,"high_risk_prob":0.0,"ndvi":0.437,"lst_c":21.3,"reports":3,"landuse":"Парк/сквер"}},{"type":"Feature","geometry":{"type":"Point","coordinates":[76.81749,43.17784]},"properties":{"hex_id":"H00349","district":"Алмалы","ecorisk":3.36,"ecorisk_oof":3.49,"high_risk_prob":0.0,"ndvi":0.456,"lst_c":25.2,"reports":3,"landuse":"Жилая"}},{"type":"Feature","geometry":{"type":"Point","coordinates":[76.82499,43.17784]},"properties":{"hex_id":"H00350","district":"Алмалы","ecorisk":3.98,"ecorisk_oof":3.77,"high_risk_prob":0.001,"ndvi":0.465,"lst_c":23.3,"reports":23,"landuse":"Транспорт"}},{"type":"Feature","geometry":{"type":"Point","coordinates":[76.83249,43.17784]},"properties":{"hex_id":"H00351","district":"Алмалы","ecorisk":4.22,"ecorisk_oof":4.14,"high_risk_prob":0.0,"ndvi":0.397,"lst_c":24.8,"reports":1,"landuse":"Парк/сквер"}},{"type":"Feature","geometry":{"type":"Point","coordinates":[76.83999,43.17784]},"properties":{"hex_id":"H00352","district":"Алмалы","ecorisk":3.78,"ecorisk_oof":3.61,"high_risk_prob":0.0,"ndvi":0.424,"lst_c":24.5,"reports":1,"landuse":"Коммерческая"}},{"type":"Feature","geometry":{"type":"Point","coordinates":[76.84748,43.17784]},"properties":{"hex_id":"H00353","district":"Алмалы","ecorisk":4.63,"ecorisk_oof":4.54,"high_risk_prob":0.0,"ndvi":0.383,"lst_c":26.1,"reports":3,"landuse":"Коммерческая"}},{"type":"Feature","geometry":{"type":"Point","coordinates":[76.85498,43.17784]},"properties":{"hex_id":"H00354","district":"Алмалы","ecorisk":4.52,"ecorisk_oof":4.22,"high_risk_prob":0.0,"ndvi":0.365,"lst_c":26.8,"reports":3,"landuse":"Жилая"}},{"type":"Feature","geometry":{"type":"Point","coordinates":[76.86248,43.17784]},"properties":{"hex_id":"H00355","district":"Алмалы","ecorisk":3.15,"ecorisk_oof":3.31,"high_risk_prob":0.002,"ndvi":0.495,"lst_c":25.5,"reports":5,"landuse":"Парк/сквер"}},{"type":"Feature","geometry":{"type":"Point","coordinates":[76.86998,43.17784]},"properties":{"hex_id":"H00356","district":"Алмалы","ecorisk":4.72,"ecorisk_oof":4.54,"high_risk_prob":0.0,"ndvi":0.41,"lst_c":25.3,"reports":4,"landuse":"Транспорт"}},{"type":"Feature","geometry":{"type":"Point","coordinates":[76.87748,43.17784]},"properties":{"hex_id":"H00357","district":"Бостандык","ecorisk":4.68,"ecorisk_oof":4.23,"high_risk_prob":0.0,"ndvi":0.361,"lst_c":25.0,"reports":2,"landuse":"Жилая"}},{"type":"Feature","geometry":{"type":"Point","coordinates":[76.88497,43.17784]},"properties":{"hex_id":"H00358","district":"Бостандык","ecorisk":5.81,"ecorisk_oof":5.71,"high_risk_prob":0.174,"ndvi":0.357,"lst_c":29.8,"reports":59,"landuse":"Транспорт"}},{"type":"Feature","geometry":{"type":"Point","coordinates":[76.89247,43.17784]},"properties":{"hex_id":"H00359","district":"Бостандык","ecorisk":4.82,"ecorisk_oof":4.65,"high_risk_prob":0.0,"ndvi":0.316,"lst_c":26.8,"reports":5,"landuse":"Жилая"}},{"type":"Feature","geometry":{"type":"Point","coordinates":[76.89997,43.17784]},"properties":{"hex_id":"H00360","district":"Бостандык","ecorisk":5.86,"ecorisk_oof":5.94,"high_risk_prob":0.033,"ndvi":0.343,"lst_c":26.4,"reports":19,"landuse":"Коммерческая"}},{"type":"Feature","geometry":{"type":"Point","coordinates":[76.90747,43.17784]},"properties":{"hex_id":"H00361","district":"Бостандык","ecorisk":4.95,"ecorisk_oof":4.64,"high_risk_prob":0.0,"ndvi":0.422,"lst_c":25.7,"reports":4,"landuse":"Парк/сквер"}},{"type":"Feature","geometry":{"type":"Point","coordinates":[76.91497,43.17784]},"properties":{"hex_id":"H00362","district":"Бостандык","ecorisk":4.48,"ecorisk_oof":4.38,"high_risk_prob":0.0,"ndvi":0.359,"lst_c":26.6,"reports":6,"landuse":"Транспорт"}},{"type":"Feature","geometry":{"type":"Point","coordinates":[76.92246,43.17784]},"properties":{"hex_id":"H00363","district":"Бостандык","ecorisk":4.9,"ecorisk_oof":4.43,"high_risk_prob":0.0,"ndvi":0.415,"lst_c":24.8,"reports":4,"landuse":"Транспорт"}},{"type":"Feature","geometry":{"type":"Point","coordinates":[76.92996,43.17784]},"properties":{"hex_id":"H00364","district":"Бостандык","ecorisk":5.03,"ecorisk_oof":4.62,"high_risk_prob":0.001,"ndvi":0.418,"lst_c":25.8,"reports":2,"landuse":"Парк/сквер"}},{"type":"Feature","geometry":{"type":"Point","coordinates":[76.93746,43.17784]},"properties":{"hex_id":"H00365","district":"Бостандык","ecorisk":4.26,"ecorisk_oof":4.27,"high_risk_prob":0.002,"ndvi":0.468,"lst_c":24.5,"reports":8,"landuse":"Пустырь"}},{"type":"Feature","geometry":{"type":"Point","coordinates":[76.94496,43.17784]},"properties":{"hex_id":"H00366","district":"Бостандык","ecorisk":4.11,"ecorisk_oof":4.65,"high_risk_prob":0.0,"ndvi":0.413,"lst_c":23.7,"reports":5,"landuse":"Парк/сквер"}},{"type":"Feature","geometry":{"type":"Point","coordinates":[76.95246,43.17784]},"properties":{"hex_id":"H00367","district":"Бостандык","ecorisk":4.64,"ecorisk_oof":4.57,"high_risk_prob":0.001,"ndvi":0.401,"lst_c":25.4,"reports":4,"landuse":"Парк/сквер"}},{"type":"Feature","geometry":{"type":"Point","coordinates":[76.95996,43.17784]},"properties":{"hex_id":"H00368","district":"Медеу","ecorisk":3.82,"ecorisk_oof":4.02,"high_risk_prob":0.0,"ndvi":0.478,"lst_c":24.4,"reports":2,"landuse":"Парк/сквер"}},{"type":"Feature","geometry":{"type":"Point","coordinates":[76.96745,43.17784]},"properties":{"hex_id":"H00369","district":"Медеу","ecorisk":3.72,"ecorisk_oof":3.94,"high_risk_prob":0.0,"ndvi":0.449,"lst_c":22.8,"reports":1,"landuse":"Транспорт"}},{"type":"Feature","geometry":{"type":"Point","coordinates":[76.97495,43.17784]},"properties":{"hex_id":"H00370","district":"Медеу","ecorisk":4.9,"ecorisk_oof":4.74,"high_risk_prob":0.004,"ndvi":0.495,"lst_c":24.5,"reports":30,"landuse":"Промышленная"}},{"type":"Feature","geometry":{"type":"Point","coordinates":[76.98245,43.17784]},"properties":{"hex_id":"H00371","district":"Медеу","ecorisk":4.68,"ecorisk_oof":3.97,"high_risk_prob":0.0,"ndvi":0.389,"lst_c":23.0,"reports":1,"landuse":"Коммерческая"}},{"type":"Feature","geometry":{"type":"Point","coordinates":[76.98995,43.17784]},"properties":{"hex_id":"H00372","district":"Медеу","ecorisk":3.18,"ecorisk_oof":3.36,"high_risk_prob":0.0,"ndvi":0.512,"lst_c":21.5,"reports":15,"landuse":"Парк/сквер"}},{"type":"Feature","geometry":{"type":"Point","coordinates":[76.99745,43.17784]},"properties":{"hex_id":"H00373","district":"Медеу","ecorisk":2.17,"ecorisk_oof":2.59,"high_risk_prob":0.0,"ndvi":0.588,"lst_c":21.6,"reports":2,"landuse":"Жилая"}},{"type":"Feature","geometry":{"type":"Point","coordinates":[77.00494,43.17784]},"properties":{"hex_id":"H00374","district":"Медеу","ecorisk":2.48,"ecorisk_oof":2.3,"high_risk_prob":0.0,"ndvi":0.576,"lst_c":21.3,"reports":1,"landuse":"Парк/сквер"}},{"type":"Feature","geometry":{"type":"Point","coordinates":[77.01244,43.17784]},"properties":{"hex_id":"H00375","district":"Медеу","ecorisk":3.76,"ecorisk_oof":3.34,"high_risk_prob":0.0,"ndvi":0.476,"lst_c":20.7,"reports":15,"landuse":"Парк/сквер"}},{"type":"Feature","geometry":{"type":"Point","coordinates":[77.01994,43.17784]},"properties":{"hex_id":"H00376","district":"Медеу","ecorisk":2.31,"ecorisk_oof":2.31,"high_risk_prob":0.0,"ndvi":0.599,"lst_c":20.1,"reports":2,"landuse":"Парк/сквер"}},{"type":"Feature","geometry":{"type":"Point","coordinates":[77.02744,43.17784]},"properties":{"hex_id":"H00377","district":"Медеу","ecorisk":3.63,"ecorisk_oof":2.99,"high_risk_prob":0.0,"ndvi":0.612,"lst_c":20.2,"reports":0,"landuse":"Жилая"}},{"type":"Feature","geometry":{"type":"Point","coordinates":[77.03494,43.17784]},"properties":{"hex_id":"H00378","district":"Медеу","ecorisk":1.99,"ecorisk_oof":1.89,"high_risk_prob":0.0,"ndvi":0.571,"lst_c":19.9,"reports":2,"landuse":"Парк/сквер"}},{"type":"Feature","geometry":{"type":"Point","coordinates":[77.04243,43.17784]},"properties":{"hex_id":"H00379","district":"Медеу","ecorisk":3.49,"ecorisk_oof":3.42,"high_risk_prob":0.0,"ndvi":0.501,"lst_c":20.5,"reports":38,"landuse":"Промышленная"}},{"type":"Feature","geometry":{"type":"Point","coordinates":[77.04993,43.17784]},"properties":{"hex_id":"H00380","district":"Медеу","ecorisk":2.21,"ecorisk_oof":2.55,"high_risk_prob":0.0,"ndvi":0.638,"lst_c":21.0,"reports":21,"landuse":"Пустырь"}},{"type":"Feature","geometry":{"type":"Point","coordinates":[77.05743,43.17784]},"properties":{"hex_id":"H00381","district":"Медеу","ecorisk":1.9,"ecorisk_oof":1.85,"high_risk_prob":0.0,"ndvi":0.654,"lst_c":20.8,"reports":1,"landuse":"Парк/сквер"}},{"type":"Feature","geometry":{"type":"Point","coordinates":[77.06493,43.17784]},"properties":{"hex_id":"H00382","district":"Медеу","ecorisk":2.41,"ecorisk_oof":2.03,"high_risk_prob":0.0,"ndvi":0.496,"lst_c":20.2,"reports":1,"landuse":"Парк/сквер"}},{"type":"Feature","geometry":{"type":"Point","coordinates":[77.07243,43.17784]},"properties":{"hex_id":"H00383","district":"Медеу","ecorisk":1.95,"ecorisk_oof":2.53,"high_risk_prob":0.0,"ndvi":0.575,"lst_c":22.0,"reports":2,"landuse":"Пустырь"}},{"type":"Feature","geometry":{"type":"Point","coordinates":[77.07993,43.17784]},"properties":{"hex_id":"H00384","district":"Медеу","ecorisk":2.36,"ecorisk_oof":2.18,"high_risk_prob":0.0,"ndvi":0.641,"lst_c":21.0,"reports":4,"landuse":"Жилая"}},{"type":"Feature","geometry":{"type":"Point","coordinates":[77.08742,43.17784]},"properties":{"hex_id":"H00385","district":"Медеу","ecorisk":2.4,"ecorisk_oof":2.31,"high_risk_prob":0.0,"ndvi":0.587,"lst_c":19.6,"reports":14,"landuse":"Жилая"}},{"type":"Feature","geometry":{"type":"Point","coordinates":[77.09492,43.17784]},"properties":{"hex_id":"H00386","district":"Медеу","ecorisk":1.69,"ecorisk_oof":2.62,"high_risk_prob":0.0,"ndvi":0.621,"lst_c":22.3,"reports":1,"landuse":"Парк/сквер"}},{"type":"Feature","geometry":{"type":"Point","coordinates":[76.78375,43.18257]},"properties":{"hex_id":"H00387","district":"Алмалы","ecorisk":3.7,"ecorisk_oof":3.79,"high_risk_prob":0.0,"ndvi":0.44,"lst_c":21.4,"reports":0,"landuse":"Транспорт"}},{"type":"Feature","geometry":{"type":"Point","coordinates":[76.79125,43.18257]},"properties":{"hex_id":"H00388","district":"Алмалы","ecorisk":4.22,"ecorisk_oof":4.11,"high_risk_prob":0.001,"ndvi":0.4,"lst_c":25.3,"reports":3,"landuse":"Парк/сквер"}},{"type":"Feature","geometry":{"type":"Point","coordinates":[76.79875,43.18257]},"properties":{"hex_id":"H00389","district":"Алмалы","ecorisk":3.11,"ecorisk_oof":3.14,"high_risk_prob":0.0,"ndvi":0.533,"lst_c":22.9,"reports":19,"landuse":"Пустырь"}},{"type":"Feature","geometry":{"type":"Point","coordinates":[76.80624,43.18257]},"properties":{"hex_id":"H00390","district":"Алмалы","ecorisk":4.21,"ecorisk_oof":4.04,"high_risk_prob":0.0,"ndvi":0.374,"lst_c":23.8,"reports":6,"landuse":"Парк/сквер"}},{"type":"Feature","geometry":{"type":"Point","coordinates":[76.81374,43.18257]},"properties":{"hex_id":"H00391","district":"Алмалы","ecorisk":3.8,"ecorisk_oof":3.29,"high_risk_prob":0.001,"ndvi":0.452,"lst_c":20.2,"reports":2,"landuse":"Парк/сквер"}},{"type":"Feature","geometry":{"type":"Point","coordinates":[76.82124,43.18257]},"properties":{"hex_id":"H00392","district":"Алмалы","ecorisk":4.59,"ecorisk_oof":4.3,"high_risk_prob":0.0,"ndvi":0.432,"lst_c":22.6,"reports":18,"landuse":"Промышленная"}},{"type":"Feature","geometry":{"type":"Point","coordinates":[76.82874,43.18257]},"properties":{"hex_id":"H00393","district":"Алмалы","ecorisk":5.26,"ecorisk_oof":5.38,"high_risk_prob":0.001,"ndvi":0.355,"lst_c":21.1,"reports":8,"landuse":"Жилая"}},{"type":"Feature","geometry":{"type":"Point","coordinates":[76.83624,43.18257]},"properties":{"hex_id":"H00394","district":"Алмалы","ecorisk":3.77,"ecorisk_oof":3.79,"high_risk_prob":0.0,"ndvi":0.449,"lst_c":24.0,"reports":9,"landuse":"Пустырь"}},{"type":"Feature","geometry":{"type":"Point","coordinates":[76.84373,43.18257]},"properties":{"hex_id":"H00395","district":"Алмалы","ecorisk":4.32,"ecorisk_oof":4.35,"high_risk_prob":0.002,"ndvi":0.374,"lst_c":24.1,"reports":1,"landuse":"Парк/сквер"}},{"type":"Feature","geometry":{"type":"Point","coordinates":[76.85123,43.18257]},"properties":{"hex_id":"H00396","district":"Алмалы","ecorisk":5.29,"ecorisk_oof":5.1,"high_risk_prob":0.005,"ndvi":0.402,"lst_c":25.8,"reports":10,"landuse":"Пустырь"}},{"type":"Feature","geometry":{"type":"Point","coordinates":[76.85873,43.18257]},"properties":{"hex_id":"H00397","district":"Алмалы","ecorisk":4.39,"ecorisk_oof":4.46,"high_risk_prob":0.0,"ndvi":0.405,"lst_c":24.5,"reports":2,"landuse":"Коммерческая"}},{"type":"Feature","geometry":{"type":"Point","coordinates":[76.86623,43.18257]},"properties":{"hex_id":"H00398","district":"Алмалы","ecorisk":4.33,"ecorisk_oof":4.05,"high_risk_prob":0.0,"ndvi":0.36,"lst_c":27.0,"reports":1,"landuse":"Транспорт"}},{"type":"Feature","geometry":{"type":"Point","coordinates":[76.87373,43.18257]},"properties":{"hex_id":"H00399","district":"Алмалы","ecorisk":5.01,"ecorisk_oof":5.0,"high_risk_prob":0.0,"ndvi":0.37,"lst_c":26.3,"reports":3,"landuse":"Жилая"}},{"type":"Feature","geometry":{"type":"Point","coordinates":[76.88122,43.18257]},"properties":{"hex_id":"H00400","district":"Бостандык","ecorisk":5.57,"ecorisk_oof":5.74,"high_risk_prob":0.003,"ndvi":0.353,"lst_c":27.7,"reports":6,"landuse":"Жилая"}},{"type":"Feature","geometry":{"type":"Point","coordinates":[76.88872,43.18257]},"properties":{"hex_id":"H00401","district":"Бостандык","ecorisk":6.35,"ecorisk_oof":6.44,"high_risk_prob":0.107,"ndvi":0.298,"lst_c":28.7,"reports":71,"landuse":"Пустырь"}},{"type":"Feature","geometry":{"type":"Point","coordinates":[76.89622,43.18257]},"properties":{"hex_id":"H00402","district":"Бостандык","ecorisk":6.21,"ecorisk_oof":6.32,"high_risk_prob":0.234,"ndvi":0.302,"lst_c":28.2,"reports":23,"landuse":"Парк/сквер"}},{"type":"Feature","geometry":{"type":"Point","coordinates":[76.90372,43.18257]},"properties":{"hex_id":"H00403","district":"Бостандык","ecorisk":4.68,"ecorisk_oof":4.51,"high_risk_prob":0.0,"ndvi":0.359,"lst_c":27.1,"reports":4,"landuse":"Транспорт"}},{"type":"Feature","geometry":{"type":"Point","coordinates":[76.91122,43.18257]},"properties":{"hex_id":"H00404","district":"Бостандык","ecorisk":6.23,"ecorisk_oof":6.49,"high_risk_prob":0.119,"ndvi":0.358,"lst_c":31.2,"reports":11,"landuse":"Жилая"}},{"type":"Feature","geometry":{"type":"Point","coordinates":[76.91872,43.18257]},"properties":{"hex_id":"H00405","district":"Бостандык","ecorisk":5.36,"ecorisk_oof":5.33,"high_risk_prob":0.0,"ndvi":0.344,"lst_c":28.0,"reports":6,"landuse":"Жилая"}},{"type":"Feature","geometry":{"type":"Point","coordinates":[76.92621,43.18257]},"properties":{"hex_id":"H00406","district":"Бостандык","ecorisk":4.33,"ecorisk_oof":4.05,"high_risk_prob":0.0,"ndvi":0.371,"lst_c":27.1,"reports":4,"landuse":"Парк/сквер"}},{"type":"Feature","geometry":{"type":"Point","coordinates":[76.93371,43.18257]},"properties":{"hex_id":"H00407","district":"Бостандык","ecorisk":5.12,"ecorisk_oof":5.35,"high_risk_prob":0.002,"ndvi":0.353,"lst_c":27.2,"reports":27,"landuse":"Коммерческая"}},{"type":"Feature","geometry":{"type":"Point","coordinates":[76.94121,43.18257]},"properties":{"hex_id":"H00408","district":"Бостандык","ecorisk":5.5,"ecorisk_oof":5.84,"high_risk_prob":0.029,"ndvi":0.331,"lst_c":28.9,"reports":5,"landuse":"Парк/сквер"}},{"type":"Feature","geometry":{"type":"Point","coordinates":[76.94871,43.18257]},"properties":{"hex_id":"H00409","district":"Бостандык","ecorisk":4.29,"ecorisk_oof":4.76,"high_risk_prob":0.001,"ndvi":0.35,"lst_c":24.5,"reports":2,"landuse":"Парк/сквер"}},{"type":"Feature","geometry":{"type":"Point","coordinates":[76.95621,43.18257]},"properties":{"hex_id":"H00410","district":"Медеу","ecorisk":5.6,"ecorisk_oof":5.75,"high_risk_prob":0.015,"ndvi":0.344,"lst_c":26.9,"reports":48,"landuse":"Жилая"}},{"type":"Feature","geometry":{"type":"Point","coordinates":[76.9637,43.18257]},"properties":{"hex_id":"H00411","district":"Медеу","ecorisk":5.12,"ecorisk_oof":5.2,"high_risk_prob":0.003,"ndvi":0.435,"lst_c":25.6,"reports":40,"landuse":"Жилая"}},{"type":"Feature","geometry":{"type":"Point","coordinates":[76.9712,43.18257]},"properties":{"hex_id":"H00412","district":"Медеу","ecorisk":3.97,"ecorisk_oof":4.44,"high_risk_prob":0.001,"ndvi":0.415,"lst_c":23.7,"reports":3,"landuse":"Транспорт"}},{"type":"Feature","geometry":{"type":"Point","coordinates":[76.9787,43.18257]},"properties":{"hex_id":"H00413","district":"Медеу","ecorisk":4.01,"ecorisk_oof":3.93,"high_risk_prob":0.0,"ndvi":0.413,"lst_c":23.3,"reports":0,"landuse":"Парк/сквер"}},{"type":"Feature","geometry":{"type":"Point","coordinates":[76.9862,43.18257]},"properties":{"hex_id":"H00414","district":"Медеу","ecorisk":3.65,"ecorisk_oof":3.89,"high_risk_prob":0.001,"ndvi":0.53,"lst_c":21.7,"reports":12,"landuse":"Жилая"}},{"type":"Feature","geometry":{"type":"Point","coordinates":[76.9937,43.18257]},"properties":{"hex_id":"H00415","district":"Медеу","ecorisk":2.74,"ecorisk_oof":2.31,"high_risk_prob":0.0,"ndvi":0.54,"lst_c":22.8,"reports":1,"landuse":"Транспорт"}},{"type":"Feature","geometry":{"type":"Point","coordinates":[77.00119,43.18257]},"properties":{"hex_id":"H00416","district":"Медеу","ecorisk":4.03,"ecorisk_oof":4.39,"high_risk_prob":0.0,"ndvi":0.519,"lst_c":21.1,"reports":46,"landuse":"Промышленная"}},{"type":"Feature","geometry":{"type":"Point","coordinates":[77.00869,43.18257]},"properties":{"hex_id":"H00417","district":"Медеу","ecorisk":2.45,"ecorisk_oof":2.79,"high_risk_prob":0.0,"ndvi":0.531,"lst_c":20.2,"reports":2,"landuse":"Парк/сквер"}},{"type":"Feature","geometry":{"type":"Point","coordinates":[77.01619,43.18257]},"properties":{"hex_id":"H00418","district":"Медеу","ecorisk":2.7,"ecorisk_oof":2.86,"high_risk_prob":0.0,"ndvi":0.459,"lst_c":23.8,"reports":2,"landuse":"Парк/сквер"}},{"type":"Feature","geometry":{"type":"Point","coordinates":[77.02369,43.18257]},"properties":{"hex_id":"H00419","district":"Медеу","ecorisk":2.95,"ecorisk_oof":2.62,"high_risk_prob":0.0,"ndvi":0.501,"lst_c":22.9,"reports":3,"landuse":"Парк/сквер"}},{"type":"Feature","geometry":{"type":"Point","coordinates":[77.03119,43.18257]},"properties":{"hex_id":"H00420","district":"Медеу","ecorisk":2.81,"ecorisk_oof":2.64,"high_risk_prob":0.0,"ndvi":0.575,"lst_c":19.6,"reports":0,"landuse":"Пустырь"}},{"type":"Feature","geometry":{"type":"Point","coordinates":[77.03869,43.18257]},"properties":{"hex_id":"H00421","district":"Медеу","ecorisk":2.52,"ecorisk_oof":2.74,"high_risk_prob":0.0,"ndvi":0.492,"lst_c":21.7,"reports":0,"landuse":"Жилая"}},{"type":"Feature","geometry":{"type":"Point","coordinates":[77.04618,43.18257]},"properties":{"hex_id":"H00422","district":"Медеу","ecorisk":3.01,"ecorisk_oof":2.67,"high_risk_prob":0.0,"ndvi":0.541,"lst_c":19.3,"reports":2,"landuse":"Парк/сквер"}},{"type":"Feature","geometry":{"type":"Point","coordinates":[77.05368,43.18257]},"properties":{"hex_id":"H00423","district":"Медеу","ecorisk":2.34,"ecorisk_oof":2.46,"high_risk_prob":0.0,"ndvi":0.56,"lst_c":21.9,"reports":1,"landuse":"Парк/сквер"}},{"type":"Feature","geometry":{"type":"Point","coordinates":[77.06118,43.18257]},"properties":{"hex_id":"H00424","district":"Медеу","ecorisk":2.41,"ecorisk_oof":2.69,"high_risk_prob":0.0,"ndvi":0.585,"lst_c":19.7,"reports":0,"landuse":"Парк/сквер"}},{"type":"Feature","geometry":{"type":"Point","coordinates":[77.06868,43.18257]},"properties":{"hex_id":"H00425","district":"Медеу","ecorisk":3.33,"ecorisk_oof":3.06,"high_risk_prob":0.001,"ndvi":0.526,"lst_c":21.4,"reports":16,"landuse":"Парк/сквер"}},{"type":"Feature","geometry":{"type":"Point","coordinates":[77.07618,43.18257]},"properties":{"hex_id":"H00426","district":"Медеу","ecorisk":3.98,"ecorisk_oof":3.91,"high_risk_prob":0.0,"ndvi":0.552,"lst_c":22.2,"reports":12,"landuse":"Промышленная"}},{"type":"Feature","geometry":{"type":"Point","coordinates":[77.08367,43.18257]},"properties":{"hex_id":"H00427","district":"Медеу","ecorisk":1.84,"ecorisk_oof":2.12,"high_risk_prob":0.0,"ndvi":0.569,"lst_c":21.1,"reports":2,"landuse":"Парк/сквер"}},{"type":"Feature","geometry":{"type":"Point","coordinates":[77.09117,43.18257]},"properties":{"hex_id":"H00428","district":"Медеу","ecorisk":1.71,"ecorisk_oof":2.23,"high_risk_prob":0.0,"ndvi":0.568,"lst_c":21.1,"reports":1,"landuse":"Промышленная"}},{"type":"Feature","geometry":{"type":"Point","coordinates":[77.09867,43.18257]},"properties":{"hex_id":"H00429","district":"Медеу","ecorisk":1.6,"ecorisk_oof":1.92,"high_risk_prob":0.0,"ndvi":0.641,"lst_c":20.7,"reports":4,"landuse":"Парк/сквер"}},{"type":"Feature","geometry":{"type":"Point","coordinates":[76.78,43.1873]},"properties":{"hex_id":"H00430","district":"Алмалы","ecorisk":3.1,"ecorisk_oof":3.35,"high_risk_prob":0.0,"ndvi":0.409,"lst_c":21.6,"reports":1,"landuse":"Парк/сквер"}},{"type":"Feature","geometry":{"type":"Point","coordinates":[76.7875,43.1873]},"properties":{"hex_id":"H00431","district":"Алмалы","ecorisk":3.22,"ecorisk_oof":3.64,"high_risk_prob":0.001,"ndvi":0.402,"lst_c":21.3,"reports":1,"landuse":"Промышленная"}},{"type":"Feature","geometry":{"type":"Point","coordinates":[76.795,43.1873]},"properties":{"hex_id":"H00432","district":"Алмалы","ecorisk":3.4,"ecorisk_oof":3.52,"high_risk_prob":0.0,"ndvi":0.396,"lst_c":23.8,"reports":2,"landuse":"Коммерческая"}},{"type":"Feature","geometry":{"type":"Point","coordinates":[76.80249,43.1873]},"properties":{"hex_id":"H00433","district":"Алмалы","ecorisk":3.2,"ecorisk_oof":3.31,"high_risk_prob":0.001,"ndvi":0.385,"lst_c":25.6,"reports":3,"landuse":"Парк/сквер"}},{"type":"Feature","geometry":{"type":"Point","coordinates":[76.80999,43.1873]},"properties":{"hex_id":"H00434","district":"Алмалы","ecorisk":3.76,"ecorisk_oof":3.75,"high_risk_prob":0.0,"ndvi":0.433,"lst_c":21.9,"reports":4,"landuse":"Парк/сквер"}},{"type":"Feature","geometry":{"type":"Point","coordinates":[76.81749,43.1873]},"properties":{"hex_id":"H00435","district":"Алмалы","ecorisk":3.47,"ecorisk_oof":2.91,"high_risk_prob":0.0,"ndvi":0.465,"lst_c":23.5,"reports":0,"landuse":"Парк/сквер"}},{"type":"Feature","geometry":{"type":"Point","coordinates":[76.82499,43.1873]},"properties":{"hex_id":"H00436","district":"Алмалы","ecorisk":4.05,"ecorisk_oof":4.11,"high_risk_prob":0.0,"ndvi":0.401,"lst_c":24.1,"reports":6,"landuse":"Жилая"}},{"type":"Feature","geometry":{"type":"Point","coordinates":[76.83249,43.1873]},"properties":{"hex_id":"H00437","district":"Алмалы","ecorisk":4.33,"ecorisk_oof":4.04,"high_risk_prob":0.0,"ndvi":0.424,"lst_c":25.3,"reports":0,"landuse":"Жилая"}},{"type":"Feature","geometry":{"type":"Point","coordinates":[76.83999,43.1873]},"properties":{"hex_id":"H00438","district":"Алмалы","ecorisk":5.42,"ecorisk_oof":5.4,"high_risk_prob":0.008,"ndvi":0.35,"lst_c":25.5,"reports":16,"landuse":"Транспорт"}},{"type":"Feature","geometry":{"type":"Point","coordinates":[76.84748,43.1873]},"properties":{"hex_id":"H00439","district":"Алмалы","ecorisk":4.81,"ecorisk_oof":4.72,"high_risk_prob":0.001,"ndvi":0.356,"lst_c":26.1,"reports":2,"landuse":"Парк/сквер"}},{"type":"Feature","geometry":{"type":"Point","coordinates":[76.85498,43.1873]},"properties":{"hex_id":"H00440","district":"Алмалы","ecorisk":4.2,"ecorisk_oof":4.03,"high_risk_prob":0.0,"ndvi":0.361,"lst_c":25.8,"reports":3,"landuse":"Парк/сквер"}},{"type":"Feature","geometry":{"type":"Point","coordinates":[76.86248,43.1873]},"properties":{"hex_id":"H00441","district":"Алмалы","ecorisk":5.45,"ecorisk_oof":5.26,"high_risk_prob":0.001,"ndvi":0.325,"lst_c":26.7,"reports":5,"landuse":"Жилая"}},{"type":"Feature","geometry":{"type":"Point","coordinates":[76.86998,43.1873]},"properties":{"hex_id":"H00442","district":"Алмалы","ecorisk":4.82,"ecorisk_oof":4.91,"high_risk_prob":0.001,"ndvi":0.333,"lst_c":26.3,"reports":5,"landuse":"Жилая"}},{"type":"Feature","geometry":{"type":"Point","coordinates":[76.87748,43.1873]},"properties":{"hex_id":"H00443","district":"Бостандык","ecorisk":4.88,"ecorisk_oof":4.64,"high_risk_prob":0.0,"ndvi":0.389,"lst_c":26.5,"reports":0,"landuse":"Коммерческая"}},{"type":"Feature","geometry":{"type":"Point","coordinates":[76.88497,43.1873]},"properties":{"hex_id":"H00444","district":"Бостандык","ecorisk":6.93,"ecorisk_oof":6.66,"high_risk_prob":0.062,"ndvi":0.298,"lst_c":29.3,"reports":29,"landuse":"Транспорт"}},{"type":"Feature","geometry":{"type":"Point","coordinates":[76.89247,43.1873]},"properties":{"hex_id":"H00445","district":"Бостандык","ecorisk":5.4,"ecorisk_oof":5.4,"high_risk_prob":0.003,"ndvi":0.343,"lst_c":28.3,"reports":5,"landuse":"Жилая"}},{"type":"Feature","geometry":{"type":"Point","coordinates":[76.89997,43.1873]},"properties":{"hex_id":"H00446","district":"Бостандык","ecorisk":7.2,"ecorisk_oof":7.05,"high_risk_prob":0.468,"ndvi":0.401,"lst_c":29.1,"reports":71,"landuse":"Пустырь"}},{"type":"Feature","geometry":{"type":"Point","coordinates":[76.90747,43.1873]},"properties":{"hex_id":"H00447","district":"Бостандык","ecorisk":5.84,"ecorisk_oof":6.07,"high_risk_prob":0.105,"ndvi":0.31,"lst_c":29.0,"reports":21,"landuse":"Жилая"}},{"type":"Feature","geometry":{"type":"Point","coordinates":[76.91497,43.1873]},"properties":{"hex_id":"H00448","district":"Бостандык","ecorisk":6.08,"ecorisk_oof":5.95,"high_risk_prob":0.018,"ndvi":0.351,"lst_c":30.1,"reports":12,"landuse":"Жилая"}},{"type":"Feature","geometry":{"type":"Point","coordinates":[76.92246,43.1873]},"properties":{"hex_id":"H00449","district":"Бостандык","ecorisk":6.92,"ecorisk_oof":6.92,"high_risk_prob":0.4,"ndvi":0.345,"lst_c":29.6,"reports":66,"landuse":"Транспорт"}},{"type":"Feature","geometry":{"type":"Point","coordinates":[76.92996,43.1873]},"properties":{"hex_id":"H00450","district":"Бостандык","ecorisk":6.22,"ecorisk_oof":6.58,"high_risk_prob":0.764,"ndvi":0.256,"lst_c":29.6,"reports":7,"landuse":"Парк/сквер"}},{"type":"Feature","geometry":{"type":"Point","coordinates":[76.93746,43.1873]},"properties":{"hex_id":"H00451","district":"Бостандык","ecorisk":6.01,"ecorisk_oof":5.92,"high_risk_prob":0.053,"ndvi":0.357,"lst_c":26.8,"reports":14,"landuse":"Парк/сквер"}},{"type":"Feature","geometry":{"type":"Point","coordinates":[76.94496,43.1873]},"properties":{"hex_id":"H00452","district":"Бостандык","ecorisk":4.99,"ecorisk_oof":4.5,"high_risk_prob":0.001,"ndvi":0.441,"lst_c":27.2,"reports":4,"landuse":"Коммерческая"}},{"type":"Feature","geometry":{"type":"Point","coordinates":[76.95246,43.1873]},"properties":{"hex_id":"H00453","district":"Бостандык","ecorisk":5.79,"ecorisk_oof":6.32,"high_risk_prob":0.049,"ndvi":0.327,"lst_c":26.3,"reports":9,"landuse":"Жилая"}},{"type":"Feature","geometry":{"type":"Point","coordinates":[76.95996,43.1873]},"properties":{"hex_id":"H00454","district":"Медеу","ecorisk":3.87,"ecorisk_oof":4.67,"high_risk_prob":0.0,"ndvi":0.385,"lst_c":27.0,"reports":8,"landuse":"Жилая"}},{"type":"Feature","geometry":{"type":"Point","coordinates":[76.96745,43.1873]},"properties":{"hex_id":"H00455","district":"Медеу","ecorisk":3.74,"ecorisk_oof":4.41,"high_risk_prob":0.0,"ndvi":0.416,"lst_c":27.1,"reports":5,"landuse":"Коммерческая"}},{"type":"Feature","geometry":{"type":"Point","coordinates":[76.97495,43.1873]},"properties":{"hex_id":"H00456","district":"Медеу","ecorisk":5.98,"ecorisk_oof":5.94,"high_risk_prob":0.014,"ndvi":0.368,"lst_c":25.8,"reports":26,"landuse":"Парк/сквер"}},{"type":"Feature","geometry":{"type":"Point","coordinates":[76.98245,43.1873]},"properties":{"hex_id":"H00457","district":"Медеу","ecorisk":4.4,"ecorisk_oof":3.54,"high_risk_prob":0.0,"ndvi":0.438,"lst_c":22.8,"reports":3,"landuse":"Жилая"}},{"type":"Feature","geometry":{"type":"Point","coordinates":[76.98995,43.1873]},"properties":{"hex_id":"H00458","district":"Медеу","ecorisk":4.2,"ecorisk_oof":3.97,"high_risk_prob":0.0,"ndvi":0.388,"lst_c":23.4,"reports":4,"landuse":"Парк/сквер"}},{"type":"Feature","geometry":{"type":"Point","coordinates":[76.99745,43.1873]},"properties":{"hex_id":"H00459","district":"Медеу","ecorisk":3.32,"ecorisk_oof":3.77,"high_risk_prob":0.0,"ndvi":0.415,"lst_c":24.4,"reports":2,"landuse":"Парк/сквер"}},{"type":"Feature","geometry":{"type":"Point","coordinates":[77.00494,43.1873]},"properties":{"hex_id":"H00460","district":"Медеу","ecorisk":2.6,"ecorisk_oof":3.05,"high_risk_prob":0.0,"ndvi":0.554,"lst_c":20.8,"reports":4,"landuse":"Парк/сквер"}},{"type":"Feature","geometry":{"type":"Point","coordinates":[77.01244,43.1873]},"properties":{"hex_id":"H00461","district":"Медеу","ecorisk":2.77,"ecorisk_oof":2.52,"high_risk_prob":0.0,"ndvi":0.432,"lst_c":21.5,"reports":2,"landuse":"Промышленная"}},{"type":"Feature","geometry":{"type":"Point","coordinates":[77.01994,43.1873]},"properties":{"hex_id":"H00462","district":"Медеу","ecorisk":4.23,"ecorisk_oof":4.57,"high_risk_prob":0.0,"ndvi":0.468,"lst_c":21.0,"reports":28,"landuse":"Промышленная"}},{"type":"Feature","geometry":{"type":"Point","coordinates":[77.02744,43.1873]},"properties":{"hex_id":"H00463","district":"Медеу","ecorisk":3.47,"ecorisk_oof":3.48,"high_risk_prob":0.0,"ndvi":0.49,"lst_c":21.4,"reports":22,"landuse":"Парк/сквер"}},{"type":"Feature","geometry":{"type":"Point","coordinates":[77.03494,43.1873]},"properties":{"hex_id":"H00464","district":"Медеу","ecorisk":2.09,"ecorisk_oof":2.22,"high_risk_prob":0.0,"ndvi":0.561,"lst_c":22.3,"reports":1,"landuse":"Парк/сквер"}},{"type":"Feature","geometry":{"type":"Point","coordinates":[77.04243,43.1873]},"properties":{"hex_id":"H00465","district":"Медеу","ecorisk":2.07,"ecorisk_oof":2.06,"high_risk_prob":0.0,"ndvi":0.579,"lst_c":21.7,"reports":2,"landuse":"Парк/сквер"}},{"type":"Feature","geometry":{"type":"Point","coordinates":[77.04993,43.1873]},"properties":{"hex_id":"H00466","district":"Медеу","ecorisk":2.63,"ecorisk_oof":2.58,"high_risk_prob":0.0,"ndvi":0.543,"lst_c":19.7,"reports":0,"landuse":"Парк/сквер"}},{"type":"Feature","geometry":{"type":"Point","coordinates":[77.05743,43.1873]},"properties":{"hex_id":"H00467","district":"Медеу","ecorisk":1.83,"ecorisk_oof":2.16,"high_risk_prob":0.0,"ndvi":0.583,"lst_c":19.6,"reports":2,"landuse":"Парк/сквер"}},{"type":"Feature","geometry":{"type":"Point","coordinates":[77.06493,43.1873]},"properties":{"hex_id":"H00468","district":"Медеу","ecorisk":2.06,"ecorisk_oof":2.27,"high_risk_prob":0.0,"ndvi":0.527,"lst_c":20.7,"reports":4,"landuse":"Парк/сквер"}},{"type":"Feature","geometry":{"type":"Point","coordinates":[77.07243,43.1873]},"properties":{"hex_id":"H00469","district":"Медеу","ecorisk":2.01,"ecorisk_oof":1.75,"high_risk_prob":0.0,"ndvi":0.591,"lst_c":20.5,"reports":3,"landuse":"Парк/сквер"}},{"type":"Feature","geometry":{"type":"Point","coordinates":[77.07993,43.1873]},"properties":{"hex_id":"H00470","district":"Медеу","ecorisk":2.39,"ecorisk_oof":3.01,"high_risk_prob":0.0,"ndvi":0.43,"lst_c":21.2,"reports":2,"landuse":"Парк/сквер"}},{"type":"Feature","geometry":{"type":"Point","coordinates":[77.08742,43.1873]},"properties":{"hex_id":"H00471","district":"Медеу","ecorisk":1.29,"ecorisk_oof":2.31,"high_risk_prob":0.0,"ndvi":0.635,"lst_c":21.1,"reports":2,"landuse":"Промышленная"}},{"type":"Feature","geometry":{"type":"Point","coordinates":[77.09492,43.1873]},"properties":{"hex_id":"H00472","district":"Медеу","ecorisk":1.8,"ecorisk_oof":2.18,"high_risk_prob":0.0,"ndvi":0.583,"lst_c":21.0,"reports":0,"landuse":"Парк/сквер"}},{"type":"Feature","geometry":{"type":"Point","coordinates":[76.78375,43.19203]},"properties":{"hex_id":"H00473","district":"Алмалы","ecorisk":4.52,"ecorisk_oof":4.46,"high_risk_prob":0.0,"ndvi":0.394,"lst_c":23.5,"reports":5,"landuse":"Транспорт"}},{"type":"Feature","geometry":{"type":"Point","coordinates":[76.79125,43.19203]},"properties":{"hex_id":"H00474","district":"Алмалы","ecorisk":3.52,"ecorisk_oof":3.78,"high_risk_prob":0.0,"ndvi":0.439,"lst_c":22.4,"reports":3,"landuse":"Жилая"}},{"type":"Feature","geometry":{"type":"Point","coordinates":[76.79875,43.19203]},"properties":{"hex_id":"H00475","district":"Алмалы","ecorisk":3.63,"ecorisk_oof":4.55,"high_risk_prob":0.001,"ndvi":0.357,"lst_c":22.3,"reports":2,"landuse":"Жилая"}},{"type":"Feature","geometry":{"type":"Point","coordinates":[76.80624,43.19203]},"properties":{"hex_id":"H00476","district":"Алмалы","ecorisk":3.74,"ecorisk_oof":3.53,"high_risk_prob":0.0,"ndvi":0.421,"lst_c":23.9,"reports":3,"landuse":"Жилая"}},{"type":"Feature","geometry":{"type":"Point","coordinates":[76.81374,43.19203]},"properties":{"hex_id":"H00477","district":"Алмалы","ecorisk":3.21,"ecorisk_oof":3.64,"high_risk_prob":0.0,"ndvi":0.448,"lst_c":24.0,"reports":15,"landuse":"Жилая"}},{"type":"Feature","geometry":{"type":"Point","coordinates":[76.82124,43.19203]},"properties":{"hex_id":"H00478","district":"Алмалы","ecorisk":4.18,"ecorisk_oof":4.65,"high_risk_prob":0.0,"ndvi":0.397,"lst_c":22.0,"reports":2,"landuse":"Пустырь"}},{"type":"Feature","geometry":{"type":"Point","coordinates":[76.82874,43.19203]},"properties":{"hex_id":"H00479","district":"Алмалы","ecorisk":5.0,"ecorisk_oof":5.31,"high_risk_prob":0.001,"ndvi":0.357,"lst_c":25.3,"reports":2,"landuse":"Пустырь"}},{"type":"Feature","geometry":{"type":"Point","coordinates":[76.83624,43.19203]},"properties":{"hex_id":"H00480","district":"Алмалы","ecorisk":5.31,"ecorisk_oof":4.95,"high_risk_prob":0.002,"ndvi":0.268,"lst_c":25.5,"reports":4,"landuse":"Парк/сквер"}},{"type":"Feature","geometry":{"type":"Point","coordinates":[76.84373,43.19203]},"properties":{"hex_id":"H00481","district":"Алмалы","ecorisk":5.17,"ecorisk_oof":4.76,"high_risk_prob":0.001,"ndvi":0.272,"lst_c":26.7,"reports":3,"landuse":"Транспорт"}},{"type":"Feature","geometry":{"type":"Point","coordinates":[76.85123,43.19203]},"properties":{"hex_id":"H00482","district":"Алмалы","ecorisk":4.42,"ecorisk_oof":4.34,"high_risk_prob":0.0,"ndvi":0.343,"lst_c":25.9,"reports":1,"landuse":"Транспорт"}},{"type":"Feature","geometry":{"type":"Point","coordinates":[76.85873,43.19203]},"properties":{"hex_id":"H00483","district":"Алмалы","ecorisk":4.74,"ecorisk_oof":4.93,"high_risk_prob":0.0,"ndvi":0.402,"lst_c":26.7,"reports":3,"landuse":"Парк/сквер"}},{"type":"Feature","geometry":{"type":"Point","coordinates":[76.86623,43.19203]},"properties":{"hex_id":"H00484","district":"Алмалы","ecorisk":6.53,"ecorisk_oof":6.3,"high_risk_prob":0.635,"ndvi":0.313,"lst_c":27.2,"reports":51,"landuse":"Промышленная"}},{"type":"Feature","geometry":{"type":"Point","coordinates":[76.87373,43.19203]},"properties":{"hex_id":"H00485","district":"Алмалы","ecorisk":6.82,"ecorisk_oof":6.85,"high_risk_prob":0.778,"ndvi":0.248,"lst_c":30.1,"reports":12,"landuse":"Жилая"}},{"type":"Feature","geometry":{"type":"Point","coordinates":[76.88122,43.19203]},"properties":{"hex_id":"H00486","district":"Бостандык","ecorisk":6.36,"ecorisk_oof":6.22,"high_risk_prob":0.467,"ndvi":0.389,"lst_c":28.1,"reports":40,"landuse":"Промышленная"}},{"type":"Feature","geometry":{"type":"Point","coordinates":[76.88872,43.19203]},"properties":{"hex_id":"H00487","district":"Бостандык","ecorisk":6.63,"ecorisk_oof":6.79,"high_risk_prob":0.389,"ndvi":0.31,"lst_c":28.9,"reports":12,"landuse":"Жилая"}},{"type":"Feature","geometry":{"type":"Point","coordinates":[76.89622,43.19203]},"properties":{"hex_id":"H00488","district":"Бостандык","ecorisk":7.82,"ecorisk_oof":7.82,"high_risk_prob":0.982,"ndvi":0.25,"lst_c":31.3,"reports":58,"landuse":"Транспорт"}},{"type":"Feature","geometry":{"type":"Point","coordinates":[76.90372,43.19203]},"properties":{"hex_id":"H00489","district":"Бостандык","ecorisk":5.71,"ecorisk_oof":5.95,"high_risk_prob":0.019,"ndvi":0.349,"lst_c":28.4,"reports":10,"landuse":"Жилая"}},{"type":"Feature","geometry":{"type":"Point","coordinates":[76.91122,43.19203]},"properties":{"hex_id":"H00490","district":"Бостандык","ecorisk":6.42,"ecorisk_oof":6.81,"high_risk_prob":0.573,"ndvi":0.326,"lst_c":29.3,"reports":19,"landuse":"Промышленная"}},{"type":"Feature","geometry":{"type":"Point","coordinates":[76.91872,43.19203]},"properties":{"hex_id":"H00491","district":"Бостандык","ecorisk":4.74,"ecorisk_oof":4.93,"high_risk_prob":0.024,"ndvi":0.346,"lst_c":29.8,"reports":4,"landuse":"Транспорт"}},{"type":"Feature","geometry":{"type":"Point","coordinates":[76.92621,43.19203]},"properties":{"hex_id":"H00492","district":"Бостандык","ecorisk":6.41,"ecorisk_oof":5.55,"high_risk_prob":0.067,"ndvi":0.272,"lst_c":30.1,"reports":2,"landuse":"Транспорт"}},{"type":"Feature","geometry":{"type":"Point","coordinates":[76.93371,43.19203]},"properties":{"hex_id":"H00493","district":"Бостандык","ecorisk":6.65,"ecorisk_oof":6.65,"high_risk_prob":0.384,"ndvi":0.387,"lst_c":29.5,"reports":12,"landuse":"Парк/сквер"}},{"type":"Feature","geometry":{"type":"Point","coordinates":[76.94121,43.19203]},"properties":{"hex_id":"H00494","district":"Бостандык","ecorisk":6.74,"ecorisk_oof":6.77,"high_risk_prob":0.567,"ndvi":0.332,"lst_c":28.5,"reports":12,"landuse":"Жилая"}},{"type":"Feature","geometry":{"type":"Point","coordinates":[76.94871,43.19203]},"properties":{"hex_id":"H00495","district":"Бостандык","ecorisk":6.56,"ecorisk_oof":6.32,"high_risk_prob":0.694,"ndvi":0.38,"lst_c":29.2,"reports":52,"landuse":"Промышленная"}},{"type":"Feature","geometry":{"type":"Point","coordinates":[76.95621,43.19203]},"properties":{"hex_id":"H00496","district":"Медеу","ecorisk":4.4,"ecorisk_oof":4.27,"high_risk_prob":0.001,"ndvi":0.45,"lst_c":27.8,"reports":0,"landuse":"Транспорт"}},{"type":"Feature","geometry":{"type":"Point","coordinates":[76.9637,43.19203]},"properties":{"hex_id":"H00497","district":"Медеу","ecorisk":4.95,"ecorisk_oof":5.21,"high_risk_prob":0.002,"ndvi":0.323,"lst_c":25.1,"reports":1,"landuse":"Жилая"}},{"type":"Feature","geometry":{"type":"Point","coordinates":[76.9712,43.19203]},"properties":{"hex_id":"H00498","district":"Медеу","ecorisk":3.7,"ecorisk_oof":3.81,"high_risk_prob":0.0,"ndvi":0.406,"lst_c":25.5,"reports":4,"landuse":"Парк/сквер"}},{"type":"Feature","geometry":{"type":"Point","coordinates":[76.9787,43.19203]},"properties":{"hex_id":"H00499","district":"Медеу","ecorisk":3.94,"ecorisk_oof":4.2,"high_risk_prob":0.0,"ndvi":0.396,"lst_c":24.3,"reports":2,"landuse":"Парк/сквер"}},{"type":"Feature","geometry":{"type":"Point","coordinates":[76.9862,43.19203]},"properties":{"hex_id":"H00500","district":"Медеу","ecorisk":4.56,"ecorisk_oof":4.99,"high_risk_prob":0.001,"ndvi":0.416,"lst_c":25.4,"reports":18,"landuse":"Транспорт"}},{"type":"Feature","geometry":{"type":"Point","coordinates":[76.9937,43.19203]},"properties":{"hex_id":"H00501","district":"Медеу","ecorisk":4.25,"ecorisk_oof":4.06,"high_risk_prob":0.001,"ndvi":0.448,"lst_c":23.8,"reports":2,"landuse":"Жилая"}},{"type":"Feature","geometry":{"type":"Point","coordinates":[77.00119,43.19203]},"properties":{"hex_id":"H00502","district":"Медеу","ecorisk":3.26,"ecorisk_oof":3.18,"high_risk_prob":0.0,"ndvi":0.54,"lst_c":22.5,"reports":2,"landuse":"Жилая"}},{"type":"Feature","geometry":{"type":"Point","coordinates":[77.00869,43.19203]},"properties":{"hex_id":"H00503","district":"Медеу","ecorisk":3.27,"ecorisk_oof":3.15,"high_risk_prob":0.0,"ndvi":0.54,"lst_c":21.0,"reports":1,"landuse":"Парк/сквер"}},{"type":"Feature","geometry":{"type":"Point","coordinates":[77.01619,43.19203]},"properties":{"hex_id":"H00504","district":"Медеу","ecorisk":3.25,"ecorisk_oof":2.78,"high_risk_prob":0.0,"ndvi":0.465,"lst_c":21.1,"reports":3,"landuse":"Транспорт"}},{"type":"Feature","geometry":{"type":"Point","coordinates":[77.02369,43.19203]},"properties":{"hex_id":"H00505","district":"Медеу","ecorisk":2.8,"ecorisk_oof":2.41,"high_risk_prob":0.0,"ndvi":0.523,"lst_c":21.8,"reports":1,"landuse":"Парк/сквер"}},{"type":"Feature","geometry":{"type":"Point","coordinates":[77.03119,43.19203]},"properties":{"hex_id":"H00506","district":"Медеу","ecorisk":4.1,"ecorisk_oof":4.11,"high_risk_prob":0.0,"ndvi":0.505,"lst_c":22.2,"reports":29,"landuse":"Жилая"}},{"type":"Feature","geometry":{"type":"Point","coordinates":[77.03869,43.19203]},"properties":{"hex_id":"H00507","district":"Медеу","ecorisk":3.81,"ecorisk_oof":3.81,"high_risk_prob":0.0,"ndvi":0.512,"lst_c":20.3,"reports":31,"landuse":"Парк/сквер"}},{"type":"Feature","geometry":{"type":"Point","coordinates":[77.04618,43.19203]},"properties":{"hex_id":"H00508","district":"Медеу","ecorisk":2.4,"ecorisk_oof":2.3,"high_risk_prob":0.0,"ndvi":0.583,"lst_c":23.1,"reports":3,"landuse":"Парк/сквер"}},{"type":"Feature","geometry":{"type":"Point","coordinates":[77.05368,43.19203]},"properties":{"hex_id":"H00509","district":"Медеу","ecorisk":3.04,"ecorisk_oof":2.76,"high_risk_prob":0.0,"ndvi":0.519,"lst_c":19.8,"reports":5,"landuse":"Жилая"}},{"type":"Feature","geometry":{"type":"Point","coordinates":[77.06118,43.19203]},"properties":{"hex_id":"H00510","district":"Медеу","ecorisk":2.11,"ecorisk_oof":2.41,"high_risk_prob":0.0,"ndvi":0.512,"lst_c":20.5,"reports":3,"landuse":"Транспорт"}},{"type":"Feature","geometry":{"type":"Point","coordinates":[77.06868,43.19203]},"properties":{"hex_id":"H00511","district":"Медеу","ecorisk":2.62,"ecorisk_oof":2.81,"high_risk_prob":0.001,"ndvi":0.564,"lst_c":21.4,"reports":24,"landuse":"Парк/сквер"}},{"type":"Feature","geometry":{"type":"Point","coordinates":[77.07618,43.19203]},"properties":{"hex_id":"H00512","district":"Медеу","ecorisk":4.47,"ecorisk_oof":4.25,"high_risk_prob":0.0,"ndvi":0.52,"lst_c":22.5,"reports":18,"landuse":"Парк/сквер"}},{"type":"Feature","geometry":{"type":"Point","coordinates":[77.08367,43.19203]},"properties":{"hex_id":"H00513","district":"Медеу","ecorisk":2.07,"ecorisk_oof":2.44,"high_risk_prob":0.0,"ndvi":0.504,"lst_c":20.2,"reports":3,"landuse":"Жилая"}},{"type":"Feature","geometry":{"type":"Point","coordinates":[77.09117,43.19203]},"properties":{"hex_id":"H00514","district":"Медеу","ecorisk":2.15,"ecorisk_oof":1.99,"high_risk_prob":0.0,"ndvi":0.515,"lst_c":21.3,"reports":4,"landuse":"Транспорт"}},{"type":"Feature","geometry":{"type":"Point","coordinates":[77.09867,43.19203]},"properties":{"hex_id":"H00515","district":"Медеу","ecorisk":2.59,"ecorisk_oof":2.32,"high_risk_prob":0.0,"ndvi":0.496,"lst_c":23.5,"reports":3,"landuse":"Парк/сквер"}},{"type":"Feature","geometry":{"type":"Point","coordinates":[76.78,43.19676]},"properties":{"hex_id":"H00516","district":"Алмалы","ecorisk":3.02,"ecorisk_oof":3.39,"high_risk_prob":0.0,"ndvi":0.423,"lst_c":22.6,"reports":3,"landuse":"Жилая"}},{"type":"Feature","geometry":{"type":"Point","coordinates":[76.7875,43.19676]},"properties":{"hex_id":"H00517","district":"Алмалы","ecorisk":3.85,"ecorisk_oof":4.11,"high_risk_prob":0.0,"ndvi":0.395,"lst_c":23.5,"reports":1,"landuse":"Коммерческая"}},{"type":"Feature","geometry":{"type":"Point","coordinates":[76.795,43.19676]},"properties":{"hex_id":"H00518","district":"Алмалы","ecorisk":3.11,"ecorisk_oof":3.65,"high_risk_prob":0.0,"ndvi":0.395,"lst_c":21.8,"reports":1,"landuse":"Жилая"}},{"type":"Feature","geometry":{"type":"Point","coordinates":[76.80249,43.19676]},"properties":{"hex_id":"H00519","district":"Алмалы","ecorisk":4.9,"ecorisk_oof":4.97,"high_risk_prob":0.001,"ndvi":0.445,"lst_c":22.5,"reports":33,"landuse":"Промышленная"}},{"type":"Feature","geometry":{"type":"Point","coordinates":[76.80999,43.19676]},"properties":{"hex_id":"H00520","district":"Алмалы","ecorisk":2.84,"ecorisk_oof":3.74,"high_risk_prob":0.0,"ndvi":0.392,"lst_c":21.7,"reports":4,"landuse":"Парк/сквер"}},{"type":"Feature","geometry":{"type":"Point","coordinates":[76.81749,43.19676]},"properties":{"hex_id":"H00521","district":"Алмалы","ecorisk":4.6,"ecorisk_oof":5.04,"high_risk_prob":0.015,"ndvi":0.371,"lst_c":23.1,"reports":2,"landuse":"Жилая"}},{"type":"Feature","geometry":{"type":"Point","coordinates":[76.82499,43.19676]},"properties":{"hex_id":"H00522","district":"Алмалы","ecorisk":5.15,"ecorisk_oof":4.83,"high_risk_prob":0.001,"ndvi":0.31,"lst_c":23.5,"reports":11,"landuse":"Парк/сквер"}},{"type":"Feature","geometry":{"type":"Point","coordinates":[76.83249,43.19676]},"properties":{"hex_id":"H00523","district":"Алмалы","ecorisk":5.68,"ecorisk_oof":5.66,"high_risk_prob":0.019,"ndvi":0.37,"lst_c":25.6,"reports":45,"landuse":"Пустырь"}},{"type":"Feature","geometry":{"type":"Point","coordinates":[76.83999,43.19676]},"properties":{"hex_id":"H00524","district":"Алмалы","ecorisk":5.96,"ecorisk_oof":6.04,"high_risk_prob":0.018,"ndvi":0.306,"lst_c":27.5,"reports":18,"landuse":"Парк/сквер"}},{"type":"Feature","geometry":{"type":"Point","coordinates":[76.84748,43.19676]},"properties":{"hex_id":"H00525","district":"Алмалы","ecorisk":4.31,"ecorisk_oof":4.04,"high_risk_prob":0.0,"ndvi":0.383,"lst_c":25.9,"reports":3,"landuse":"Парк/сквер"}},{"type":"Feature","geometry":{"type":"Point","coordinates":[76.85498,43.19676]},"properties":{"hex_id":"H00526","district":"Алмалы","ecorisk":5.28,"ecorisk_oof":5.5,"high_risk_prob":0.007,"ndvi":0.335,"lst_c":27.1,"reports":3,"landuse":"Парк/сквер"}},{"type":"Feature","geometry":{"type":"Point","coordinates":[76.86248,43.19676]},"properties":{"hex_id":"H00527","district":"Алмалы","ecorisk":5.28,"ecorisk_oof":5.07,"high_risk_prob":0.0,"ndvi":0.298,"lst_c":27.6,"reports":2,"landuse":"Жилая"}},{"type":"Feature","geometry":{"type":"Point","coordinates":[76.86998,43.19676]},"properties":{"hex_id":"H00528","district":"Алмалы","ecorisk":5.93,"ecorisk_oof":5.49,"high_risk_prob":0.002,"ndvi":0.327,"lst_c":28.9,"reports":7,"landuse":"Парк/сквер"}},{"type":"Feature","geometry":{"type":"Point","coordinates":[76.87748,43.19676]},"properties":{"hex_id":"H00529","district":"Бостандык","ecorisk":6.76,"ecorisk_oof":6.89,"high_risk_prob":0.465,"ndvi":0.273,"lst_c":28.8,"reports":14,"landuse":"Жилая"}},{"type":"Feature","geometry":{"type":"Point","coordinates":[76.88497,43.19676]},"properties":{"hex_id":"H00530","district":"Бостандык","ecorisk":7.0,"ecorisk_oof":7.26,"high_risk_prob":0.942,"ndvi":0.314,"lst_c":29.7,"reports":43,"landuse":"Парк/сквер"}},{"type":"Feature","geometry":{"type":"Point","coordinates":[76.89247,43.19676]},"properties":{"hex_id":"H00531","district":"Бостандык","ecorisk":6.63,"ecorisk_oof":6.4,"high_risk_prob":0.31,"ndvi":0.235,"lst_c":32.2,"reports":14,"landuse":"Жилая"}},{"type":"Feature","geometry":{"type":"Point","coordinates":[76.89997,43.19676]},"properties":{"hex_id":"H00532","district":"Бостандык","ecorisk":6.23,"ecorisk_oof":6.87,"high_risk_prob":0.284,"ndvi":0.269,"lst_c":31.2,"reports":6,"landuse":"Транспорт"}},{"type":"Feature","geometry":{"type":"Point","coordinates":[76.90747,43.19676]},"properties":{"hex_id":"H00533","district":"Бостандык","ecorisk":6.59,"ecorisk_oof":7.04,"high_risk_prob":0.413,"ndvi":0.265,"lst_c":29.1,"reports":28,"landuse":"Пустырь"}},{"type":"Feature","geometry":{"type":"Point","coordinates":[76.91497,43.19676]},"properties":{"hex_id":"H00534","district":"Бостандык","ecorisk":6.4,"ecorisk_oof":6.76,"high_risk_prob":0.075,"ndvi":0.344,"lst_c":28.8,"reports":20,"landuse":"Транспорт"}},{"type":"Feature","geometry":{"type":"Point","coordinates":[76.92246,43.19676]},"properties":{"hex_id":"H00535","district":"Бостандык","ecorisk":6.28,"ecorisk_oof":7.25,"high_risk_prob":0.68,"ndvi":0.257,"lst_c":30.7,"reports":7,"landuse":"Жилая"}},{"type":"Feature","geometry":{"type":"Point","coordinates":[76.92996,43.19676]},"properties":{"hex_id":"H00536","district":"Бостандык","ecorisk":6.31,"ecorisk_oof":6.05,"high_risk_prob":0.057,"ndvi":0.257,"lst_c":29.9,"reports":14,"landuse":"Транспорт"}},{"type":"Feature","geometry":{"type":"Point","coordinates":[76.93746,43.19676]},"properties":{"hex_id":"H00537","district":"Бостандык","ecorisk":7.35,"ecorisk_oof":7.21,"high_risk_prob":0.954,"ndvi":0.314,"lst_c":29.1,"reports":55,"landuse":"Парк/сквер"}},{"type":"Feature","geometry":{"type":"Point","coordinates":[76.94496,43.19676]},"properties":{"hex_id":"H00538","district":"Бостандык","ecorisk":5.02,"ecorisk_oof":5.42,"high_risk_prob":0.003,"ndvi":0.318,"lst_c":26.8,"reports":12,"landuse":"Парк/сквер"}},{"type":"Feature","geometry":{"type":"Point","coordinates":[76.95246,43.19676]},"properties":{"hex_id":"H00539","district":"Бостандык","ecorisk":6.72,"ecorisk_oof":6.92,"high_risk_prob":0.911,"ndvi":0.298,"lst_c":29.8,"reports":9,"landuse":"Жилая"}},{"type":"Feature","geometry":{"type":"Point","coordinates":[76.95996,43.19676]},"properties":{"hex_id":"H00540","district":"Медеу","ecorisk":6.27,"ecorisk_oof":6.15,"high_risk_prob":0.079,"ndvi":0.392,"lst_c":30.0,"reports":7,"landuse":"Жилая"}},{"type":"Feature","geometry":{"type":"Point","coordinates":[76.96745,43.19676]},"properties":{"hex_id":"H00541","district":"Медеу","ecorisk":5.31,"ecorisk_oof":5.81,"high_risk_prob":0.004,"ndvi":0.334,"lst_c":23.8,"reports":64,"landuse":"Пустырь"}},{"type":"Feature","geometry":{"type":"Point","coordinates":[76.97495,43.19676]},"properties":{"hex_id":"H00542","district":"Медеу","ecorisk":4.99,"ecorisk_oof":5.1,"high_risk_prob":0.0,"ndvi":0.391,"lst_c":27.4,"reports":8,"landuse":"Пустырь"}},{"type":"Feature","geometry":{"type":"Point","coordinates":[76.98245,43.19676]},"properties":{"hex_id":"H00543","district":"Медеу","ecorisk":4.32,"ecorisk_oof":4.0,"high_risk_prob":0.0,"ndvi":0.445,"lst_c":25.3,"reports":1,"landuse":"Коммерческая"}},{"type":"Feature","geometry":{"type":"Point","coordinates":[76.98995,43.19676]},"properties":{"hex_id":"H00544","district":"Медеу","ecorisk":4.01,"ecorisk_oof":4.0,"high_risk_prob":0.0,"ndvi":0.492,"lst_c":24.2,"reports":25,"landuse":"Парк/сквер"}},{"type":"Feature","geometry":{"type":"Point","coordinates":[76.99745,43.19676]},"properties":{"hex_id":"H00545","district":"Медеу","ecorisk":2.92,"ecorisk_oof":2.77,"high_risk_prob":0.0,"ndvi":0.551,"lst_c":21.5,"reports":1,"landuse":"Жилая"}},{"type":"Feature","geometry":{"type":"Point","coordinates":[77.00494,43.19676]},"properties":{"hex_id":"H00546","district":"Медеу","ecorisk":4.6,"ecorisk_oof":4.33,"high_risk_prob":0.0,"ndvi":0.375,"lst_c":24.1,"reports":12,"landuse":"Жилая"}},{"type":"Feature","geometry":{"type":"Point","coordinates":[77.01244,43.19676]},"properties":{"hex_id":"H00547","district":"Медеу","ecorisk":3.06,"ecorisk_oof":2.82,"high_risk_prob":0.0,"ndvi":0.507,"lst_c":23.4,"reports":1,"landuse":"Парк/сквер"}},{"type":"Feature","geometry":{"type":"Point","coordinates":[77.01994,43.19676]},"properties":{"hex_id":"H00548","district":"Медеу","ecorisk":4.74,"ecorisk_oof":4.25,"high_risk_prob":0.001,"ndvi":0.507,"lst_c":23.8,"reports":49,"landuse":"Пустырь"}},{"type":"Feature","geometry":{"type":"Point","coordinates":[77.02744,43.19676]},"properties":{"hex_id":"H00549","district":"Медеу","ecorisk":3.71,"ecorisk_oof":3.54,"high_risk_prob":0.0,"ndvi":0.485,"lst_c":23.1,"reports":4,"landuse":"Парк/сквер"}},{"type":"Feature","geometry":{"type":"Point","coordinates":[77.03494,43.19676]},"properties":{"hex_id":"H00550","district":"Медеу","ecorisk":3.6,"ecorisk_oof":3.3,"high_risk_prob":0.0,"ndvi":0.454,"lst_c":22.1,"reports":4,"landuse":"Транспорт"}},{"type":"Feature","geometry":{"type":"Point","coordinates":[77.04243,43.19676]},"properties":{"hex_id":"H00551","district":"Медеу","ecorisk":3.35,"ecorisk_oof":3.25,"high_risk_prob":0.0,"ndvi":0.525,"lst_c":21.2,"reports":20,"landuse":"Парк/сквер"}},{"type":"Feature","geometry":{"type":"Point","coordinates":[77.04993,43.19676]},"properties":{"hex_id":"H00552","district":"Медеу","ecorisk":2.99,"ecorisk_oof":2.51,"high_risk_prob":0.0,"ndvi":0.507,"lst_c":22.7,"reports":1,"landuse":"Парк/сквер"}},{"type":"Feature","geometry":{"type":"Point","coordinates":[77.05743,43.19676]},"properties":{"hex_id":"H00553","district":"Медеу","ecorisk":1.98,"ecorisk_oof":1.92,"high_risk_prob":0.0,"ndvi":0.611,"lst_c":20.7,"reports":1,"landuse":"Коммерческая"}},{"type":"Feature","geometry":{"type":"Point","coordinates":[77.06493,43.19676]},"properties":{"hex_id":"H00554","district":"Медеу","ecorisk":3.37,"ecorisk_oof":3.56,"high_risk_prob":0.0,"ndvi":0.581,"lst_c":22.5,"reports":19,"landuse":"Парк/сквер"}},{"type":"Feature","geometry":{"type":"Point","coordinates":[77.07243,43.19676]},"properties":{"hex_id":"H00555","district":"Медеу","ecorisk":1.21,"ecorisk_oof":2.22,"high_risk_prob":0.0,"ndvi":0.56,"lst_c":18.6,"reports":1,"landuse":"Парк/сквер"}},{"type":"Feature","geometry":{"type":"Point","coordinates":[77.07993,43.19676]},"properties":{"hex_id":"H00556","district":"Медеу","ecorisk":3.11,"ecorisk_oof":3.47,"high_risk_prob":0.0,"ndvi":0.532,"lst_c":23.1,"reports":24,"landuse":"Парк/сквер"}},{"type":"Feature","geometry":{"type":"Point","coordinates":[77.08742,43.19676]},"properties":{"hex_id":"H00557","district":"Медеу","ecorisk":2.18,"ecorisk_oof":2.07,"high_risk_prob":0.0,"ndvi":0.544,"lst_c":19.3,"reports":2,"landuse":"Транспорт"}},{"type":"Feature","geometry":{"type":"Point","coordinates":[77.09492,43.19676]},"properties":{"hex_id":"H00558","district":"Медеу","ecorisk":2.3,"ecorisk_oof":2.49,"high_risk_prob":0.0,"ndvi":0.495,"lst_c":20.6,"reports":0,"landuse":"Коммерческая"}},{"type":"Feature","geometry":{"type":"Point","coordinates":[76.78375,43.20149]},"properties":{"hex_id":"H00559","district":"Алмалы","ecorisk":3.66,"ecorisk_oof":3.79,"high_risk_prob":0.0,"ndvi":0.363,"lst_c":23.8,"reports":4,"landuse":"Коммерческая"}},{"type":"Feature","geometry":{"type":"Point","coordinates":[76.79125,43.20149]},"properties":{"hex_id":"H00560","district":"Алмалы","ecorisk":3.47,"ecorisk_oof":3.73,"high_risk_prob":0.0,"ndvi":0.406,"lst_c":24.5,"reports":2,"landuse":"Транспорт"}},{"type":"Feature","geometry":{"type":"Point","coordinates":[76.79875,43.20149]},"properties":{"hex_id":"H00561","district":"Алмалы","ecorisk":3.56,"ecorisk_oof":3.62,"high_risk_prob":0.0,"ndvi":0.394,"lst_c":24.2,"reports":1,"landuse":"Парк/сквер"}},{"type":"Feature","geometry":{"type":"Point","coordinates":[76.80624,43.20149]},"properties":{"hex_id":"H00562","district":"Алмалы","ecorisk":3.54,"ecorisk_oof":3.47,"high_risk_prob":0.0,"ndvi":0.421,"lst_c":23.5,"reports":2,"landuse":"Жилая"}},{"type":"Feature","geometry":{"type":"Point","coordinates":[76.81374,43.20149]},"properties":{"hex_id":"H00563","district":"Алмалы","ecorisk":3.81,"ecorisk_oof":4.64,"high_risk_prob":0.001,"ndvi":0.363,"lst_c":25.7,"reports":1,"landuse":"Жилая"}},{"type":"Feature","geometry":{"type":"Point","coordinates":[76.82124,43.20149]},"properties":{"hex_id":"H00564","district":"Алмалы","ecorisk":4.83,"ecorisk_oof":4.76,"high_risk_prob":0.001,"ndvi":0.378,"lst_c":25.8,"reports":4,"landuse":"Парк/сквер"}},{"type":"Feature","geometry":{"type":"Point","coordinates":[76.82874,43.20149]},"properties":{"hex_id":"H00565","district":"Алмалы","ecorisk":4.42,"ecorisk_oof":4.44,"high_risk_prob":0.0,"ndvi":0.349,"lst_c":26.2,"reports":4,"landuse":"Пустырь"}},{"type":"Feature","geometry":{"type":"Point","coordinates":[76.83624,43.20149]},"properties":{"hex_id":"H00566","district":"Алмалы","ecorisk":5.14,"ecorisk_oof":4.81,"high_risk_prob":0.002,"ndvi":0.418,"lst_c":26.6,"reports":3,"landuse":"Парк/сквер"}},{"type":"Feature","geometry":{"type":"Point","coordinates":[76.84373,43.20149]},"properties":{"hex_id":"H00567","district":"Алмалы","ecorisk":5.65,"ecorisk_oof":6.06,"high_risk_prob":0.011,"ndvi":0.351,"lst_c":27.4,"reports":4,"landuse":"Парк/сквер"}},{"type":"Feature","geometry":{"type":"Point","coordinates":[76.85123,43.20149]},"properties":{"hex_id":"H00568","district":"Алмалы","ecorisk":6.07,"ecorisk_oof":5.84,"high_risk_prob":0.014,"ndvi":0.334,"lst_c":27.1,"reports":8,"landuse":"Жилая"}},{"type":"Feature","geometry":{"type":"Point","coordinates":[76.85873,43.20149]},"properties":{"hex_id":"H00569","district":"Алмалы","ecorisk":5.84,"ecorisk_oof":5.9,"high_risk_prob":0.001,"ndvi":0.365,"lst_c":28.2,"reports":8,"landuse":"Транспорт"}},{"type":"Feature","geometry":{"type":"Point","coordinates":[76.86623,43.20149]},"properties":{"hex_id":"H00570","district":"Алмалы","ecorisk":6.44,"ecorisk_oof":6.5,"high_risk_prob":0.841,"ndvi":0.271,"lst_c":29.3,"reports":8,"landuse":"Жилая"}},{"type":"Feature","geometry":{"type":"Point","coordinates":[76.87373,43.20149]},"properties":{"hex_id":"H00571","district":"Алмалы","ecorisk":7.16,"ecorisk_oof":7.47,"high_risk_prob":0.943,"ndvi":0.277,"lst_c":31.4,"reports":9,"landuse":"Жилая"}},{"type":"Feature","geometry":{"type":"Point","coordinates":[76.88122,43.20149]},"properties":{"hex_id":"H00572","district":"Бостандык","ecorisk":7.51,"ecorisk_oof":7.88,"high_risk_prob":0.986,"ndvi":0.231,"lst_c":31.4,"reports":59,"landuse":"Транспорт"}},{"type":"Feature","geometry":{"type":"Point","coordinates":[76.88872,43.20149]},"properties":{"hex_id":"H00573","district":"Бостандык","ecorisk":7.77,"ecorisk_oof":8.17,"high_risk_prob":0.98,"ndvi":0.252,"lst_c":34.0,"reports":12,"landuse":"Жилая"}},{"type":"Feature","geometry":{"type":"Point","coordinates":[76.89622,43.20149]},"properties":{"hex_id":"H00574","district":"Бостандык","ecorisk":7.39,"ecorisk_oof":7.8,"high_risk_prob":0.948,"ndvi":0.283,"lst_c":33.0,"reports":17,"landuse":"Жилая"}},{"type":"Feature","geometry":{"type":"Point","coordinates":[76.90372,43.20149]},"properties":{"hex_id":"H00575","district":"Бостандык","ecorisk":8.67,"ecorisk_oof":8.18,"high_risk_prob":0.974,"ndvi":0.235,"lst_c":31.8,"reports":118,"landuse":"Транспорт"}},{"type":"Feature","geometry":{"type":"Point","coordinates":[76.91122,43.20149]},"properties":{"hex_id":"H00576","district":"Бостандык","ecorisk":6.93,"ecorisk_oof":6.89,"high_risk_prob":0.581,"ndvi":0.264,"lst_c":29.0,"reports":14,"landuse":"Жилая"}},{"type":"Feature","geometry":{"type":"Point","coordinates":[76.91872,43.20149]},"properties":{"hex_id":"H00577","district":"Бостандык","ecorisk":7.51,"ecorisk_oof":7.67,"high_risk_prob":0.945,"ndvi":0.269,"lst_c":30.5,"reports":11,"landuse":"Коммерческая"}},{"type":"Feature","geometry":{"type":"Point","coordinates":[76.92621,43.20149]},"properties":{"hex_id":"H00578","district":"Бостандык","ecorisk":7.15,"ecorisk_oof":7.09,"high_risk_prob":0.788,"ndvi":0.303,"lst_c":30.3,"reports":29,"landuse":"Парк/сквер"}},{"type":"Feature","geometry":{"type":"Point","coordinates":[76.93371,43.20149]},"properties":{"hex_id":"H00579","district":"Бостандык","ecorisk":5.77,"ecorisk_oof":6.68,"high_risk_prob":0.143,"ndvi":0.247,"lst_c":29.3,"reports":16,"landuse":"Жилая"}},{"type":"Feature","geometry":{"type":"Point","coordinates":[76.94121,43.20149]},"properties":{"hex_id":"H00580","district":"Бостандык","ecorisk":6.6,"ecorisk_oof":6.19,"high_risk_prob":0.476,"ndvi":0.319,"lst_c":31.1,"reports":47,"landuse":"Транспорт"}},{"type":"Feature","geometry":{"type":"Point","coordinates":[76.94871,43.20149]},"properties":{"hex_id":"H00581","district":"Бостандык","ecorisk":5.38,"ecorisk_oof":5.39,"high_risk_prob":0.001,"ndvi":0.378,"lst_c":29.1,"reports":9,"landuse":"Жилая"}},{"type":"Feature","geometry":{"type":"Point","coordinates":[76.95621,43.20149]},"properties":{"hex_id":"H00582","district":"Медеу","ecorisk":6.84,"ecorisk_oof":7.06,"high_risk_prob":0.984,"ndvi":0.323,"lst_c":29.6,"reports":22,"landuse":"Транспорт"}},{"type":"Feature","geometry":{"type":"Point","coordinates":[76.9637,43.20149]},"properties":{"hex_id":"H00583","district":"Медеу","ecorisk":6.18,"ecorisk_oof":6.31,"high_risk_prob":0.656,"ndvi":0.353,"lst_c":29.5,"reports":13,"landuse":"Жилая"}},{"type":"Feature","geometry":{"type":"Point","coordinates":[76.9712,43.20149]},"properties":{"hex_id":"H00584","district":"Медеу","ecorisk":5.03,"ecorisk_oof":5.54,"high_risk_prob":0.01,"ndvi":0.282,"lst_c":26.6,"reports":12,"landuse":"Парк/сквер"}},{"type":"Feature","geometry":{"type":"Point","coordinates":[76.9787,43.20149]},"properties":{"hex_id":"H00585","district":"Медеу","ecorisk":4.64,"ecorisk_oof":4.75,"high_risk_prob":0.0,"ndvi":0.356,"lst_c":26.8,"reports":2,"landuse":"Жилая"}},{"type":"Feature","geometry":{"type":"Point","coordinates":[76.9862,43.20149]},"properties":{"hex_id":"H00586","district":"Медеу","ecorisk":4.79,"ecorisk_oof":4.77,"high_risk_prob":0.002,"ndvi":0.397,"lst_c":25.6,"reports":4,"landuse":"Транспорт"}},{"type":"Feature","geometry":{"type":"Point","coordinates":[76.9937,43.20149]},"properties":{"hex_id":"H00587","district":"Медеу","ecorisk":4.32,"ecorisk_oof":4.27,"high_risk_prob":0.0,"ndvi":0.403,"lst_c":27.5,"reports":3,"landuse":"Коммерческая"}},{"type":"Feature","geometry":{"type":"Point","coordinates":[77.00119,43.20149]},"properties":{"hex_id":"H00588","district":"Медеу","ecorisk":2.96,"ecorisk_oof":3.33,"high_risk_prob":0.0,"ndvi":0.472,"lst_c":23.5,"reports":2,"landuse":"Парк/сквер"}},{"type":"Feature","geometry":{"type":"Point","coordinates":[77.00869,43.20149]},"properties":{"hex_id":"H00589","district":"Медеу","ecorisk":3.02,"ecorisk_oof":2.59,"high_risk_prob":0.0,"ndvi":0.471,"lst_c":23.3,"reports":2,"landuse":"Парк/сквер"}},{"type":"Feature","geometry":{"type":"Point","coordinates":[77.01619,43.20149]},"properties":{"hex_id":"H00590","district":"Медеу","ecorisk":3.21,"ecorisk_oof":3.25,"high_risk_prob":0.0,"ndvi":0.492,"lst_c":25.1,"reports":1,"landuse":"Жилая"}},{"type":"Feature","geometry":{"type":"Point","coordinates":[77.02369,43.20149]},"properties":{"hex_id":"H00591","district":"Медеу","ecorisk":4.35,"ecorisk_oof":4.08,"high_risk_prob":0.001,"ndvi":0.496,"lst_c":22.8,"reports":17,"landuse":"Парк/сквер"}},{"type":"Feature","geometry":{"type":"Point","coordinates":[77.03119,43.20149]},"properties":{"hex_id":"H00592","district":"Медеу","ecorisk":2.68,"ecorisk_oof":2.52,"high_risk_prob":0.0,"ndvi":0.443,"lst_c":21.7,"reports":0,"landuse":"Парк/сквер"}},{"type":"Feature","geometry":{"type":"Point","coordinates":[77.03869,43.20149]},"properties":{"hex_id":"H00593","district":"Медеу","ecorisk":3.85,"ecorisk_oof":3.79,"high_risk_prob":0.0,"ndvi":0.476,"lst_c":21.8,"reports":6,"landuse":"Жилая"}},{"type":"Feature","geometry":{"type":"Point","coordinates":[77.04618,43.20149]},"properties":{"hex_id":"H00594","district":"Медеу","ecorisk":2.19,"ecorisk_oof":2.63,"high_risk_prob":0.0,"ndvi":0.587,"lst_c":22.2,"reports":2,"landuse":"Жилая"}},{"type":"Feature","geometry":{"type":"Point","coordinates":[77.05368,43.20149]},"properties":{"hex_id":"H00595","district":"Медеу","ecorisk":2.19,"ecorisk_oof":2.2,"high_risk_prob":0.0,"ndvi":0.554,"lst_c":22.7,"reports":3,"landuse":"Жилая"}},{"type":"Feature","geometry":{"type":"Point","coordinates":[77.06118,43.20149]},"properties":{"hex_id":"H00596","district":"Медеу","ecorisk":2.32,"ecorisk_oof":2.59,"high_risk_prob":0.0,"ndvi":0.524,"lst_c":21.8,"reports":0,"landuse":"Парк/сквер"}},{"type":"Feature","geometry":{"type":"Point","coordinates":[77.06868,43.20149]},"properties":{"hex_id":"H00597","district":"Медеу","ecorisk":2.5,"ecorisk_oof":3.25,"high_risk_prob":0.0,"ndvi":0.532,"lst_c":21.8,"reports":26,"landuse":"Парк/сквер"}},{"type":"Feature","geometry":{"type":"Point","coordinates":[77.07618,43.20149]},"properties":{"hex_id":"H00598","district":"Медеу","ecorisk":1.68,"ecorisk_oof":2.05,"high_risk_prob":0.0,"ndvi":0.531,"lst_c":20.2,"reports":2,"landuse":"Парк/сквер"}},{"type":"Feature","geometry":{"type":"Point","coordinates":[77.08367,43.20149]},"properties":{"hex_id":"H00599","district":"Медеу","ecorisk":2.33,"ecorisk_oof":2.09,"high_risk_prob":0.0,"ndvi":0.58,"lst_c":22.5,"reports":1,"landuse":"Парк/сквер"}},{"type":"Feature","geometry":{"type":"Point","coordinates":[77.09117,43.20149]},"properties":{"hex_id":"H00600","district":"Медеу","ecorisk":2.42,"ecorisk_oof":2.76,"high_risk_prob":0.0,"ndvi":0.583,"lst_c":21.5,"reports":2,"landuse":"Парк/сквер"}},{"type":"Feature","geometry":{"type":"Point","coordinates":[77.09867,43.20149]},"properties":{"hex_id":"H00601","district":"Медеу","ecorisk":2.43,"ecorisk_oof":2.2,"high_risk_prob":0.0,"ndvi":0.536,"lst_c":18.2,"reports":3,"landuse":"Транспорт"}},{"type":"Feature","geometry":{"type":"Point","coordinates":[76.78,43.20622]},"properties":{"hex_id":"H00602","district":"Алмалы","ecorisk":3.46,"ecorisk_oof":3.69,"high_risk_prob":0.0,"ndvi":0.376,"lst_c":24.5,"reports":2,"landuse":"Промышленная"}},{"type":"Feature","geometry":{"type":"Point","coordinates":[76.7875,43.20622]},"properties":{"hex_id":"H00603","district":"Алмалы","ecorisk":4.71,"ecorisk_oof":4.71,"high_risk_prob":0.003,"ndvi":0.342,"lst_c":22.3,"reports":25,"landuse":"Жилая"}},{"type":"Feature","geometry":{"type":"Point","coordinates":[76.795,43.20622]},"properties":{"hex_id":"H00604","district":"Алмалы","ecorisk":4.35,"ecorisk_oof":4.12,"high_risk_prob":0.0,"ndvi":0.397,"lst_c":24.0,"reports":28,"landuse":"Пустырь"}},{"type":"Feature","geometry":{"type":"Point","coordinates":[76.80249,43.20622]},"properties":{"hex_id":"H00605","district":"Алмалы","ecorisk":4.29,"ecorisk_oof":4.4,"high_risk_prob":0.0,"ndvi":0.346,"lst_c":24.6,"reports":4,"landuse":"Жилая"}},{"type":"Feature","geometry":{"type":"Point","coordinates":[76.80999,43.20622]},"properties":{"hex_id":"H00606","district":"Алмалы","ecorisk":4.1,"ecorisk_oof":4.42,"high_risk_prob":0.001,"ndvi":0.357,"lst_c":24.4,"reports":1,"landuse":"Жилая"}},{"type":"Feature","geometry":{"type":"Point","coordinates":[76.81749,43.20622]},"properties":{"hex_id":"H00607","district":"Алмалы","ecorisk":4.52,"ecorisk_oof":4.49,"high_risk_prob":0.001,"ndvi":0.292,"lst_c":26.1,"reports":3,"landuse":"Парк/сквер"}},{"type":"Feature","geometry":{"type":"Point","coordinates":[76.82499,43.20622]},"properties":{"hex_id":"H00608","district":"Алмалы","ecorisk":5.74,"ecorisk_oof":5.69,"high_risk_prob":0.003,"ndvi":0.306,"lst_c":25.7,"reports":17,"landuse":"Коммерческая"}},{"type":"Feature","geometry":{"type":"Point","coordinates":[76.83249,43.20622]},"properties":{"hex_id":"H00609","district":"Алмалы","ecorisk":5.47,"ecorisk_oof":5.52,"high_risk_prob":0.032,"ndvi":0.355,"lst_c":25.7,"reports":11,"landuse":"Парк/сквер"}},{"type":"Feature","geometry":{"type":"Point","coordinates":[76.83999,43.20622]},"properties":{"hex_id":"H00610","district":"Алмалы","ecorisk":6.59,"ecorisk_oof":6.81,"high_risk_prob":0.96,"ndvi":0.32,"lst_c":25.7,"reports":82,"landuse":"Пустырь"}},{"type":"Feature","geometry":{"type":"Point","coordinates":[76.84748,43.20622]},"properties":{"hex_id":"H00611","district":"Алмалы","ecorisk":5.68,"ecorisk_oof":5.86,"high_risk_prob":0.02,"ndvi":0.329,"lst_c":28.2,"reports":14,"landuse":"Жилая"}},{"type":"Feature","geometry":{"type":"Point","coordinates":[76.85498,43.20622]},"properties":{"hex_id":"H00612","district":"Алмалы","ecorisk":6.09,"ecorisk_oof":5.94,"high_risk_prob":0.034,"ndvi":0.369,"lst_c":28.6,"reports":56,"landuse":"Коммерческая"}},{"type":"Feature","geometry":{"type":"Point","coordinates":[76.86248,43.20622]},"properties":{"hex_id":"H00613","district":"Алмалы","ecorisk":6.11,"ecorisk_oof":6.4,"high_risk_prob":0.478,"ndvi":0.225,"lst_c":29.0,"reports":6,"landuse":"Транспорт"}},{"type":"Feature","geometry":{"type":"Point","coordinates":[76.86998,43.20622]},"properties":{"hex_id":"H00614","district":"Алмалы","ecorisk":5.78,"ecorisk_oof":5.7,"high_risk_prob":0.107,"ndvi":0.283,"lst_c":29.2,"reports":5,"landuse":"Жилая"}},{"type":"Feature","geometry":{"type":"Point","coordinates":[76.87748,43.20622]},"properties":{"hex_id":"H00615","district":"Бостандык","ecorisk":7.94,"ecorisk_oof":8.28,"high_risk_prob":0.995,"ndvi":0.237,"lst_c":30.0,"reports":12,"landuse":"Жилая"}},{"type":"Feature","geometry":{"type":"Point","coordinates":[76.88497,43.20622]},"properties":{"hex_id":"H00616","district":"Бостандык","ecorisk":8.16,"ecorisk_oof":8.56,"high_risk_prob":0.958,"ndvi":0.151,"lst_c":33.7,"reports":12,"landuse":"Транспорт"}},{"type":"Feature","geometry":{"type":"Point","coordinates":[76.89247,43.20622]},"properties":{"hex_id":"H00617","district":"Бостандык","ecorisk":7.61,"ecorisk_oof":8.39,"high_risk_prob":0.993,"ndvi":0.247,"lst_c":33.3,"reports":34,"landuse":"Жилая"}},{"type":"Feature","geometry":{"type":"Point","coordinates":[76.89997,43.20622]},"properties":{"hex_id":"H00618","district":"Бостандык","ecorisk":7.99,"ecorisk_oof":8.32,"high_risk_prob":0.985,"ndvi":0.185,"lst_c":33.1,"reports":9,"landuse":"Транспорт"}},{"type":"Feature","geometry":{"type":"Point","coordinates":[76.90747,43.20622]},"properties":{"hex_id":"H00619","district":"Бостандык","ecorisk":7.92,"ecorisk_oof":8.49,"high_risk_prob":0.997,"ndvi":0.203,"lst_c":33.6,"reports":16,"landuse":"Жилая"}},{"type":"Feature","geometry":{"type":"Point","coordinates":[76.91497,43.20622]},"properties":{"hex_id":"H00620","district":"Бостандык","ecorisk":7.34,"ecorisk_oof":7.27,"high_risk_prob":0.855,"ndvi":0.182,"lst_c":31.8,"reports":13,"landuse":"Промышленная"}},{"type":"Feature","geometry":{"type":"Point","coordinates":[76.92246,43.20622]},"properties":{"hex_id":"H00621","district":"Бостандык","ecorisk":7.96,"ecorisk_oof":8.3,"high_risk_prob":0.981,"ndvi":0.267,"lst_c":32.2,"reports":12,"landuse":"Транспорт"}},{"type":"Feature","geometry":{"type":"Point","coordinates":[76.92996,43.20622]},"properties":{"hex_id":"H00622","district":"Бостандык","ecorisk":7.14,"ecorisk_oof":7.2,"high_risk_prob":0.501,"ndvi":0.239,"lst_c":31.7,"reports":10,"landuse":"Жилая"}},{"type":"Feature","geometry":{"type":"Point","coordinates":[76.93746,43.20622]},"properties":{"hex_id":"H00623","district":"Бостандык","ecorisk":8.42,"ecorisk_oof":8.29,"high_risk_prob":0.978,"ndvi":0.26,"lst_c":31.1,"reports":48,"landuse":"Жилая"}},{"type":"Feature","geometry":{"type":"Point","coordinates":[76.94496,43.20622]},"properties":{"hex_id":"H00624","district":"Бостандык","ecorisk":6.36,"ecorisk_oof":6.45,"high_risk_prob":0.035,"ndvi":0.325,"lst_c":29.2,"reports":8,"landuse":"Жилая"}},{"type":"Feature","geometry":{"type":"Point","coordinates":[76.95246,43.20622]},"properties":{"hex_id":"H00625","district":"Бостандык","ecorisk":6.5,"ecorisk_oof":6.45,"high_risk_prob":0.593,"ndvi":0.208,"lst_c":31.9,"reports":14,"landuse":"Транспорт"}},{"type":"Feature","geometry":{"type":"Point","coordinates":[76.95996,43.20622]},"properties":{"hex_id":"H00626","district":"Медеу","ecorisk":7.15,"ecorisk_oof":7.39,"high_risk_prob":0.925,"ndvi":0.255,"lst_c":29.6,"reports":28,"landuse":"Жилая"}},{"type":"Feature","geometry":{"type":"Point","coordinates":[76.96745,43.20622]},"properties":{"hex_id":"H00627","district":"Медеу","ecorisk":5.45,"ecorisk_oof":5.44,"high_risk_prob":0.018,"ndvi":0.301,"lst_c":29.6,"reports":4,"landuse":"Транспорт"}},{"type":"Feature","geometry":{"type":"Point","coordinates":[76.97495,43.20622]},"properties":{"hex_id":"H00628","district":"Медеу","ecorisk":4.94,"ecorisk_oof":4.84,"high_risk_prob":0.0,"ndvi":0.355,"lst_c":26.3,"reports":1,"landuse":"Транспорт"}},{"type":"Feature","geometry":{"type":"Point","coordinates":[76.98245,43.20622]},"properties":{"hex_id":"H00629","district":"Медеу","ecorisk":4.67,"ecorisk_oof":4.59,"high_risk_prob":0.0,"ndvi":0.352,"lst_c":27.4,"reports":3,"landuse":"Парк/сквер"}},{"type":"Feature","geometry":{"type":"Point","coordinates":[76.98995,43.20622]},"properties":{"hex_id":"H00630","district":"Медеу","ecorisk":3.89,"ecorisk_oof":4.39,"high_risk_prob":0.0,"ndvi":0.436,"lst_c":25.4,"reports":0,"landuse":"Парк/сквер"}},{"type":"Feature","geometry":{"type":"Point","coordinates":[76.99745,43.20622]},"properties":{"hex_id":"H00631","district":"Медеу","ecorisk":3.93,"ecorisk_oof":3.78,"high_risk_prob":0.0,"ndvi":0.376,"lst_c":24.0,"reports":2,"landuse":"Промышленная"}},{"type":"Feature","geometry":{"type":"Point","coordinates":[77.00494,43.20622]},"properties":{"hex_id":"H00632","district":"Медеу","ecorisk":4.4,"ecorisk_oof":4.26,"high_risk_prob":0.0,"ndvi":0.381,"lst_c":24.8,"reports":1,"landuse":"Парк/сквер"}},{"type":"Feature","geometry":{"type":"Point","coordinates":[77.01244,43.20622]},"properties":{"hex_id":"H00633","district":"Медеу","ecorisk":3.34,"ecorisk_oof":3.45,"high_risk_prob":0.0,"ndvi":0.424,"lst_c":22.5,"reports":0,"landuse":"Парк/сквер"}},{"type":"Feature","geometry":{"type":"Point","coordinates":[77.01994,43.20622]},"properties":{"hex_id":"H00634","district":"Медеу","ecorisk":3.15,"ecorisk_oof":2.6,"high_risk_prob":0.0,"ndvi":0.486,"lst_c":23.4,"reports":0,"landuse":"Коммерческая"}},{"type":"Feature","geometry":{"type":"Point","coordinates":[77.02744,43.20622]},"properties":{"hex_id":"H00635","district":"Медеу","ecorisk":2.71,"ecorisk_oof":2.46,"high_risk_prob":0.0,"ndvi":0.53,"lst_c":20.3,"reports":0,"landuse":"Парк/сквер"}},{"type":"Feature","geometry":{"type":"Point","coordinates":[77.03494,43.20622]},"properties":{"hex_id":"H00636","district":"Медеу","ecorisk":2.65,"ecorisk_oof":3.06,"high_risk_prob":0.0,"ndvi":0.52,"lst_c":21.2,"reports":3,"landuse":"Жилая"}},{"type":"Feature","geometry":{"type":"Point","coordinates":[77.04243,43.20622]},"properties":{"hex_id":"H00637","district":"Медеу","ecorisk":2.65,"ecorisk_oof":2.84,"high_risk_prob":0.0,"ndvi":0.442,"lst_c":23.6,"reports":1,"landuse":"Жилая"}},{"type":"Feature","geometry":{"type":"Point","coordinates":[77.04993,43.20622]},"properties":{"hex_id":"H00638","district":"Медеу","ecorisk":3.15,"ecorisk_oof":2.53,"high_risk_prob":0.0,"ndvi":0.466,"lst_c":19.7,"reports":2,"landuse":"Коммерческая"}},{"type":"Feature","geometry":{"type":"Point","coordinates":[77.05743,43.20622]},"properties":{"hex_id":"H00639","district":"Медеу","ecorisk":2.58,"ecorisk_oof":2.6,"high_risk_prob":0.0,"ndvi":0.5,"lst_c":23.1,"reports":0,"landuse":"Парк/сквер"}},{"type":"Feature","geometry":{"type":"Point","coordinates":[77.06493,43.20622]},"properties":{"hex_id":"H00640","district":"Медеу","ecorisk":2.61,"ecorisk_oof":2.28,"high_risk_prob":0.0,"ndvi":0.543,"lst_c":21.0,"reports":1,"landuse":"Транспорт"}},{"type":"Feature","geometry":{"type":"Point","coordinates":[77.07243,43.20622]},"properties":{"hex_id":"H00641","district":"Медеу","ecorisk":2.36,"ecorisk_oof":2.65,"high_risk_prob":0.0,"ndvi":0.474,"lst_c":21.0,"reports":1,"landuse":"Жилая"}},{"type":"Feature","geometry":{"type":"Point","coordinates":[77.07993,43.20622]},"properties":{"hex_id":"H00642","district":"Медеу","ecorisk":3.67,"ecorisk_oof":3.51,"high_risk_prob":0.001,"ndvi":0.522,"lst_c":22.0,"reports":9,"landuse":"Транспорт"}},{"type":"Feature","geometry":{"type":"Point","coordinates":[77.08742,43.20622]},"properties":{"hex_id":"H00643","district":"Медеу","ecorisk":1.25,"ecorisk_oof":2.07,"high_risk_prob":0.0,"ndvi":0.647,"lst_c":18.5,"reports":0,"landuse":"Промышленная"}},{"type":"Feature","geometry":{"type":"Point","coordinates":[77.09492,43.20622]},"properties":{"hex_id":"H00644","district":"Медеу","ecorisk":2.2,"ecorisk_oof":2.39,"high_risk_prob":0.0,"ndvi":0.517,"lst_c":23.1,"reports":2,"landuse":"Транспорт"}},{"type":"Feature","geometry":{"type":"Point","coordinates":[76.78375,43.21095]},"properties":{"hex_id":"H00645","district":"Алмалы","ecorisk":4.08,"ecorisk_oof":4.45,"high_risk_prob":0.0,"ndvi":0.387,"lst_c":23.4,"reports":14,"landuse":"Промышленная"}},{"type":"Feature","geometry":{"type":"Point","coordinates":[76.79125,43.21095]},"properties":{"hex_id":"H00646","district":"Алмалы","ecorisk":4.15,"ecorisk_oof":4.52,"high_risk_prob":0.0,"ndvi":0.389,"lst_c":25.2,"reports":2,"landuse":"Транспорт"}},{"type":"Feature","geometry":{"type":"Point","coordinates":[76.79875,43.21095]},"properties":{"hex_id":"H00647","district":"Алмалы","ecorisk":4.77,"ecorisk_oof":4.59,"high_risk_prob":0.001,"ndvi":0.318,"lst_c":22.8,"reports":19,"landuse":"Парк/сквер"}},{"type":"Feature","geometry":{"type":"Point","coordinates":[76.80624,43.21095]},"properties":{"hex_id":"H00648","district":"Алмалы","ecorisk":4.26,"ecorisk_oof":4.47,"high_risk_prob":0.0,"ndvi":0.314,"lst_c":23.1,"reports":1,"landuse":"Парк/сквер"}},{"type":"Feature","geometry":{"type":"Point","coordinates":[76.81374,43.21095]},"properties":{"hex_id":"H00649","district":"Алмалы","ecorisk":3.76,"ecorisk_oof":3.67,"high_risk_prob":0.0,"ndvi":0.416,"lst_c":23.8,"reports":2,"landuse":"Пустырь"}},{"type":"Feature","geometry":{"type":"Point","coordinates":[76.82124,43.21095]},"properties":{"hex_id":"H00650","district":"Алмалы","ecorisk":5.56,"ecorisk_oof":5.38,"high_risk_prob":0.013,"ndvi":0.269,"lst_c":27.7,"reports":32,"landuse":"Промышленная"}},{"type":"Feature","geometry":{"type":"Point","coordinates":[76.82874,43.21095]},"properties":{"hex_id":"H00651","district":"Алмалы","ecorisk":4.35,"ecorisk_oof":4.64,"high_risk_prob":0.002,"ndvi":0.377,"lst_c":25.8,"reports":2,"landuse":"Коммерческая"}},{"type":"Feature","geometry":{"type":"Point","coordinates":[76.83624,43.21095]},"properties":{"hex_id":"H00652","district":"Алмалы","ecorisk":5.12,"ecorisk_oof":5.2,"high_risk_prob":0.0,"ndvi":0.308,"lst_c":26.3,"reports":7,"landuse":"Транспорт"}},{"type":"Feature","geometry":{"type":"Point","coordinates":[76.84373,43.21095]},"properties":{"hex_id":"H00653","district":"Алмалы","ecorisk":5.84,"ecorisk_oof":5.84,"high_risk_prob":0.018,"ndvi":0.308,"lst_c":27.2,"reports":9,"landuse":"Парк/сквер"}},{"type":"Feature","geometry":{"type":"Point","coordinates":[76.85123,43.21095]},"properties":{"hex_id":"H00654","district":"Алмалы","ecorisk":7.89,"ecorisk_oof":7.29,"high_risk_prob":0.983,"ndvi":0.315,"lst_c":28.3,"reports":60,"landuse":"Транспорт"}},{"type":"Feature","geometry":{"type":"Point","coordinates":[76.85873,43.21095]},"properties":{"hex_id":"H00655","district":"Алмалы","ecorisk":6.55,"ecorisk_oof":6.67,"high_risk_prob":0.423,"ndvi":0.279,"lst_c":30.2,"reports":20,"landuse":"Коммерческая"}},{"type":"Feature","geometry":{"type":"Point","coordinates":[76.86623,43.21095]},"properties":{"hex_id":"H00656","district":"Алмалы","ecorisk":7.93,"ecorisk_oof":8.16,"high_risk_prob":0.99,"ndvi":0.238,"lst_c":32.4,"reports":54,"landuse":"Коммерческая"}},{"type":"Feature","geometry":{"type":"Point","coordinates":[76.87373,43.21095]},"properties":{"hex_id":"H00657","district":"Алмалы","ecorisk":7.03,"ecorisk_oof":7.63,"high_risk_prob":0.974,"ndvi":0.255,"lst_c":30.7,"reports":14,"landuse":"Жилая"}},{"type":"Feature","geometry":{"type":"Point","coordinates":[76.88122,43.21095]},"properties":{"hex_id":"H00658","district":"Бостандык","ecorisk":7.66,"ecorisk_oof":7.37,"high_risk_prob":0.754,"ndvi":0.223,"lst_c":32.3,"reports":11,"landuse":"Транспорт"}},{"type":"Feature","geometry":{"type":"Point","coordinates":[76.88872,43.21095]},"properties":{"hex_id":"H00659","district":"Бостандык","ecorisk":7.97,"ecorisk_oof":7.91,"high_risk_prob":0.984,"ndvi":0.254,"lst_c":32.2,"reports":39,"landuse":"Транспорт"}},{"type":"Feature","geometry":{"type":"Point","coordinates":[76.89622,43.21095]},"properties":{"hex_id":"H00660","district":"Бостандык","ecorisk":7.11,"ecorisk_oof":7.59,"high_risk_prob":0.677,"ndvi":0.245,"lst_c":35.2,"reports":23,"landuse":"Жилая"}},{"type":"Feature","geometry":{"type":"Point","coordinates":[76.90372,43.21095]},"properties":{"hex_id":"H00661","district":"Бостандык","ecorisk":7.6,"ecorisk_oof":8.02,"high_risk_prob":0.983,"ndvi":0.239,"lst_c":32.0,"reports":14,"landuse":"Жилая"}},{"type":"Feature","geometry":{"type":"Point","coordinates":[76.91122,43.21095]},"properties":{"hex_id":"H00662","district":"Бостандык","ecorisk":8.0,"ecorisk_oof":8.21,"high_risk_prob":0.987,"ndvi":0.193,"lst_c":32.8,"reports":12,"landuse":"Промышленная"}},{"type":"Feature","geometry":{"type":"Point","coordinates":[76.91872,43.21095]},"properties":{"hex_id":"H00663","district":"Бостандык","ecorisk":8.5,"ecorisk_oof":8.65,"high_risk_prob":0.998,"ndvi":0.179,"lst_c":31.9,"reports":44,"landuse":"Жилая"}},{"type":"Feature","geometry":{"type":"Point","coordinates":[76.92621,43.21095]},"properties":{"hex_id":"H00664","district":"Бостандык","ecorisk":8.59,"ecorisk_oof":8.66,"high_risk_prob":0.992,"ndvi":0.129,"lst_c":33.6,"reports":20,"landuse":"Коммерческая"}},{"type":"Feature","geometry":{"type":"Point","coordinates":[76.93371,43.21095]},"properties":{"hex_id":"H00665","district":"Бостандык","ecorisk":7.62,"ecorisk_oof":7.89,"high_risk_prob":0.985,"ndvi":0.237,"lst_c":34.4,"reports":65,"landuse":"Транспорт"}},{"type":"Feature","geometry":{"type":"Point","coordinates":[76.94121,43.21095]},"properties":{"hex_id":"H00666","district":"Бостандык","ecorisk":7.97,"ecorisk_oof":8.41,"high_risk_prob":0.992,"ndvi":0.231,"lst_c":31.1,"reports":73,"landuse":"Коммерческая"}},{"type":"Feature","geometry":{"type":"Point","coordinates":[76.94871,43.21095]},"properties":{"hex_id":"H00667","district":"Бостандык","ecorisk":7.23,"ecorisk_oof":7.54,"high_risk_prob":0.955,"ndvi":0.296,"lst_c":31.6,"reports":55,"landuse":"Жилая"}},{"type":"Feature","geometry":{"type":"Point","coordinates":[76.95621,43.21095]},"properties":{"hex_id":"H00668","district":"Медеу","ecorisk":5.71,"ecorisk_oof":5.97,"high_risk_prob":0.009,"ndvi":0.32,"lst_c":30.6,"reports":7,"landuse":"Жилая"}},{"type":"Feature","geometry":{"type":"Point","coordinates":[76.9637,43.21095]},"properties":{"hex_id":"H00669","district":"Медеу","ecorisk":6.22,"ecorisk_oof":6.36,"high_risk_prob":0.245,"ndvi":0.292,"lst_c":30.1,"reports":22,"landuse":"Жилая"}},{"type":"Feature","geometry":{"type":"Point","coordinates":[76.9712,43.21095]},"properties":{"hex_id":"H00670","district":"Медеу","ecorisk":6.4,"ecorisk_oof":6.39,"high_risk_prob":0.699,"ndvi":0.287,"lst_c":26.3,"reports":33,"landuse":"Коммерческая"}},{"type":"Feature","geometry":{"type":"Point","coordinates":[76.9787,43.21095]},"properties":{"hex_id":"H00671","district":"Медеу","ecorisk":5.26,"ecorisk_oof":5.29,"high_risk_prob":0.0,"ndvi":0.357,"lst_c":27.9,"reports":5,"landuse":"Парк/сквер"}},{"type":"Feature","geometry":{"type":"Point","coordinates":[76.9862,43.21095]},"properties":{"hex_id":"H00672","district":"Медеу","ecorisk":6.97,"ecorisk_oof":6.61,"high_risk_prob":0.505,"ndvi":0.355,"lst_c":28.6,"reports":65,"landuse":"Пустырь"}},{"type":"Feature","geometry":{"type":"Point","coordinates":[76.9937,43.21095]},"properties":{"hex_id":"H00673","district":"Медеу","ecorisk":4.13,"ecorisk_oof":4.24,"high_risk_prob":0.0,"ndvi":0.435,"lst_c":25.8,"reports":2,"landuse":"Жилая"}},{"type":"Feature","geometry":{"type":"Point","coordinates":[77.00119,43.21095]},"properties":{"hex_id":"H00674","district":"Медеу","ecorisk":3.71,"ecorisk_oof":3.93,"high_risk_prob":0.001,"ndvi":0.386,"lst_c":25.5,"reports":3,"landuse":"Парк/сквер"}},{"type":"Feature","geometry":{"type":"Point","coordinates":[77.00869,43.21095]},"properties":{"hex_id":"H00675","district":"Медеу","ecorisk":3.94,"ecorisk_oof":3.67,"high_risk_prob":0.0,"ndvi":0.435,"lst_c":23.3,"reports":3,"landuse":"Коммерческая"}},{"type":"Feature","geometry":{"type":"Point","coordinates":[77.01619,43.21095]},"properties":{"hex_id":"H00676","district":"Медеу","ecorisk":4.5,"ecorisk_oof":4.71,"high_risk_prob":0.001,"ndvi":0.424,"lst_c":24.4,"reports":19,"landuse":"Жилая"}},{"type":"Feature","geometry":{"type":"Point","coordinates":[77.02369,43.21095]},"properties":{"hex_id":"H00677","district":"Медеу","ecorisk":3.95,"ecorisk_oof":4.06,"high_risk_prob":0.0,"ndvi":0.472,"lst_c":23.7,"reports":21,"landuse":"Парк/сквер"}},{"type":"Feature","geometry":{"type":"Point","coordinates":[77.03119,43.21095]},"properties":{"hex_id":"H00678","district":"Медеу","ecorisk":3.4,"ecorisk_oof":3.24,"high_risk_prob":0.0,"ndvi":0.492,"lst_c":22.1,"reports":1,"landuse":"Транспорт"}},{"type":"Feature","geometry":{"type":"Point","coordinates":[77.03869,43.21095]},"properties":{"hex_id":"H00679","district":"Медеу","ecorisk":3.62,"ecorisk_oof":3.48,"high_risk_prob":0.0,"ndvi":0.442,"lst_c":23.4,"reports":14,"landuse":"Жилая"}},{"type":"Feature","geometry":{"type":"Point","coordinates":[77.04618,43.21095]},"properties":{"hex_id":"H00680","district":"Медеу","ecorisk":2.93,"ecorisk_oof":2.92,"high_risk_prob":0.0,"ndvi":0.498,"lst_c":23.3,"reports":2,"landuse":"Пустырь"}},{"type":"Feature","geometry":{"type":"Point","coordinates":[77.05368,43.21095]},"properties":{"hex_id":"H00681","district":"Медеу","ecorisk":2.5,"ecorisk_oof":2.58,"high_risk_prob":0.0,"ndvi":0.493,"lst_c":20.3,"reports":2,"landuse":"Жилая"}},{"type":"Feature","geometry":{"type":"Point","coordinates":[77.06118,43.21095]},"properties":{"hex_id":"H00682","district":"Медеу","ecorisk":3.25,"ecorisk_oof":3.31,"high_risk_prob":0.0,"ndvi":0.464,"lst_c":22.9,"reports":0,"landuse":"Парк/сквер"}},{"type":"Feature","geometry":{"type":"Point","coordinates":[77.06868,43.21095]},"properties":{"hex_id":"H00683","district":"Медеу","ecorisk":2.53,"ecorisk_oof":2.74,"high_risk_prob":0.0,"ndvi":0.488,"lst_c":20.6,"reports":3,"landuse":"Транспорт"}},{"type":"Feature","geometry":{"type":"Point","coordinates":[77.07618,43.21095]},"properties":{"hex_id":"H00684","district":"Медеу","ecorisk":2.34,"ecorisk_oof":2.36,"high_risk_prob":0.0,"ndvi":0.508,"lst_c":21.8,"reports":0,"landuse":"Парк/сквер"}},{"type":"Feature","geometry":{"type":"Point","coordinates":[77.08367,43.21095]},"properties":{"hex_id":"H00685","district":"Медеу","ecorisk":3.35,"ecorisk_oof":3.4,"high_risk_prob":0.0,"ndvi":0.449,"lst_c":21.7,"reports":20,"landuse":"Парк/сквер"}},{"type":"Feature","geometry":{"type":"Point","coordinates":[77.09117,43.21095]},"properties":{"hex_id":"H00686","district":"Медеу","ecorisk":3.31,"ecorisk_oof":3.45,"high_risk_prob":0.0,"ndvi":0.598,"lst_c":21.3,"reports":16,"landuse":"Парк/сквер"}},{"type":"Feature","geometry":{"type":"Point","coordinates":[77.09867,43.21095]},"properties":{"hex_id":"H00687","district":"Медеу","ecorisk":1.96,"ecorisk_oof":2.37,"high_risk_prob":0.0,"ndvi":0.521,"lst_c":21.2,"reports":3,"landuse":"Парк/сквер"}},{"type":"Feature","geometry":{"type":"Point","coordinates":[76.78,43.21568]},"properties":{"hex_id":"H00688","district":"Алмалы","ecorisk":3.9,"ecorisk_oof":3.68,"high_risk_prob":0.0,"ndvi":0.339,"lst_c":23.3,"reports":3,"landuse":"Транспорт"}},{"type":"Feature","geometry":{"type":"Point","coordinates":[76.7875,43.21568]},"properties":{"hex_id":"H00689","district":"Алмалы","ecorisk":4.47,"ecorisk_oof":4.71,"high_risk_prob":0.001,"ndvi":0.307,"lst_c":25.6,"reports":7,"landuse":"Транспорт"}},{"type":"Feature","geometry":{"type":"Point","coordinates":[76.795,43.21568]},"properties":{"hex_id":"H00690","district":"Алмалы","ecorisk":3.77,"ecorisk_oof":3.56,"high_risk_prob":0.0,"ndvi":0.339,"lst_c":24.7,"reports":2,"landuse":"Парк/сквер"}},{"type":"Feature","geometry":{"type":"Point","coordinates":[76.80249,43.21568]},"properties":{"hex_id":"H00691","district":"Алмалы","ecorisk":5.69,"ecorisk_oof":5.78,"high_risk_prob":0.028,"ndvi":0.356,"lst_c":25.5,"reports":28,"landuse":"Промышленная"}},{"type":"Feature","geometry":{"type":"Point","coordinates":[76.80999,43.21568]},"properties":{"hex_id":"H00692","district":"Алмалы","ecorisk":4.4,"ecorisk_oof":4.42,"high_risk_prob":0.0,"ndvi":0.35,"lst_c":24.5,"reports":3,"landuse":"Парк/сквер"}},{"type":"Feature","geometry":{"type":"Point","coordinates":[76.81749,43.21568]},"properties":{"hex_id":"H00693","district":"Алмалы","ecorisk":4.69,"ecorisk_oof":4.53,"high_risk_prob":0.002,"ndvi":0.318,"lst_c":23.8,"reports":5,"landuse":"Транспорт"}},{"type":"Feature","geometry":{"type":"Point","coordinates":[76.82499,43.21568]},"properties":{"hex_id":"H00694","district":"Алмалы","ecorisk":4.91,"ecorisk_oof":4.96,"high_risk_prob":0.001,"ndvi":0.312,"lst_c":26.3,"reports":12,"landuse":"Парк/сквер"}},{"type":"Feature","geometry":{"type":"Point","coordinates":[76.83249,43.21568]},"properties":{"hex_id":"H00695","district":"Алмалы","ecorisk":6.33,"ecorisk_oof":6.0,"high_risk_prob":0.584,"ndvi":0.317,"lst_c":27.8,"reports":40,"landuse":"Парк/сквер"}},{"type":"Feature","geometry":{"type":"Point","coordinates":[76.83999,43.21568]},"properties":{"hex_id":"H00696","district":"Алмалы","ecorisk":5.09,"ecorisk_oof":5.21,"high_risk_prob":0.001,"ndvi":0.361,"lst_c":25.9,"reports":2,"landuse":"Транспорт"}},{"type":"Feature","geometry":{"type":"Point","coordinates":[76.84748,43.21568]},"properties":{"hex_id":"H00697","district":"Алмалы","ecorisk":6.38,"ecorisk_oof":6.33,"high_risk_prob":0.219,"ndvi":0.304,"lst_c":27.7,"reports":10,"landuse":"Жилая"}},{"type":"Feature","geometry":{"type":"Point","coordinates":[76.85498,43.21568]},"properties":{"hex_id":"H00698","district":"Алмалы","ecorisk":7.15,"ecorisk_oof":7.24,"high_risk_prob":0.907,"ndvi":0.309,"lst_c":29.0,"reports":40,"landuse":"Транспорт"}},{"type":"Feature","geometry":{"type":"Point","coordinates":[76.86248,43.21568]},"properties":{"hex_id":"H00699","district":"Алмалы","ecorisk":6.26,"ecorisk_oof":6.91,"high_risk_prob":0.927,"ndvi":0.28,"lst_c":30.3,"reports":7,"landuse":"Жилая"}},{"type":"Feature","geometry":{"type":"Point","coordinates":[76.86998,43.21568]},"properties":{"hex_id":"H00700","district":"Алмалы","ecorisk":7.58,"ecorisk_oof":7.84,"high_risk_prob":0.991,"ndvi":0.211,"lst_c":29.8,"reports":21,"landuse":"Транспорт"}},{"type":"Feature","geometry":{"type":"Point","coordinates":[76.87748,43.21568]},"properties":{"hex_id":"H00701","district":"Бостандык","ecorisk":7.34,"ecorisk_oof":7.74,"high_risk_prob":0.974,"ndvi":0.239,"lst_c":31.3,"reports":42,"landuse":"Жилая"}},{"type":"Feature","geometry":{"type":"Point","coordinates":[76.88497,43.21568]},"properties":{"hex_id":"H00702","district":"Бостандык","ecorisk":8.36,"ecorisk_oof":8.61,"high_risk_prob":0.99,"ndvi":0.219,"lst_c":33.0,"reports":66,"landuse":"Жилая"}},{"type":"Feature","geometry":{"type":"Point","coordinates":[76.89247,43.21568]},"properties":{"hex_id":"H00703","district":"Бостандык","ecorisk":8.21,"ecorisk_oof":8.24,"high_risk_prob":0.99,"ndvi":0.205,"lst_c":35.5,"reports":20,"landuse":"Коммерческая"}},{"type":"Feature","geometry":{"type":"Point","coordinates":[76.89997,43.21568]},"properties":{"hex_id":"H00704","district":"Бостандык","ecorisk":8.08,"ecorisk_oof":8.41,"high_risk_prob":0.917,"ndvi":0.214,"lst_c":34.5,"reports":16,"landuse":"Пустырь"}},{"type":"Feature","geometry":{"type":"Point","coordinates":[76.90747,43.21568]},"properties":{"hex_id":"H00705","district":"Бостандык","ecorisk":8.52,"ecorisk_oof":8.92,"high_risk_prob":0.997,"ndvi":0.206,"lst_c":34.0,"reports":22,"landuse":"Транспорт"}},{"type":"Feature","geometry":{"type":"Point","coordinates":[76.91497,43.21568]},"properties":{"hex_id":"H00706","district":"Бостандык","ecorisk":9.67,"ecorisk_oof":8.93,"high_risk_prob":0.989,"ndvi":0.095,"lst_c":33.3,"reports":90,"landuse":"Жилая"}},{"type":"Feature","geometry":{"type":"Point","coordinates":[76.92246,43.21568]},"properties":{"hex_id":"H00707","district":"Бостандык","ecorisk":7.78,"ecorisk_oof":8.23,"high_risk_prob":0.968,"ndvi":0.166,"lst_c":33.8,"reports":15,"landuse":"Жилая"}},{"type":"Feature","geometry":{"type":"Point","coordinates":[76.92996,43.21568]},"properties":{"hex_id":"H00708","district":"Бостандык","ecorisk":8.51,"ecorisk_oof":8.17,"high_risk_prob":0.959,"ndvi":0.229,"lst_c":33.2,"reports":34,"landuse":"Коммерческая"}},{"type":"Feature","geometry":{"type":"Point","coordinates":[76.93746,43.21568]},"properties":{"hex_id":"H00709","district":"Бостандык","ecorisk":7.79,"ecorisk_oof":8.39,"high_risk_prob":0.994,"ndvi":0.156,"lst_c":33.1,"reports":46,"landuse":"Пустырь"}},{"type":"Feature","geometry":{"type":"Point","coordinates":[76.94496,43.21568]},"properties":{"hex_id":"H00710","district":"Бостандык","ecorisk":8.04,"ecorisk_oof":8.09,"high_risk_prob":0.984,"ndvi":0.219,"lst_c":31.3,"reports":14,"landuse":"Жилая"}},{"type":"Feature","geometry":{"type":"Point","coordinates":[76.95246,43.21568]},"properties":{"hex_id":"H00711","district":"Бостандык","ecorisk":7.96,"ecorisk_oof":8.07,"high_risk_prob":0.989,"ndvi":0.182,"lst_c":32.0,"reports":46,"landuse":"Жилая"}},{"type":"Feature","geometry":{"type":"Point","coordinates":[76.95996,43.21568]},"properties":{"hex_id":"H00712","district":"Медеу","ecorisk":6.19,"ecorisk_oof":6.46,"high_risk_prob":0.276,"ndvi":0.327,"lst_c":31.1,"reports":33,"landuse":"Транспорт"}},{"type":"Feature","geometry":{"type":"Point","coordinates":[76.96745,43.21568]},"properties":{"hex_id":"H00713","district":"Медеу","ecorisk":6.25,"ecorisk_oof":6.45,"high_risk_prob":0.582,"ndvi":0.264,"lst_c":29.1,"reports":10,"landuse":"Жилая"}},{"type":"Feature","geometry":{"type":"Point","coordinates":[76.97495,43.21568]},"properties":{"hex_id":"H00714","district":"Медеу","ecorisk":7.3,"ecorisk_oof":7.09,"high_risk_prob":0.893,"ndvi":0.319,"lst_c":30.5,"reports":26,"landuse":"Пустырь"}},{"type":"Feature","geometry":{"type":"Point","coordinates":[76.98245,43.21568]},"properties":{"hex_id":"H00715","district":"Медеу","ecorisk":5.83,"ecorisk_oof":5.84,"high_risk_prob":0.018,"ndvi":0.361,"lst_c":27.2,"reports":46,"landuse":"Парк/сквер"}},{"type":"Feature","geometry":{"type":"Point","coordinates":[76.98995,43.21568]},"properties":{"hex_id":"H00716","district":"Медеу","ecorisk":5.23,"ecorisk_oof":4.95,"high_risk_prob":0.0,"ndvi":0.371,"lst_c":27.0,"reports":3,"landuse":"Транспорт"}},{"type":"Feature","geometry":{"type":"Point","coordinates":[76.99745,43.21568]},"properties":{"hex_id":"H00717","district":"Медеу","ecorisk":3.94,"ecorisk_oof":4.45,"high_risk_prob":0.0,"ndvi":0.443,"lst_c":25.5,"reports":3,"landuse":"Парк/сквер"}},{"type":"Feature","geometry":{"type":"Point","coordinates":[77.00494,43.21568]},"properties":{"hex_id":"H00718","district":"Медеу","ecorisk":4.11,"ecorisk_oof":4.02,"high_risk_prob":0.0,"ndvi":0.467,"lst_c":22.8,"reports":3,"landuse":"Парк/сквер"}},{"type":"Feature","geometry":{"type":"Point","coordinates":[77.01244,43.21568]},"properties":{"hex_id":"H00719","district":"Медеу","ecorisk":3.4,"ecorisk_oof":3.17,"high_risk_prob":0.0,"ndvi":0.452,"lst_c":24.8,"reports":1,"landuse":"Транспорт"}},{"type":"Feature","geometry":{"type":"Point","coordinates":[77.01994,43.21568]},"properties":{"hex_id":"H00720","district":"Медеу","ecorisk":3.8,"ecorisk_oof":4.0,"high_risk_prob":0.0,"ndvi":0.369,"lst_c":24.4,"reports":2,"landuse":"Парк/сквер"}},{"type":"Feature","geometry":{"type":"Point","coordinates":[77.02744,43.21568]},"properties":{"hex_id":"H00721","district":"Медеу","ecorisk":3.5,"ecorisk_oof":2.81,"high_risk_prob":0.0,"ndvi":0.461,"lst_c":23.2,"reports":1,"landuse":"Транспорт"}},{"type":"Feature","geometry":{"type":"Point","coordinates":[77.03494,43.21568]},"properties":{"hex_id":"H00722","district":"Медеу","ecorisk":3.7,"ecorisk_oof":3.46,"high_risk_prob":0.0,"ndvi":0.397,"lst_c":21.6,"reports":3,"landuse":"Парк/сквер"}},{"type":"Feature","geometry":{"type":"Point","coordinates":[77.04243,43.21568]},"properties":{"hex_id":"H00723","district":"Медеу","ecorisk":3.28,"ecorisk_oof":3.38,"high_risk_prob":0.0,"ndvi":0.466,"lst_c":22.3,"reports":3,"landuse":"Транспорт"}},{"type":"Feature","geometry":{"type":"Point","coordinates":[77.04993,43.21568]},"properties":{"hex_id":"H00724","district":"Медеу","ecorisk":2.32,"ecorisk_oof":2.35,"high_risk_prob":0.0,"ndvi":0.584,"lst_c":21.7,"reports":3,"landuse":"Транспорт"}},{"type":"Feature","geometry":{"type":"Point","coordinates":[77.05743,43.21568]},"properties":{"hex_id":"H00725","district":"Медеу","ecorisk":4.5,"ecorisk_oof":4.12,"high_risk_prob":0.001,"ndvi":0.541,"lst_c":25.0,"reports":56,"landuse":"Промышленная"}},{"type":"Feature","geometry":{"type":"Point","coordinates":[77.06493,43.21568]},"properties":{"hex_id":"H00726","district":"Медеу","ecorisk":3.34,"ecorisk_oof":2.43,"high_risk_prob":0.0,"ndvi":0.602,"lst_c":19.8,"reports":1,"landuse":"Коммерческая"}},{"type":"Feature","geometry":{"type":"Point","coordinates":[77.07243,43.21568]},"properties":{"hex_id":"H00727","district":"Медеу","ecorisk":2.82,"ecorisk_oof":2.81,"high_risk_prob":0.0,"ndvi":0.564,"lst_c":19.8,"reports":0,"landuse":"Парк/сквер"}},{"type":"Feature","geometry":{"type":"Point","coordinates":[77.07993,43.21568]},"properties":{"hex_id":"H00728","district":"Медеу","ecorisk":2.04,"ecorisk_oof":2.3,"high_risk_prob":0.0,"ndvi":0.547,"lst_c":20.3,"reports":0,"landuse":"Парк/сквер"}},{"type":"Feature","geometry":{"type":"Point","coordinates":[77.08742,43.21568]},"properties":{"hex_id":"H00729","district":"Медеу","ecorisk":3.65,"ecorisk_oof":3.36,"high_risk_prob":0.0,"ndvi":0.525,"lst_c":22.1,"reports":2,"landuse":"Парк/сквер"}},{"type":"Feature","geometry":{"type":"Point","coordinates":[77.09492,43.21568]},"properties":{"hex_id":"H00730","district":"Медеу","ecorisk":2.9,"ecorisk_oof":3.02,"high_risk_prob":0.0,"ndvi":0.504,"lst_c":20.3,"reports":2,"landuse":"Парк/сквер"}},{"type":"Feature","geometry":{"type":"Point","coordinates":[76.78375,43.22041]},"properties":{"hex_id":"H00731","district":"Алмалы","ecorisk":4.65,"ecorisk_oof":4.55,"high_risk_prob":0.001,"ndvi":0.378,"lst_c":24.7,"reports":1,"landuse":"Коммерческая"}},{"type":"Feature","geometry":{"type":"Point","coordinates":[76.79125,43.22041]},"properties":{"hex_id":"H00732","district":"Алмалы","ecorisk":3.65,"ecorisk_oof":4.03,"high_risk_prob":0.0,"ndvi":0.376,"lst_c":24.4,"reports":1,"landuse":"Коммерческая"}},{"type":"Feature","geometry":{"type":"Point","coordinates":[76.79875,43.22041]},"properties":{"hex_id":"H00733","district":"Алмалы","ecorisk":3.81,"ecorisk_oof":3.5,"high_risk_prob":0.0,"ndvi":0.416,"lst_c":24.2,"reports":5,"landuse":"Парк/сквер"}},{"type":"Feature","geometry":{"type":"Point","coordinates":[76.80624,43.22041]},"properties":{"hex_id":"H00734","district":"Алмалы","ecorisk":4.48,"ecorisk_oof":4.66,"high_risk_prob":0.001,"ndvi":0.346,"lst_c":24.3,"reports":2,"landuse":"Жилая"}},{"type":"Feature","geometry":{"type":"Point","coordinates":[76.81374,43.22041]},"properties":{"hex_id":"H00735","district":"Алмалы","ecorisk":3.62,"ecorisk_oof":4.4,"high_risk_prob":0.0,"ndvi":0.322,"lst_c":24.1,"reports":5,"landuse":"Коммерческая"}},{"type":"Feature","geometry":{"type":"Point","coordinates":[76.82124,43.22041]},"properties":{"hex_id":"H00736","district":"Алмалы","ecorisk":4.94,"ecorisk_oof":4.86,"high_risk_prob":0.001,"ndvi":0.343,"lst_c":26.6,"reports":0,"landuse":"Транспорт"}},{"type":"Feature","geometry":{"type":"Point","coordinates":[76.82874,43.22041]},"properties":{"hex_id":"H00737","district":"Алмалы","ecorisk":6.38,"ecorisk_oof":6.24,"high_risk_prob":0.887,"ndvi":0.339,"lst_c":25.6,"reports":37,"landuse":"Парк/сквер"}},{"type":"Feature","geometry":{"type":"Point","coordinates":[76.83624,43.22041]},"properties":{"hex_id":"H00738","district":"Алмалы","ecorisk":5.23,"ecorisk_oof":5.49,"high_risk_prob":0.0,"ndvi":0.3,"lst_c":26.8,"reports":3,"landuse":"Транспорт"}},{"type":"Feature","geometry":{"type":"Point","coordinates":[76.84373,43.22041]},"properties":{"hex_id":"H00739","district":"Алмалы","ecorisk":6.78,"ecorisk_oof":7.21,"high_risk_prob":0.997,"ndvi":0.237,"lst_c":30.0,"reports":11,"landuse":"Транспорт"}},{"type":"Feature","geometry":{"type":"Point","coordinates":[76.85123,43.22041]},"properties":{"hex_id":"H00740","district":"Алмалы","ecorisk":5.65,"ecorisk_oof":6.02,"high_risk_prob":0.214,"ndvi":0.2,"lst_c":31.8,"reports":4,"landuse":"Транспорт"}},{"type":"Feature","geometry":{"type":"Point","coordinates":[76.85873,43.22041]},"properties":{"hex_id":"H00741","district":"Алмалы","ecorisk":6.62,"ecorisk_oof":7.34,"high_risk_prob":0.958,"ndvi":0.235,"lst_c":29.1,"reports":8,"landuse":"Транспорт"}},{"type":"Feature","geometry":{"type":"Point","coordinates":[76.86623,43.22041]},"properties":{"hex_id":"H00742","district":"Алмалы","ecorisk":7.51,"ecorisk_oof":8.3,"high_risk_prob":0.958,"ndvi":0.258,"lst_c":33.6,"reports":65,"landuse":"Жилая"}},{"type":"Feature","geometry":{"type":"Point","coordinates":[76.87373,43.22041]},"properties":{"hex_id":"H00743","district":"Алмалы","ecorisk":7.64,"ecorisk_oof":7.77,"high_risk_prob":0.899,"ndvi":0.156,"lst_c":32.8,"reports":9,"landuse":"Жилая"}},{"type":"Feature","geometry":{"type":"Point","coordinates":[76.88122,43.22041]},"properties":{"hex_id":"H00744","district":"Бостандык","ecorisk":7.89,"ecorisk_oof":7.87,"high_risk_prob":0.988,"ndvi":0.201,"lst_c":32.2,"reports":49,"landuse":"Транспорт"}},{"type":"Feature","geometry":{"type":"Point","coordinates":[76.88872,43.22041]},"properties":{"hex_id":"H00745","district":"Бостандык","ecorisk":7.66,"ecorisk_oof":8.12,"high_risk_prob":0.943,"ndvi":0.18,"lst_c":33.7,"reports":39,"landuse":"Коммерческая"}},{"type":"Feature","geometry":{"type":"Point","coordinates":[76.89622,43.22041]},"properties":{"hex_id":"H00746","district":"Бостандык","ecorisk":9.4,"ecorisk_oof":9.62,"high_risk_prob":0.996,"ndvi":0.21,"lst_c":34.5,"reports":23,"landuse":"Пустырь"}},{"type":"Feature","geometry":{"type":"Point","coordinates":[76.90372,43.22041]},"properties":{"hex_id":"H00747","district":"Бостандык","ecorisk":8.43,"ecorisk_oof":8.4,"high_risk_prob":0.985,"ndvi":0.196,"lst_c":34.2,"reports":15,"landuse":"Коммерческая"}},{"type":"Feature","geometry":{"type":"Point","coordinates":[76.91122,43.22041]},"properties":{"hex_id":"H00748","district":"Бостандык","ecorisk":8.98,"ecorisk_oof":9.29,"high_risk_prob":0.998,"ndvi":0.15,"lst_c":35.2,"reports":19,"landuse":"Жилая"}},{"type":"Feature","geometry":{"type":"Point","coordinates":[76.91872,43.22041]},"properties":{"hex_id":"H00749","district":"Бостандык","ecorisk":7.99,"ecorisk_oof":8.09,"high_risk_prob":0.789,"ndvi":0.154,"lst_c":36.6,"reports":33,"landuse":"Коммерческая"}},{"type":"Feature","geometry":{"type":"Point","coordinates":[76.92621,43.22041]},"properties":{"hex_id":"H00750","district":"Бостандык","ecorisk":8.79,"ecorisk_oof":9.0,"high_risk_prob":0.996,"ndvi":0.218,"lst_c":34.0,"reports":46,"landuse":"Коммерческая"}},{"type":"Feature","geometry":{"type":"Point","coordinates":[76.93371,43.22041]},"properties":{"hex_id":"H00751","district":"Бостандык","ecorisk":9.35,"ecorisk_oof":9.2,"high_risk_prob":0.994,"ndvi":0.219,"lst_c":32.3,"reports":68,"landuse":"Жилая"}},{"type":"Feature","geometry":{"type":"Point","coordinates":[76.94121,43.22041]},"properties":{"hex_id":"H00752","district":"Бостандык","ecorisk":8.94,"ecorisk_oof":8.64,"high_risk_prob":0.995,"ndvi":0.197,"lst_c":34.6,"reports":83,"landuse":"Коммерческая"}},{"type":"Feature","geometry":{"type":"Point","coordinates":[76.94871,43.22041]},"properties":{"hex_id":"H00753","district":"Бостандык","ecorisk":8.41,"ecorisk_oof":8.18,"high_risk_prob":0.989,"ndvi":0.178,"lst_c":31.6,"reports":63,"landuse":"Транспорт"}},{"type":"Feature","geometry":{"type":"Point","coordinates":[76.95621,43.22041]},"properties":{"hex_id":"H00754","district":"Медеу","ecorisk":8.91,"ecorisk_oof":8.75,"high_risk_prob":0.997,"ndvi":0.195,"lst_c":31.5,"reports":121,"landuse":"Промышленная"}},{"type":"Feature","geometry":{"type":"Point","coordinates":[76.9637,43.22041]},"properties":{"hex_id":"H00755","district":"Медеу","ecorisk":6.71,"ecorisk_oof":6.88,"high_risk_prob":0.482,"ndvi":0.331,"lst_c":31.6,"reports":13,"landuse":"Транспорт"}},{"type":"Feature","geometry":{"type":"Point","coordinates":[76.9712,43.22041]},"properties":{"hex_id":"H00756","district":"Медеу","ecorisk":5.85,"ecorisk_oof":6.23,"high_risk_prob":0.022,"ndvi":0.34,"lst_c":28.6,"reports":11,"landuse":"Жилая"}},{"type":"Feature","geometry":{"type":"Point","coordinates":[76.9787,43.22041]},"properties":{"hex_id":"H00757","district":"Медеу","ecorisk":6.87,"ecorisk_oof":6.47,"high_risk_prob":0.08,"ndvi":0.315,"lst_c":28.6,"reports":93,"landuse":"Промышленная"}},{"type":"Feature","geometry":{"type":"Point","coordinates":[76.9862,43.22041]},"properties":{"hex_id":"H00758","district":"Медеу","ecorisk":5.82,"ecorisk_oof":6.01,"high_risk_prob":0.022,"ndvi":0.337,"lst_c":28.0,"reports":5,"landuse":"Жилая"}},{"type":"Feature","geometry":{"type":"Point","coordinates":[76.9937,43.22041]},"properties":{"hex_id":"H00759","district":"Медеу","ecorisk":4.59,"ecorisk_oof":4.3,"high_risk_prob":0.0,"ndvi":0.362,"lst_c":27.8,"reports":1,"landuse":"Парк/сквер"}},{"type":"Feature","geometry":{"type":"Point","coordinates":[77.00119,43.22041]},"properties":{"hex_id":"H00760","district":"Медеу","ecorisk":4.75,"ecorisk_oof":4.74,"high_risk_prob":0.003,"ndvi":0.415,"lst_c":24.7,"reports":44,"landuse":"Пустырь"}},{"type":"Feature","geometry":{"type":"Point","coordinates":[77.00869,43.22041]},"properties":{"hex_id":"H00761","district":"Медеу","ecorisk":5.25,"ecorisk_oof":5.34,"high_risk_prob":0.004,"ndvi":0.432,"lst_c":25.2,"reports":21,"landuse":"Жилая"}},{"type":"Feature","geometry":{"type":"Point","coordinates":[77.01619,43.22041]},"properties":{"hex_id":"H00762","district":"Медеу","ecorisk":4.23,"ecorisk_oof":4.19,"high_risk_prob":0.001,"ndvi":0.416,"lst_c":24.2,"reports":2,"landuse":"Парк/сквер"}},{"type":"Feature","geometry":{"type":"Point","coordinates":[77.02369,43.22041]},"properties":{"hex_id":"H00763","district":"Медеу","ecorisk":2.6,"ecorisk_oof":2.47,"high_risk_prob":0.0,"ndvi":0.564,"lst_c":21.9,"reports":5,"landuse":"Промышленная"}},{"type":"Feature","geometry":{"type":"Point","coordinates":[77.03119,43.22041]},"properties":{"hex_id":"H00764","district":"Медеу","ecorisk":3.07,"ecorisk_oof":3.02,"high_risk_prob":0.0,"ndvi":0.49,"lst_c":22.0,"reports":0,"landuse":"Жилая"}},{"type":"Feature","geometry":{"type":"Point","coordinates":[77.03869,43.22041]},"properties":{"hex_id":"H00765","district":"Медеу","ecorisk":3.44,"ecorisk_oof":3.27,"high_risk_prob":0.0,"ndvi":0.472,"lst_c":23.0,"reports":1,"landuse":"Жилая"}},{"type":"Feature","geometry":{"type":"Point","coordinates":[77.04618,43.22041]},"properties":{"hex_id":"H00766","district":"Медеу","ecorisk":2.73,"ecorisk_oof":2.21,"high_risk_prob":0.0,"ndvi":0.551,"lst_c":22.7,"reports":1,"landuse":"Транспорт"}},{"type":"Feature","geometry":{"type":"Point","coordinates":[77.05368,43.22041]},"properties":{"hex_id":"H00767","district":"Медеу","ecorisk":4.02,"ecorisk_oof":3.7,"high_risk_prob":0.0,"ndvi":0.452,"lst_c":21.7,"reports":5,"landuse":"Парк/сквер"}},{"type":"Feature","geometry":{"type":"Point","coordinates":[77.06118,43.22041]},"properties":{"hex_id":"H00768","district":"Медеу","ecorisk":2.72,"ecorisk_oof":2.4,"high_risk_prob":0.0,"ndvi":0.468,"lst_c":22.8,"reports":1,"landuse":"Транспорт"}},{"type":"Feature","geometry":{"type":"Point","coordinates":[77.06868,43.22041]},"properties":{"hex_id":"H00769","district":"Медеу","ecorisk":3.31,"ecorisk_oof":3.45,"high_risk_prob":0.0,"ndvi":0.535,"lst_c":22.1,"reports":16,"landuse":"Пустырь"}},{"type":"Feature","geometry":{"type":"Point","coordinates":[77.07618,43.22041]},"properties":{"hex_id":"H00770","district":"Медеу","ecorisk":2.07,"ecorisk_oof":2.02,"high_risk_prob":0.0,"ndvi":0.56,"lst_c":21.5,"reports":2,"landuse":"Парк/сквер"}},{"type":"Feature","geometry":{"type":"Point","coordinates":[77.08367,43.22041]},"properties":{"hex_id":"H00771","district":"Медеу","ecorisk":3.29,"ecorisk_oof":3.49,"high_risk_prob":0.0,"ndvi":0.538,"lst_c":20.7,"reports":22,"landuse":"Парк/сквер"}},{"type":"Feature","geometry":{"type":"Point","coordinates":[77.09117,43.22041]},"properties":{"hex_id":"H00772","district":"Медеу","ecorisk":2.32,"ecorisk_oof":2.13,"high_risk_prob":0.0,"ndvi":0.506,"lst_c":22.6,"reports":1,"landuse":"Парк/сквер"}},{"type":"Feature","geometry":{"type":"Point","coordinates":[77.09867,43.22041]},"properties":{"hex_id":"H00773","district":"Медеу","ecorisk":3.52,"ecorisk_oof":4.05,"high_risk_prob":0.0,"ndvi":0.58,"lst_c":21.4,"reports":32,"landuse":"Транспорт"}},{"type":"Feature","geometry":{"type":"Point","coordinates":[76.78,43.22514]},"properties":{"hex_id":"H00774","district":"Алмалы","ecorisk":6.03,"ecorisk_oof":5.7,"high_risk_prob":0.061,"ndvi":0.34,"lst_c":21.8,"reports":45,"landuse":"Коммерческая"}},{"type":"Feature","geometry":{"type":"Point","coordinates":[76.7875,43.22514]},"properties":{"hex_id":"H00775","district":"Алмалы","ecorisk":3.99,"ecorisk_oof":3.98,"high_risk_prob":0.0,"ndvi":0.379,"lst_c":23.5,"reports":2,"landuse":"Жилая"}},{"type":"Feature","geometry":{"type":"Point","coordinates":[76.795,43.22514]},"properties":{"hex_id":"H00776","district":"Алмалы","ecorisk":4.29,"ecorisk_oof":4.3,"high_risk_prob":0.0,"ndvi":0.331,"lst_c":25.7,"reports":5,"landuse":"Транспорт"}},{"type":"Feature","geometry":{"type":"Point","coordinates":[76.80249,43.22514]},"properties":{"hex_id":"H00777","district":"Алмалы","ecorisk":3.74,"ecorisk_oof":4.24,"high_risk_prob":0.001,"ndvi":0.336,"lst_c":25.1,"reports":2,"landuse":"Жилая"}},{"type":"Feature","geometry":{"type":"Point","coordinates":[76.80999,43.22514]},"properties":{"hex_id":"H00778","district":"Алмалы","ecorisk":4.4,"ecorisk_oof":4.71,"high_risk_prob":0.0,"ndvi":0.351,"lst_c":26.0,"reports":3,"landuse":"Жилая"}},{"type":"Feature","geometry":{"type":"Point","coordinates":[76.81749,43.22514]},"properties":{"hex_id":"H00779","district":"Алмалы","ecorisk":5.13,"ecorisk_oof":5.23,"high_risk_prob":0.001,"ndvi":0.303,"lst_c":26.7,"reports":4,"landuse":"Транспорт"}},{"type":"Feature","geometry":{"type":"Point","coordinates":[76.82499,43.22514]},"properties":{"hex_id":"H00780","district":"Алмалы","ecorisk":4.09,"ecorisk_oof":4.86,"high_risk_prob":0.001,"ndvi":0.28,"lst_c":27.2,"reports":4,"landuse":"Коммерческая"}},{"type":"Feature","geometry":{"type":"Point","coordinates":[76.83249,43.22514]},"properties":{"hex_id":"H00781","district":"Алмалы","ecorisk":5.04,"ecorisk_oof":5.26,"high_risk_prob":0.003,"ndvi":0.245,"lst_c":26.9,"reports":2,"landuse":"Транспорт"}},{"type":"Feature","geometry":{"type":"Point","coordinates":[76.83999,43.22514]},"properties":{"hex_id":"H00782","district":"Алмалы","ecorisk":5.44,"ecorisk_oof":5.77,"high_risk_prob":0.008,"ndvi":0.288,"lst_c":28.9,"reports":4,"landuse":"Транспорт"}},{"type":"Feature","geometry":{"type":"Point","coordinates":[76.84748,43.22514]},"properties":{"hex_id":"H00783","district":"Алмалы","ecorisk":6.77,"ecorisk_oof":7.19,"high_risk_prob":0.978,"ndvi":0.225,"lst_c":30.8,"reports":10,"landuse":"Транспорт"}},{"type":"Feature","geometry":{"type":"Point","coordinates":[76.85498,43.22514]},"properties":{"hex_id":"H00784","district":"Алмалы","ecorisk":8.4,"ecorisk_oof":7.81,"high_risk_prob":0.997,"ndvi":0.297,"lst_c":28.3,"reports":46,"landuse":"Жилая"}},{"type":"Feature","geometry":{"type":"Point","coordinates":[76.86248,43.22514]},"properties":{"hex_id":"H00785","district":"Алмалы","ecorisk":8.72,"ecorisk_oof":9.01,"high_risk_prob":0.997,"ndvi":0.236,"lst_c":30.0,"reports":74,"landuse":"Пустырь"}},{"type":"Feature","geometry":{"type":"Point","coordinates":[76.86998,43.22514]},"properties":{"hex_id":"H00786","district":"Алмалы","ecorisk":7.08,"ecorisk_oof":7.05,"high_risk_prob":0.601,"ndvi":0.244,"lst_c":31.4,"reports":14,"landuse":"Коммерческая"}},{"type":"Feature","geometry":{"type":"Point","coordinates":[76.87748,43.22514]},"properties":{"hex_id":"H00787","district":"Бостандык","ecorisk":7.69,"ecorisk_oof":8.67,"high_risk_prob":0.999,"ndvi":0.184,"lst_c":34.2,"reports":18,"landuse":"Транспорт"}},{"type":"Feature","geometry":{"type":"Point","coordinates":[76.88497,43.22514]},"properties":{"hex_id":"H00788","district":"Бостандык","ecorisk":8.37,"ecorisk_oof":8.68,"high_risk_prob":0.99,"ndvi":0.148,"lst_c":34.5,"reports":59,"landuse":"Жилая"}},{"type":"Feature","geometry":{"type":"Point","coordinates":[76.89247,43.22514]},"properties":{"hex_id":"H00789","district":"Бостандык","ecorisk":9.83,"ecorisk_oof":9.62,"high_risk_prob":0.999,"ndvi":0.13,"lst_c":35.8,"reports":48,"landuse":"Коммерческая"}},{"type":"Feature","geometry":{"type":"Point","coordinates":[76.89997,43.22514]},"properties":{"hex_id":"H00790","district":"Бостандык","ecorisk":9.44,"ecorisk_oof":9.99,"high_risk_prob":0.996,"ndvi":0.176,"lst_c":35.6,"reports":23,"landuse":"Жилая"}},{"type":"Feature","geometry":{"type":"Point","coordinates":[76.90747,43.22514]},"properties":{"hex_id":"H00791","district":"Бостандык","ecorisk":9.78,"ecorisk_oof":10.2,"high_risk_prob":0.987,"ndvi":0.133,"lst_c":37.2,"reports":30,"landuse":"Транспорт"}},{"type":"Feature","geometry":{"type":"Point","coordinates":[76.91497,43.22514]},"properties":{"hex_id":"H00792","district":"Бостандык","ecorisk":9.18,"ecorisk_oof":9.41,"high_risk_prob":0.984,"ndvi":0.106,"lst_c":35.8,"reports":21,"landuse":"Коммерческая"}},{"type":"Feature","geometry":{"type":"Point","coordinates":[76.92246,43.22514]},"properties":{"hex_id":"H00793","district":"Бостандык","ecorisk":9.61,"ecorisk_oof":9.79,"high_risk_prob":0.998,"ndvi":0.135,"lst_c":38.5,"reports":26,"landuse":"Жилая"}},{"type":"Feature","geometry":{"type":"Point","coordinates":[76.92996,43.22514]},"properties":{"hex_id":"H00794","district":"Бостандык","ecorisk":9.4,"ecorisk_oof":9.33,"high_risk_prob":0.996,"ndvi":0.137,"lst_c":36.9,"reports":30,"landuse":"Жилая"}},{"type":"Feature","geometry":{"type":"Point","coordinates":[76.93746,43.22514]},"properties":{"hex_id":"H00795","district":"Бостандык","ecorisk":8.79,"ecorisk_oof":8.87,"high_risk_prob":0.997,"ndvi":0.199,"lst_c":35.1,"reports":23,"landuse":"Жилая"}},{"type":"Feature","geometry":{"type":"Point","coordinates":[76.94496,43.22514]},"properties":{"hex_id":"H00796","district":"Бостандык","ecorisk":7.92,"ecorisk_oof":7.84,"high_risk_prob":0.975,"ndvi":0.271,"lst_c":33.4,"reports":17,"landuse":"Транспорт"}},{"type":"Feature","geometry":{"type":"Point","coordinates":[76.95246,43.22514]},"properties":{"hex_id":"H00797","district":"Бостандык","ecorisk":7.78,"ecorisk_oof":8.16,"high_risk_prob":0.998,"ndvi":0.285,"lst_c":31.9,"reports":39,"landuse":"Коммерческая"}},{"type":"Feature","geometry":{"type":"Point","coordinates":[76.95996,43.22514]},"properties":{"hex_id":"H00798","district":"Медеу","ecorisk":6.98,"ecorisk_oof":7.42,"high_risk_prob":0.83,"ndvi":0.294,"lst_c":30.4,"reports":62,"landuse":"Жилая"}},{"type":"Feature","geometry":{"type":"Point","coordinates":[76.96745,43.22514]},"properties":{"hex_id":"H00799","district":"Медеу","ecorisk":7.17,"ecorisk_oof":7.53,"high_risk_prob":0.886,"ndvi":0.258,"lst_c":31.5,"reports":19,"landuse":"Транспорт"}},{"type":"Feature","geometry":{"type":"Point","coordinates":[76.97495,43.22514]},"properties":{"hex_id":"H00800","district":"Медеу","ecorisk":7.59,"ecorisk_oof":7.44,"high_risk_prob":0.965,"ndvi":0.214,"lst_c":29.4,"reports":38,"landuse":"Жилая"}},{"type":"Feature","geometry":{"type":"Point","coordinates":[76.98245,43.22514]},"properties":{"hex_id":"H00801","district":"Медеу","ecorisk":6.8,"ecorisk_oof":6.37,"high_risk_prob":0.557,"ndvi":0.281,"lst_c":27.9,"reports":7,"landuse":"Транспорт"}},{"type":"Feature","geometry":{"type":"Point","coordinates":[76.98995,43.22514]},"properties":{"hex_id":"H00802","district":"Медеу","ecorisk":5.06,"ecorisk_oof":5.27,"high_risk_prob":0.0,"ndvi":0.324,"lst_c":27.6,"reports":6,"landuse":"Промышленная"}},{"type":"Feature","geometry":{"type":"Point","coordinates":[76.99745,43.22514]},"properties":{"hex_id":"H00803","district":"Медеу","ecorisk":4.98,"ecorisk_oof":4.57,"high_risk_prob":0.004,"ndvi":0.358,"lst_c":24.8,"reports":2,"landuse":"Жилая"}},{"type":"Feature","geometry":{"type":"Point","coordinates":[77.00494,43.22514]},"properties":{"hex_id":"H00804","district":"Медеу","ecorisk":4.95,"ecorisk_oof":4.86,"high_risk_prob":0.001,"ndvi":0.427,"lst_c":25.3,"reports":23,"landuse":"Парк/сквер"}},{"type":"Feature","geometry":{"type":"Point","coordinates":[77.01244,43.22514]},"properties":{"hex_id":"H00805","district":"Медеу","ecorisk":4.63,"ecorisk_oof":4.27,"high_risk_prob":0.0,"ndvi":0.365,"lst_c":25.8,"reports":4,"landuse":"Парк/сквер"}},{"type":"Feature","geometry":{"type":"Point","coordinates":[77.01994,43.22514]},"properties":{"hex_id":"H00806","district":"Медеу","ecorisk":4.45,"ecorisk_oof":4.47,"high_risk_prob":0.001,"ndvi":0.409,"lst_c":25.2,"reports":2,"landuse":"Парк/сквер"}},{"type":"Feature","geometry":{"type":"Point","coordinates":[77.02744,43.22514]},"properties":{"hex_id":"H00807","district":"Медеу","ecorisk":4.34,"ecorisk_oof":4.4,"high_risk_prob":0.0,"ndvi":0.466,"lst_c":24.5,"reports":33,"landuse":"Парк/сквер"}},{"type":"Feature","geometry":{"type":"Point","coordinates":[77.03494,43.22514]},"properties":{"hex_id":"H00808","district":"Медеу","ecorisk":3.17,"ecorisk_oof":3.56,"high_risk_prob":0.0,"ndvi":0.442,"lst_c":24.7,"reports":3,"landuse":"Парк/сквер"}},{"type":"Feature","geometry":{"type":"Point","coordinates":[77.04243,43.22514]},"properties":{"hex_id":"H00809","district":"Медеу","ecorisk":3.25,"ecorisk_oof":2.99,"high_risk_prob":0.0,"ndvi":0.504,"lst_c":22.9,"reports":0,"landuse":"Парк/сквер"}},{"type":"Feature","geometry":{"type":"Point","coordinates":[77.04993,43.22514]},"properties":{"hex_id":"H00810","district":"Медеу","ecorisk":2.7,"ecorisk_oof":2.87,"high_risk_prob":0.0,"ndvi":0.465,"lst_c":20.1,"reports":1,"landuse":"Коммерческая"}},{"type":"Feature","geometry":{"type":"Point","coordinates":[77.05743,43.22514]},"properties":{"hex_id":"H00811","district":"Медеу","ecorisk":3.17,"ecorisk_oof":2.96,"high_risk_prob":0.0,"ndvi":0.49,"lst_c":22.0,"reports":1,"landuse":"Жилая"}},{"type":"Feature","geometry":{"type":"Point","coordinates":[77.06493,43.22514]},"properties":{"hex_id":"H00812","district":"Медеу","ecorisk":3.12,"ecorisk_oof":2.77,"high_risk_prob":0.0,"ndvi":0.459,"lst_c":22.6,"reports":2,"landuse":"Парк/сквер"}},{"type":"Feature","geometry":{"type":"Point","coordinates":[77.07243,43.22514]},"properties":{"hex_id":"H00813","district":"Медеу","ecorisk":3.81,"ecorisk_oof":3.7,"high_risk_prob":0.0,"ndvi":0.471,"lst_c":23.1,"reports":22,"landuse":"Пустырь"}},{"type":"Feature","geometry":{"type":"Point","coordinates":[77.07993,43.22514]},"properties":{"hex_id":"H00814","district":"Медеу","ecorisk":2.01,"ecorisk_oof":2.63,"high_risk_prob":0.0,"ndvi":0.54,"lst_c":21.8,"reports":0,"landuse":"Парк/сквер"}},{"type":"Feature","geometry":{"type":"Point","coordinates":[77.08742,43.22514]},"properties":{"hex_id":"H00815","district":"Медеу","ecorisk":3.09,"ecorisk_oof":2.85,"high_risk_prob":0.0,"ndvi":0.465,"lst_c":22.2,"reports":1,"landuse":"Парк/сквер"}},{"type":"Feature","geometry":{"type":"Point","coordinates":[77.09492,43.22514]},"properties":{"hex_id":"H00816","district":"Медеу","ecorisk":2.43,"ecorisk_oof":2.4,"high_risk_prob":0.0,"ndvi":0.527,"lst_c":21.2,"reports":1,"landuse":"Жилая"}},{"type":"Feature","geometry":{"type":"Point","coordinates":[76.78375,43.22986]},"properties":{"hex_id":"H00817","district":"Алмалы","ecorisk":4.9,"ecorisk_oof":4.81,"high_risk_prob":0.001,"ndvi":0.363,"lst_c":25.2,"reports":3,"landuse":"Парк/сквер"}},{"type":"Feature","geometry":{"type":"Point","coordinates":[76.79125,43.22986]},"properties":{"hex_id":"H00818","district":"Алмалы","ecorisk":4.64,"ecorisk_oof":4.52,"high_risk_prob":0.001,"ndvi":0.326,"lst_c":24.2,"reports":11,"landuse":"Парк/сквер"}},{"type":"Feature","geometry":{"type":"Point","coordinates":[76.79875,43.22986]},"properties":{"hex_id":"H00819","district":"Алмалы","ecorisk":4.02,"ecorisk_oof":4.38,"high_risk_prob":0.001,"ndvi":0.397,"lst_c":21.9,"reports":1,"landuse":"Парк/сквер"}},{"type":"Feature","geometry":{"type":"Point","coordinates":[76.80624,43.22986]},"properties":{"hex_id":"H00820","district":"Алмалы","ecorisk":4.22,"ecorisk_oof":4.47,"high_risk_prob":0.001,"ndvi":0.391,"lst_c":24.6,"reports":2,"landuse":"Жилая"}},{"type":"Feature","geometry":{"type":"Point","coordinates":[76.81374,43.22986]},"properties":{"hex_id":"H00821","district":"Алмалы","ecorisk":6.2,"ecorisk_oof":5.87,"high_risk_prob":0.008,"ndvi":0.287,"lst_c":24.5,"reports":39,"landuse":"Пустырь"}},{"type":"Feature","geometry":{"type":"Point","coordinates":[76.82124,43.22986]},"properties":{"hex_id":"H00822","district":"Алмалы","ecorisk":5.61,"ecorisk_oof":5.69,"high_risk_prob":0.006,"ndvi":0.329,"lst_c":24.7,"reports":34,"landuse":"Парк/сквер"}},{"type":"Feature","geometry":{"type":"Point","coordinates":[76.82874,43.22986]},"properties":{"hex_id":"H00823","district":"Алмалы","ecorisk":5.54,"ecorisk_oof":5.29,"high_risk_prob":0.004,"ndvi":0.288,"lst_c":27.9,"reports":3,"landuse":"Парк/сквер"}},{"type":"Feature","geometry":{"type":"Point","coordinates":[76.83624,43.22986]},"properties":{"hex_id":"H00824","district":"Алмалы","ecorisk":5.24,"ecorisk_oof":5.18,"high_risk_prob":0.001,"ndvi":0.294,"lst_c":26.9,"reports":6,"landuse":"Парк/сквер"}},{"type":"Feature","geometry":{"type":"Point","coordinates":[76.84373,43.22986]},"properties":{"hex_id":"H00825","district":"Алмалы","ecorisk":6.51,"ecorisk_oof":6.3,"high_risk_prob":0.528,"ndvi":0.268,"lst_c":28.3,"reports":10,"landuse":"Промышленная"}},{"type":"Feature","geometry":{"type":"Point","coordinates":[76.85123,43.22986]},"properties":{"hex_id":"H00826","district":"Алмалы","ecorisk":6.59,"ecorisk_oof":6.86,"high_risk_prob":0.67,"ndvi":0.242,"lst_c":30.6,"reports":14,"landuse":"Жилая"}},{"type":"Feature","geometry":{"type":"Point","coordinates":[76.85873,43.22986]},"properties":{"hex_id":"H00827","district":"Алмалы","ecorisk":7.33,"ecorisk_oof":7.17,"high_risk_prob":0.991,"ndvi":0.174,"lst_c":29.9,"reports":12,"landuse":"Транспорт"}},{"type":"Feature","geometry":{"type":"Point","coordinates":[76.86623,43.22986]},"properties":{"hex_id":"H00828","district":"Алмалы","ecorisk":7.2,"ecorisk_oof":7.46,"high_risk_prob":0.996,"ndvi":0.233,"lst_c":30.7,"reports":15,"landuse":"Транспорт"}},{"type":"Feature","geometry":{"type":"Point","coordinates":[76.87373,43.22986]},"properties":{"hex_id":"H00829","district":"Алмалы","ecorisk":7.38,"ecorisk_oof":7.79,"high_risk_prob":0.983,"ndvi":0.256,"lst_c":33.1,"reports":20,"landuse":"Жилая"}},{"type":"Feature","geometry":{"type":"Point","coordinates":[76.88122,43.22986]},"properties":{"hex_id":"H00830","district":"Бостандык","ecorisk":8.92,"ecorisk_oof":9.03,"high_risk_prob":0.999,"ndvi":0.113,"lst_c":34.7,"reports":23,"landuse":"Промышленная"}},{"type":"Feature","geometry":{"type":"Point","coordinates":[76.88872,43.22986]},"properties":{"hex_id":"H00831","district":"Бостандык","ecorisk":8.54,"ecorisk_oof":8.66,"high_risk_prob":0.986,"ndvi":0.157,"lst_c":35.9,"reports":34,"landuse":"Жилая"}},{"type":"Feature","geometry":{"type":"Point","coordinates":[76.89622,43.22986]},"properties":{"hex_id":"H00832","district":"Бостандык","ecorisk":9.19,"ecorisk_oof":9.56,"high_risk_prob":0.997,"ndvi":0.176,"lst_c":34.0,"reports":66,"landuse":"Транспорт"}},{"type":"Feature","geometry":{"type":"Point","coordinates":[76.90372,43.22986]},"properties":{"hex_id":"H00833","district":"Бостандык","ecorisk":9.46,"ecorisk_oof":9.4,"high_risk_prob":0.989,"ndvi":0.116,"lst_c":34.6,"reports":56,"landuse":"Жилая"}},{"type":"Feature","geometry":{"type":"Point","coordinates":[76.91122,43.22986]},"properties":{"hex_id":"H00834","district":"Бостандык","ecorisk":9.62,"ecorisk_oof":10.05,"high_risk_prob":0.997,"ndvi":0.203,"lst_c":35.3,"reports":58,"landuse":"Жилая"}},{"type":"Feature","geometry":{"type":"Point","coordinates":[76.91872,43.22986]},"properties":{"hex_id":"H00835","district":"Бостандык","ecorisk":9.29,"ecorisk_oof":9.64,"high_risk_prob":0.998,"ndvi":0.18,"lst_c":35.7,"reports":21,"landuse":"Транспорт"}},{"type":"Feature","geometry":{"type":"Point","coordinates":[76.92621,43.22986]},"properties":{"hex_id":"H00836","district":"Бостандык","ecorisk":9.1,"ecorisk_oof":9.45,"high_risk_prob":0.998,"ndvi":0.147,"lst_c":35.4,"reports":21,"landuse":"Жилая"}},{"type":"Feature","geometry":{"type":"Point","coordinates":[76.93371,43.22986]},"properties":{"hex_id":"H00837","district":"Бостандык","ecorisk":9.03,"ecorisk_oof":9.63,"high_risk_prob":0.998,"ndvi":0.134,"lst_c":36.7,"reports":22,"landuse":"Жилая"}},{"type":"Feature","geometry":{"type":"Point","coordinates":[76.94121,43.22986]},"properties":{"hex_id":"H00838","district":"Бостандык","ecorisk":8.75,"ecorisk_oof":8.8,"high_risk_prob":0.996,"ndvi":0.203,"lst_c":36.6,"reports":17,"landuse":"Коммерческая"}},{"type":"Feature","geometry":{"type":"Point","coordinates":[76.94871,43.22986]},"properties":{"hex_id":"H00839","district":"Бостандык","ecorisk":8.64,"ecorisk_oof":8.61,"high_risk_prob":0.985,"ndvi":0.177,"lst_c":32.7,"reports":68,"landuse":"Жилая"}},{"type":"Feature","geometry":{"type":"Point","coordinates":[76.95621,43.22986]},"properties":{"hex_id":"H00840","district":"Медеу","ecorisk":8.65,"ecorisk_oof":8.64,"high_risk_prob":0.996,"ndvi":0.154,"lst_c":33.3,"reports":16,"landuse":"Коммерческая"}},{"type":"Feature","geometry":{"type":"Point","coordinates":[76.9637,43.22986]},"properties":{"hex_id":"H00841","district":"Медеу","ecorisk":7.86,"ecorisk_oof":8.11,"high_risk_prob":0.989,"ndvi":0.17,"lst_c":31.8,"reports":19,"landuse":"Жилая"}},{"type":"Feature","geometry":{"type":"Point","coordinates":[76.9712,43.22986]},"properties":{"hex_id":"H00842","district":"Медеу","ecorisk":7.02,"ecorisk_oof":6.85,"high_risk_prob":0.402,"ndvi":0.27,"lst_c":30.7,"reports":14,"landuse":"Пустырь"}},{"type":"Feature","geometry":{"type":"Point","coordinates":[76.9787,43.22986]},"properties":{"hex_id":"H00843","district":"Медеу","ecorisk":7.67,"ecorisk_oof":7.57,"high_risk_prob":0.924,"ndvi":0.231,"lst_c":29.8,"reports":102,"landuse":"Пустырь"}},{"type":"Feature","geometry":{"type":"Point","coordinates":[76.9862,43.22986]},"properties":{"hex_id":"H00844","district":"Медеу","ecorisk":6.65,"ecorisk_oof":6.52,"high_risk_prob":0.122,"ndvi":0.263,"lst_c":29.1,"reports":9,"landuse":"Коммерческая"}},{"type":"Feature","geometry":{"type":"Point","coordinates":[76.9937,43.22986]},"properties":{"hex_id":"H00845","district":"Медеу","ecorisk":5.24,"ecorisk_oof":5.17,"high_risk_prob":0.001,"ndvi":0.386,"lst_c":28.3,"reports":7,"landuse":"Жилая"}},{"type":"Feature","geometry":{"type":"Point","coordinates":[77.00119,43.22986]},"properties":{"hex_id":"H00846","district":"Медеу","ecorisk":4.98,"ecorisk_oof":4.92,"high_risk_prob":0.003,"ndvi":0.348,"lst_c":26.3,"reports":1,"landuse":"Парк/сквер"}},{"type":"Feature","geometry":{"type":"Point","coordinates":[77.00869,43.22986]},"properties":{"hex_id":"H00847","district":"Медеу","ecorisk":4.69,"ecorisk_oof":4.14,"high_risk_prob":0.0,"ndvi":0.403,"lst_c":27.0,"reports":1,"landuse":"Жилая"}},{"type":"Feature","geometry":{"type":"Point","coordinates":[77.01619,43.22986]},"properties":{"hex_id":"H00848","district":"Медеу","ecorisk":4.86,"ecorisk_oof":4.75,"high_risk_prob":0.0,"ndvi":0.322,"lst_c":24.4,"reports":7,"landuse":"Коммерческая"}},{"type":"Feature","geometry":{"type":"Point","coordinates":[77.02369,43.22986]},"properties":{"hex_id":"H00849","district":"Медеу","ecorisk":4.47,"ecorisk_oof":4.63,"high_risk_prob":0.0,"ndvi":0.444,"lst_c":24.8,"reports":29,"landuse":"Жилая"}},{"type":"Feature","geometry":{"type":"Point","coordinates":[77.03119,43.22986]},"properties":{"hex_id":"H00850","district":"Медеу","ecorisk":2.88,"ecorisk_oof":3.27,"high_risk_prob":0.0,"ndvi":0.53,"lst_c":21.5,"reports":2,"landuse":"Парк/сквер"}},{"type":"Feature","geometry":{"type":"Point","coordinates":[77.03869,43.22986]},"properties":{"hex_id":"H00851","district":"Медеу","ecorisk":4.18,"ecorisk_oof":4.0,"high_risk_prob":0.0,"ndvi":0.404,"lst_c":22.5,"reports":9,"landuse":"Пустырь"}},{"type":"Feature","geometry":{"type":"Point","coordinates":[77.04618,43.22986]},"properties":{"hex_id":"H00852","district":"Медеу","ecorisk":3.35,"ecorisk_oof":3.81,"high_risk_prob":0.0,"ndvi":0.429,"lst_c":22.6,"reports":0,"landuse":"Жилая"}},{"type":"Feature","geometry":{"type":"Point","coordinates":[77.05368,43.22986]},"properties":{"hex_id":"H00853","district":"Медеу","ecorisk":3.89,"ecorisk_oof":3.86,"high_risk_prob":0.0,"ndvi":0.507,"lst_c":22.0,"reports":14,"landuse":"Жилая"}},{"type":"Feature","geometry":{"type":"Point","coordinates":[77.06118,43.22986]},"properties":{"hex_id":"H00854","district":"Медеу","ecorisk":2.57,"ecorisk_oof":3.0,"high_risk_prob":0.0,"ndvi":0.481,"lst_c":24.0,"reports":3,"landuse":"Жилая"}},{"type":"Feature","geometry":{"type":"Point","coordinates":[77.06868,43.22986]},"properties":{"hex_id":"H00855","district":"Медеу","ecorisk":2.63,"ecorisk_oof":2.77,"high_risk_prob":0.0,"ndvi":0.548,"lst_c":20.1,"reports":2,"landuse":"Коммерческая"}},{"type":"Feature","geometry":{"type":"Point","coordinates":[77.07618,43.22986]},"properties":{"hex_id":"H00856","district":"Медеу","ecorisk":2.64,"ecorisk_oof":2.89,"high_risk_prob":0.0,"ndvi":0.53,"lst_c":22.3,"reports":1,"landuse":"Парк/сквер"}},{"type":"Feature","geometry":{"type":"Point","coordinates":[77.08367,43.22986]},"properties":{"hex_id":"H00857","district":"Медеу","ecorisk":1.76,"ecorisk_oof":1.73,"high_risk_prob":0.0,"ndvi":0.601,"lst_c":22.0,"reports":2,"landuse":"Парк/сквер"}},{"type":"Feature","geometry":{"type":"Point","coordinates":[77.09117,43.22986]},"properties":{"hex_id":"H00858","district":"Медеу","ecorisk":2.82,"ecorisk_oof":2.57,"high_risk_prob":0.0,"ndvi":0.516,"lst_c":21.0,"reports":5,"landuse":"Парк/сквер"}},{"type":"Feature","geometry":{"type":"Point","coordinates":[77.09867,43.22986]},"properties":{"hex_id":"H00859","district":"Медеу","ecorisk":3.85,"ecorisk_oof":3.72,"high_risk_prob":0.0,"ndvi":0.481,"lst_c":21.2,"reports":5,"landuse":"Жилая"}},{"type":"Feature","geometry":{"type":"Point","coordinates":[76.78,43.23459]},"properties":{"hex_id":"H00860","district":"Алмалы","ecorisk":4.52,"ecorisk_oof":4.59,"high_risk_prob":0.001,"ndvi":0.3,"lst_c":25.7,"reports":0,"landuse":"Жилая"}},{"type":"Feature","geometry":{"type":"Point","coordinates":[76.7875,43.23459]},"properties":{"hex_id":"H00861","district":"Алмалы","ecorisk":4.2,"ecorisk_oof":4.23,"high_risk_prob":0.0,"ndvi":0.33,"lst_c":23.1,"reports":5,"landuse":"Жилая"}},{"type":"Feature","geometry":{"type":"Point","coordinates":[76.795,43.23459]},"properties":{"hex_id":"H00862","district":"Алмалы","ecorisk":4.6,"ecorisk_oof":4.16,"high_risk_prob":0.001,"ndvi":0.257,"lst_c":25.1,"reports":0,"landuse":"Жилая"}},{"type":"Feature","geometry":{"type":"Point","coordinates":[76.80249,43.23459]},"properties":{"hex_id":"H00863","district":"Алмалы","ecorisk":4.7,"ecorisk_oof":4.72,"high_risk_prob":0.001,"ndvi":0.303,"lst_c":25.6,"reports":17,"landuse":"Жилая"}},{"type":"Feature","geometry":{"type":"Point","coordinates":[76.80999,43.23459]},"properties":{"hex_id":"H00864","district":"Алмалы","ecorisk":4.7,"ecorisk_oof":4.81,"high_risk_prob":0.0,"ndvi":0.374,"lst_c":25.2,"reports":3,"landuse":"Жилая"}},{"type":"Feature","geometry":{"type":"Point","coordinates":[76.81749,43.23459]},"properties":{"hex_id":"H00865","district":"Алмалы","ecorisk":5.0,"ecorisk_oof":5.14,"high_risk_prob":0.004,"ndvi":0.27,"lst_c":26.4,"reports":4,"landuse":"Жилая"}},{"type":"Feature","geometry":{"type":"Point","coordinates":[76.82499,43.23459]},"properties":{"hex_id":"H00866","district":"Алмалы","ecorisk":5.38,"ecorisk_oof":5.15,"high_risk_prob":0.002,"ndvi":0.306,"lst_c":26.6,"reports":3,"landuse":"Транспорт"}},{"type":"Feature","geometry":{"type":"Point","coordinates":[76.83249,43.23459]},"properties":{"hex_id":"H00867","district":"Алмалы","ecorisk":6.16,"ecorisk_oof":6.45,"high_risk_prob":0.445,"ndvi":0.303,"lst_c":28.3,"reports":13,"landuse":"Пустырь"}},{"type":"Feature","geometry":{"type":"Point","coordinates":[76.83999,43.23459]},"properties":{"hex_id":"H00868","district":"Алмалы","ecorisk":6.61,"ecorisk_oof":6.82,"high_risk_prob":0.96,"ndvi":0.33,"lst_c":29.5,"reports":8,"landuse":"Транспорт"}},{"type":"Feature","geometry":{"type":"Point","coordinates":[76.84748,43.23459]},"properties":{"hex_id":"H00869","district":"Алмалы","ecorisk":6.28,"ecorisk_oof":6.51,"high_risk_prob":0.5,"ndvi":0.254,"lst_c":29.7,"reports":30,"landuse":"Жилая"}},{"type":"Feature","geometry":{"type":"Point","coordinates":[76.85498,43.23459]},"properties":{"hex_id":"H00870","district":"Алмалы","ecorisk":7.08,"ecorisk_oof":7.41,"high_risk_prob":0.995,"ndvi":0.211,"lst_c":30.7,"reports":16,"landuse":"Промышленная"}},{"type":"Feature","geometry":{"type":"Point","coordinates":[76.86248,43.23459]},"properties":{"hex_id":"H00871","district":"Алмалы","ecorisk":7.32,"ecorisk_oof":7.44,"high_risk_prob":0.988,"ndvi":0.26,"lst_c":30.3,"reports":15,"landuse":"Жилая"}},{"type":"Feature","geometry":{"type":"Point","coordinates":[76.86998,43.23459]},"properties":{"hex_id":"H00872","district":"Алмалы","ecorisk":8.98,"ecorisk_oof":9.0,"high_risk_prob":1.0,"ndvi":0.241,"lst_c":33.6,"reports":60,"landuse":"Пустырь"}},{"type":"Feature","geometry":{"type":"Point","coordinates":[76.87748,43.23459]},"properties":{"hex_id":"H00873","district":"Бостандык","ecorisk":9.15,"ecorisk_oof":9.35,"high_risk_prob":1.0,"ndvi":0.164,"lst_c":34.7,"reports":54,"landuse":"Жилая"}},{"type":"Feature","geometry":{"type":"Point","coordinates":[76.88497,43.23459]},"properties":{"hex_id":"H00874","district":"Бостандык","ecorisk":8.92,"ecorisk_oof":9.06,"high_risk_prob":0.995,"ndvi":0.168,"lst_c":34.9,"reports":21,"landuse":"Жилая"}},{"type":"Feature","geometry":{"type":"Point","coordinates":[76.89247,43.23459]},"properties":{"hex_id":"H00875","district":"Бостандык","ecorisk":9.75,"ecorisk_oof":9.62,"high_risk_prob":0.998,"ndvi":0.05,"lst_c":36.5,"reports":35,"landuse":"Коммерческая"}},{"type":"Feature","geometry":{"type":"Point","coordinates":[76.89997,43.23459]},"properties":{"hex_id":"H00876","district":"Бостандык","ecorisk":9.29,"ecorisk_oof":9.22,"high_risk_prob":0.998,"ndvi":0.183,"lst_c":36.5,"reports":53,"landuse":"Жилая"}},{"type":"Feature","geometry":{"type":"Point","coordinates":[76.90747,43.23459]},"properties":{"hex_id":"H00877","district":"Бостандык","ecorisk":9.53,"ecorisk_oof":9.16,"high_risk_prob":0.986,"ndvi":0.063,"lst_c":36.5,"reports":14,"landuse":"Транспорт"}},{"type":"Feature","geometry":{"type":"Point","coordinates":[76.91497,43.23459]},"properties":{"hex_id":"H00878","district":"Бостандык","ecorisk":9.67,"ecorisk_oof":9.77,"high_risk_prob":0.991,"ndvi":0.215,"lst_c":35.4,"reports":75,"landuse":"Промышленная"}},{"type":"Feature","geometry":{"type":"Point","coordinates":[76.92246,43.23459]},"properties":{"hex_id":"H00879","district":"Бостандык","ecorisk":8.65,"ecorisk_oof":8.8,"high_risk_prob":0.962,"ndvi":0.14,"lst_c":37.6,"reports":22,"landuse":"Коммерческая"}},{"type":"Feature","geometry":{"type":"Point","coordinates":[76.92996,43.23459]},"properties":{"hex_id":"H00880","district":"Бостандык","ecorisk":9.12,"ecorisk_oof":9.46,"high_risk_prob":0.997,"ndvi":0.131,"lst_c":37.5,"reports":19,"landuse":"Транспорт"}},{"type":"Feature","geometry":{"type":"Point","coordinates":[76.93746,43.23459]},"properties":{"hex_id":"H00881","district":"Бостандык","ecorisk":8.98,"ecorisk_oof":9.41,"high_risk_prob":0.986,"ndvi":0.247,"lst_c":34.0,"reports":12,"landuse":"Коммерческая"}},{"type":"Feature","geometry":{"type":"Point","coordinates":[76.94496,43.23459]},"properties":{"hex_id":"H00882","district":"Бостандык","ecorisk":8.49,"ecorisk_oof":9.06,"high_risk_prob":0.995,"ndvi":0.195,"lst_c":36.8,"reports":12,"landuse":"Коммерческая"}},{"type":"Feature","geometry":{"type":"Point","coordinates":[76.95246,43.23459]},"properties":{"hex_id":"H00883","district":"Бостандык","ecorisk":7.35,"ecorisk_oof":7.87,"high_risk_prob":0.847,"ndvi":0.214,"lst_c":34.6,"reports":21,"landuse":"Жилая"}},{"type":"Feature","geometry":{"type":"Point","coordinates":[76.95996,43.23459]},"properties":{"hex_id":"H00884","district":"Медеу","ecorisk":8.29,"ecorisk_oof":8.31,"high_risk_prob":0.996,"ndvi":0.138,"lst_c":32.1,"reports":30,"landuse":"Жилая"}},{"type":"Feature","geometry":{"type":"Point","coordinates":[76.96745,43.23459]},"properties":{"hex_id":"H00885","district":"Медеу","ecorisk":8.03,"ecorisk_oof":8.29,"high_risk_prob":0.996,"ndvi":0.227,"lst_c":31.0,"reports":15,"landuse":"Жилая"}},{"type":"Feature","geometry":{"type":"Point","coordinates":[76.97495,43.23459]},"properties":{"hex_id":"H00886","district":"Медеу","ecorisk":6.79,"ecorisk_oof":6.75,"high_risk_prob":0.405,"ndvi":0.337,"lst_c":31.1,"reports":37,"landuse":"Парк/сквер"}},{"type":"Feature","geometry":{"type":"Point","coordinates":[76.98245,43.23459]},"properties":{"hex_id":"H00887","district":"Медеу","ecorisk":7.45,"ecorisk_oof":7.75,"high_risk_prob":0.982,"ndvi":0.297,"lst_c":29.2,"reports":29,"landuse":"Жилая"}},{"type":"Feature","geometry":{"type":"Point","coordinates":[76.98995,43.23459]},"properties":{"hex_id":"H00888","district":"Медеу","ecorisk":5.85,"ecorisk_oof":5.63,"high_risk_prob":0.004,"ndvi":0.339,"lst_c":27.5,"reports":2,"landuse":"Жилая"}},{"type":"Feature","geometry":{"type":"Point","coordinates":[76.99745,43.23459]},"properties":{"hex_id":"H00889","district":"Медеу","ecorisk":6.18,"ecorisk_oof":6.19,"high_risk_prob":0.242,"ndvi":0.278,"lst_c":27.4,"reports":32,"landuse":"Промышленная"}},{"type":"Feature","geometry":{"type":"Point","coordinates":[77.00494,43.23459]},"properties":{"hex_id":"H00890","district":"Медеу","ecorisk":4.93,"ecorisk_oof":4.7,"high_risk_prob":0.0,"ndvi":0.398,"lst_c":24.2,"reports":10,"landuse":"Жилая"}},{"type":"Feature","geometry":{"type":"Point","coordinates":[77.01244,43.23459]},"properties":{"hex_id":"H00891","district":"Медеу","ecorisk":4.85,"ecorisk_oof":4.33,"high_risk_prob":0.0,"ndvi":0.407,"lst_c":25.2,"reports":3,"landuse":"Транспорт"}},{"type":"Feature","geometry":{"type":"Point","coordinates":[77.01994,43.23459]},"properties":{"hex_id":"H00892","district":"Медеу","ecorisk":5.01,"ecorisk_oof":4.79,"high_risk_prob":0.0,"ndvi":0.359,"lst_c":22.2,"reports":30,"landuse":"Коммерческая"}},{"type":"Feature","geometry":{"type":"Point","coordinates":[77.02744,43.23459]},"properties":{"hex_id":"H00893","district":"Медеу","ecorisk":3.48,"ecorisk_oof":3.52,"high_risk_prob":0.0,"ndvi":0.501,"lst_c":25.0,"reports":3,"landuse":"Парк/сквер"}},{"type":"Feature","geometry":{"type":"Point","coordinates":[77.03494,43.23459]},"properties":{"hex_id":"H00894","district":"Медеу","ecorisk":3.29,"ecorisk_oof":3.45,"high_risk_prob":0.0,"ndvi":0.426,"lst_c":22.3,"reports":7,"landuse":"Парк/сквер"}},{"type":"Feature","geometry":{"type":"Point","coordinates":[77.04243,43.23459]},"properties":{"hex_id":"H00895","district":"Медеу","ecorisk":2.92,"ecorisk_oof":3.08,"high_risk_prob":0.0,"ndvi":0.433,"lst_c":21.6,"reports":0,"landuse":"Коммерческая"}},{"type":"Feature","geometry":{"type":"Point","coordinates":[77.04993,43.23459]},"properties":{"hex_id":"H00896","district":"Медеу","ecorisk":2.97,"ecorisk_oof":2.83,"high_risk_prob":0.0,"ndvi":0.46,"lst_c":23.4,"reports":3,"landuse":"Коммерческая"}},{"type":"Feature","geometry":{"type":"Point","coordinates":[77.05743,43.23459]},"properties":{"hex_id":"H00897","district":"Медеу","ecorisk":3.29,"ecorisk_oof":3.43,"high_risk_prob":0.0,"ndvi":0.534,"lst_c":24.0,"reports":2,"landuse":"Транспорт"}},{"type":"Feature","geometry":{"type":"Point","coordinates":[77.06493,43.23459]},"properties":{"hex_id":"H00898","district":"Медеу","ecorisk":2.44,"ecorisk_oof":2.51,"high_risk_prob":0.0,"ndvi":0.498,"lst_c":21.8,"reports":0,"landuse":"Пустырь"}},{"type":"Feature","geometry":{"type":"Point","coordinates":[77.07243,43.23459]},"properties":{"hex_id":"H00899","district":"Медеу","ecorisk":2.74,"ecorisk_oof":3.25,"high_risk_prob":0.0,"ndvi":0.482,"lst_c":22.6,"reports":1,"landuse":"Парк/сквер"}},{"type":"Feature","geometry":{"type":"Point","coordinates":[77.07993,43.23459]},"properties":{"hex_id":"H00900","district":"Медеу","ecorisk":2.65,"ecorisk_oof":2.62,"high_risk_prob":0.0,"ndvi":0.555,"lst_c":21.9,"reports":2,"landuse":"Жилая"}},{"type":"Feature","geometry":{"type":"Point","coordinates":[77.08742,43.23459]},"properties":{"hex_id":"H00901","district":"Медеу","ecorisk":2.51,"ecorisk_oof":2.65,"high_risk_prob":0.0,"ndvi":0.523,"lst_c":21.4,"reports":2,"landuse":"Парк/сквер"}},{"type":"Feature","geometry":{"type":"Point","coordinates":[77.09492,43.23459]},"properties":{"hex_id":"H00902","district":"Медеу","ecorisk":3.61,"ecorisk_oof":3.84,"high_risk_prob":0.0,"ndvi":0.484,"lst_c":20.8,"reports":6,"landuse":"Парк/сквер"}},{"type":"Feature","geometry":{"type":"Point","coordinates":[76.78375,43.23932]},"properties":{"hex_id":"H00903","district":"Жетысу","ecorisk":4.23,"ecorisk_oof":4.15,"high_risk_prob":0.0,"ndvi":0.358,"lst_c":24.6,"reports":0,"landuse":"Жилая"}},{"type":"Feature","geometry":{"type":"Point","coordinates":[76.79125,43.23932]},"properties":{"hex_id":"H00904","district":"Жетысу","ecorisk":3.62,"ecorisk_oof":3.45,"high_risk_prob":0.0,"ndvi":0.376,"lst_c":23.4,"reports":0,"landuse":"Парк/сквер"}},{"type":"Feature","geometry":{"type":"Point","coordinates":[76.79875,43.23932]},"properties":{"hex_id":"H00905","district":"Жетысу","ecorisk":5.48,"ecorisk_oof":5.56,"high_risk_prob":0.006,"ndvi":0.279,"lst_c":26.1,"reports":30,"landuse":"Жилая"}},{"type":"Feature","geometry":{"type":"Point","coordinates":[76.80624,43.23932]},"properties":{"hex_id":"H00906","district":"Жетысу","ecorisk":5.72,"ecorisk_oof":5.4,"high_risk_prob":0.009,"ndvi":0.262,"lst_c":27.0,"reports":7,"landuse":"Парк/сквер"}},{"type":"Feature","geometry":{"type":"Point","coordinates":[76.81374,43.23932]},"properties":{"hex_id":"H00907","district":"Жетысу","ecorisk":4.94,"ecorisk_oof":4.68,"high_risk_prob":0.0,"ndvi":0.357,"lst_c":24.1,"reports":1,"landuse":"Жилая"}},{"type":"Feature","geometry":{"type":"Point","coordinates":[76.82124,43.23932]},"properties":{"hex_id":"H00908","district":"Жетысу","ecorisk":5.14,"ecorisk_oof":5.15,"high_risk_prob":0.005,"ndvi":0.327,"lst_c":26.8,"reports":6,"landuse":"Парк/сквер"}},{"type":"Feature","geometry":{"type":"Point","coordinates":[76.82874,43.23932]},"properties":{"hex_id":"H00909","district":"Жетысу","ecorisk":6.25,"ecorisk_oof":6.48,"high_risk_prob":0.825,"ndvi":0.348,"lst_c":27.3,"reports":15,"landuse":"Транспорт"}},{"type":"Feature","geometry":{"type":"Point","coordinates":[76.83624,43.23932]},"properties":{"hex_id":"H00910","district":"Жетысу","ecorisk":6.73,"ecorisk_oof":7.05,"high_risk_prob":0.976,"ndvi":0.253,"lst_c":28.3,"reports":9,"landuse":"Транспорт"}},{"type":"Feature","geometry":{"type":"Point","coordinates":[76.84373,43.23932]},"properties":{"hex_id":"H00911","district":"Жетысу","ecorisk":6.45,"ecorisk_oof":6.1,"high_risk_prob":0.01,"ndvi":0.199,"lst_c":29.9,"reports":7,"landuse":"Транспорт"}},{"type":"Feature","geometry":{"type":"Point","coordinates":[76.85123,43.23932]},"properties":{"hex_id":"H00912","district":"Жетысу","ecorisk":6.93,"ecorisk_oof":6.95,"high_risk_prob":0.971,"ndvi":0.229,"lst_c":30.1,"reports":38,"landuse":"Транспорт"}},{"type":"Feature","geometry":{"type":"Point","coordinates":[76.85873,43.23932]},"properties":{"hex_id":"H00913","district":"Жетысу","ecorisk":7.96,"ecorisk_oof":8.03,"high_risk_prob":0.997,"ndvi":0.252,"lst_c":32.1,"reports":45,"landuse":"Пустырь"}},{"type":"Feature","geometry":{"type":"Point","coordinates":[76.86623,43.23932]},"properties":{"hex_id":"H00914","district":"Жетысу","ecorisk":8.82,"ecorisk_oof":8.56,"high_risk_prob":1.0,"ndvi":0.22,"lst_c":33.2,"reports":88,"landuse":"Промышленная"}},{"type":"Feature","geometry":{"type":"Point","coordinates":[76.87373,43.23932]},"properties":{"hex_id":"H00915","district":"Жетысу","ecorisk":8.83,"ecorisk_oof":8.94,"high_risk_prob":1.0,"ndvi":0.157,"lst_c":34.5,"reports":28,"landuse":"Промышленная"}},{"type":"Feature","geometry":{"type":"Point","coordinates":[76.88122,43.23932]},"properties":{"hex_id":"H00916","district":"Жетысу","ecorisk":9.54,"ecorisk_oof":9.21,"high_risk_prob":1.0,"ndvi":0.232,"lst_c":33.9,"reports":35,"landuse":"Коммерческая"}},{"type":"Feature","geometry":{"type":"Point","coordinates":[76.88872,43.23932]},"properties":{"hex_id":"H00917","district":"Жетысу","ecorisk":9.09,"ecorisk_oof":9.11,"high_risk_prob":1.0,"ndvi":0.142,"lst_c":34.0,"reports":18,"landuse":"Коммерческая"}},{"type":"Feature","geometry":{"type":"Point","coordinates":[76.89622,43.23932]},"properties":{"hex_id":"H00918","district":"Жетысу","ecorisk":8.92,"ecorisk_oof":8.7,"high_risk_prob":0.999,"ndvi":0.147,"lst_c":34.0,"reports":13,"landuse":"Транспорт"}},{"type":"Feature","geometry":{"type":"Point","coordinates":[76.90372,43.23932]},"properties":{"hex_id":"H00919","district":"Жетысу","ecorisk":9.61,"ecorisk_oof":8.91,"high_risk_prob":0.998,"ndvi":0.034,"lst_c":35.7,"reports":9,"landuse":"Коммерческая"}},{"type":"Feature","geometry":{"type":"Point","coordinates":[76.91122,43.23932]},"properties":{"hex_id":"H00920","district":"Жетысу","ecorisk":9.66,"ecorisk_oof":9.53,"high_risk_prob":0.992,"ndvi":0.108,"lst_c":35.9,"reports":17,"landuse":"Транспорт"}},{"type":"Feature","geometry":{"type":"Point","coordinates":[76.91872,43.23932]},"properties":{"hex_id":"H00921","district":"Жетысу","ecorisk":9.6,"ecorisk_oof":9.69,"high_risk_prob":0.999,"ndvi":0.101,"lst_c":37.8,"reports":21,"landuse":"Транспорт"}},{"type":"Feature","geometry":{"type":"Point","coordinates":[76.92621,43.23932]},"properties":{"hex_id":"H00922","district":"Жетысу","ecorisk":9.46,"ecorisk_oof":8.54,"high_risk_prob":0.996,"ndvi":0.089,"lst_c":35.4,"reports":15,"landuse":"Жилая"}},{"type":"Feature","geometry":{"type":"Point","coordinates":[76.93371,43.23932]},"properties":{"hex_id":"H00923","district":"Жетысу","ecorisk":9.28,"ecorisk_oof":9.44,"high_risk_prob":0.991,"ndvi":0.139,"lst_c":38.1,"reports":18,"landuse":"Коммерческая"}},{"type":"Feature","geometry":{"type":"Point","coordinates":[76.94121,43.23932]},"properties":{"hex_id":"H00924","district":"Жетысу","ecorisk":9.67,"ecorisk_oof":9.27,"high_risk_prob":0.99,"ndvi":0.144,"lst_c":38.2,"reports":55,"landuse":"Коммерческая"}},{"type":"Feature","geometry":{"type":"Point","coordinates":[76.94871,43.23932]},"properties":{"hex_id":"H00925","district":"Жетысу","ecorisk":8.05,"ecorisk_oof":8.98,"high_risk_prob":0.997,"ndvi":0.205,"lst_c":35.0,"reports":13,"landuse":"Коммерческая"}},{"type":"Feature","geometry":{"type":"Point","coordinates":[76.95621,43.23932]},"properties":{"hex_id":"H00926","district":"Медеу","ecorisk":7.93,"ecorisk_oof":8.3,"high_risk_prob":0.996,"ndvi":0.179,"lst_c":28.6,"reports":18,"landuse":"Жилая"}},{"type":"Feature","geometry":{"type":"Point","coordinates":[76.9637,43.23932]},"properties":{"hex_id":"H00927","district":"Медеу","ecorisk":7.78,"ecorisk_oof":7.78,"high_risk_prob":0.99,"ndvi":0.194,"lst_c":31.9,"reports":89,"landuse":"Транспорт"}},{"type":"Feature","geometry":{"type":"Point","coordinates":[76.9712,43.23932]},"properties":{"hex_id":"H00928","district":"Медеу","ecorisk":7.32,"ecorisk_oof":8.01,"high_risk_prob":0.991,"ndvi":0.187,"lst_c":31.1,"reports":19,"landuse":"Жилая"}},{"type":"Feature","geometry":{"type":"Point","coordinates":[76.9787,43.23932]},"properties":{"hex_id":"H00929","district":"Медеу","ecorisk":7.18,"ecorisk_oof":7.01,"high_risk_prob":0.791,"ndvi":0.215,"lst_c":29.4,"reports":7,"landuse":"Транспорт"}},{"type":"Feature","geometry":{"type":"Point","coordinates":[76.9862,43.23932]},"properties":{"hex_id":"H00930","district":"Медеу","ecorisk":5.93,"ecorisk_oof":5.81,"high_risk_prob":0.018,"ndvi":0.319,"lst_c":29.9,"reports":12,"landuse":"Транспорт"}},{"type":"Feature","geometry":{"type":"Point","coordinates":[76.9937,43.23932]},"properties":{"hex_id":"H00931","district":"Медеу","ecorisk":5.64,"ecorisk_oof":5.72,"high_risk_prob":0.002,"ndvi":0.347,"lst_c":27.6,"reports":32,"landuse":"Промышленная"}},{"type":"Feature","geometry":{"type":"Point","coordinates":[77.00119,43.23932]},"properties":{"hex_id":"H00932","district":"Медеу","ecorisk":5.89,"ecorisk_oof":5.63,"high_risk_prob":0.004,"ndvi":0.333,"lst_c":28.4,"reports":19,"landuse":"Пустырь"}},{"type":"Feature","geometry":{"type":"Point","coordinates":[77.00869,43.23932]},"properties":{"hex_id":"H00933","district":"Медеу","ecorisk":4.0,"ecorisk_oof":4.37,"high_risk_prob":0.0,"ndvi":0.385,"lst_c":25.7,"reports":4,"landuse":"Коммерческая"}},{"type":"Feature","geometry":{"type":"Point","coordinates":[77.01619,43.23932]},"properties":{"hex_id":"H00934","district":"Медеу","ecorisk":4.57,"ecorisk_oof":4.79,"high_risk_prob":0.003,"ndvi":0.485,"lst_c":24.6,"reports":44,"landuse":"Жилая"}},{"type":"Feature","geometry":{"type":"Point","coordinates":[77.02369,43.23932]},"properties":{"hex_id":"H00935","district":"Медеу","ecorisk":3.62,"ecorisk_oof":3.73,"high_risk_prob":0.0,"ndvi":0.44,"lst_c":23.9,"reports":0,"landuse":"Парк/сквер"}},{"type":"Feature","geometry":{"type":"Point","coordinates":[77.03119,43.23932]},"properties":{"hex_id":"H00936","district":"Медеу","ecorisk":4.26,"ecorisk_oof":3.89,"high_risk_prob":0.0,"ndvi":0.461,"lst_c":23.9,"reports":8,"landuse":"Парк/сквер"}},{"type":"Feature","geometry":{"type":"Point","coordinates":[77.03869,43.23932]},"properties":{"hex_id":"H00937","district":"Медеу","ecorisk":3.28,"ecorisk_oof":3.91,"high_risk_prob":0.001,"ndvi":0.498,"lst_c":21.9,"reports":1,"landuse":"Парк/сквер"}},{"type":"Feature","geometry":{"type":"Point","coordinates":[77.04618,43.23932]},"properties":{"hex_id":"H00938","district":"Медеу","ecorisk":2.6,"ecorisk_oof":2.77,"high_risk_prob":0.0,"ndvi":0.481,"lst_c":21.9,"reports":2,"landuse":"Парк/сквер"}},{"type":"Feature","geometry":{"type":"Point","coordinates":[77.05368,43.23932]},"properties":{"hex_id":"H00939","district":"Медеу","ecorisk":3.82,"ecorisk_oof":3.52,"high_risk_prob":0.0,"ndvi":0.485,"lst_c":23.0,"reports":7,"landuse":"Жилая"}},{"type":"Feature","geometry":{"type":"Point","coordinates":[77.06118,43.23932]},"properties":{"hex_id":"H00940","district":"Медеу","ecorisk":2.92,"ecorisk_oof":3.21,"high_risk_prob":0.0,"ndvi":0.425,"lst_c":23.5,"reports":4,"landuse":"Парк/сквер"}},{"type":"Feature","geometry":{"type":"Point","coordinates":[77.06868,43.23932]},"properties":{"hex_id":"H00941","district":"Медеу","ecorisk":2.98,"ecorisk_oof":2.81,"high_risk_prob":0.0,"ndvi":0.561,"lst_c":22.1,"reports":10,"landuse":"Парк/сквер"}},{"type":"Feature","geometry":{"type":"Point","coordinates":[77.07618,43.23932]},"properties":{"hex_id":"H00942","district":"Медеу","ecorisk":3.9,"ecorisk_oof":3.85,"high_risk_prob":0.0,"ndvi":0.525,"lst_c":21.4,"reports":8,"landuse":"Парк/сквер"}},{"type":"Feature","geometry":{"type":"Point","coordinates":[77.08367,43.23932]},"properties":{"hex_id":"H00943","district":"Медеу","ecorisk":2.65,"ecorisk_oof":2.77,"high_risk_prob":0.0,"ndvi":0.497,"lst_c":21.0,"reports":2,"landuse":"Парк/сквер"}},{"type":"Feature","geometry":{"type":"Point","coordinates":[77.09117,43.23932]},"properties":{"hex_id":"H00944","district":"Медеу","ecorisk":2.25,"ecorisk_oof":2.25,"high_risk_prob":0.0,"ndvi":0.52,"lst_c":22.7,"reports":5,"landuse":"Парк/сквер"}},{"type":"Feature","geometry":{"type":"Point","coordinates":[77.09867,43.23932]},"properties":{"hex_id":"H00945","district":"Медеу","ecorisk":3.36,"ecorisk_oof":3.2,"high_risk_prob":0.001,"ndvi":0.586,"lst_c":21.1,"reports":20,"landuse":"Промышленная"}},{"type":"Feature","geometry":{"type":"Point","coordinates":[76.78,43.24405]},"properties":{"hex_id":"H00946","district":"Наурызбай","ecorisk":4.13,"ecorisk_oof":4.24,"high_risk_prob":0.0,"ndvi":0.359,"lst_c":25.1,"reports":3,"landuse":"Парк/сквер"}},{"type":"Feature","geometry":{"type":"Point","coordinates":[76.7875,43.24405]},"properties":{"hex_id":"H00947","district":"Наурызбай","ecorisk":4.56,"ecorisk_oof":4.28,"high_risk_prob":0.0,"ndvi":0.357,"lst_c":24.9,"reports":1,"landuse":"Жилая"}},{"type":"Feature","geometry":{"type":"Point","coordinates":[76.795,43.24405]},"properties":{"hex_id":"H00948","district":"Наурызбай","ecorisk":4.6,"ecorisk_oof":4.65,"high_risk_prob":0.0,"ndvi":0.323,"lst_c":27.9,"reports":1,"landuse":"Коммерческая"}},{"type":"Feature","geometry":{"type":"Point","coordinates":[76.80249,43.24405]},"properties":{"hex_id":"H00949","district":"Наурызбай","ecorisk":5.32,"ecorisk_oof":5.26,"high_risk_prob":0.001,"ndvi":0.388,"lst_c":24.2,"reports":12,"landuse":"Парк/сквер"}},{"type":"Feature","geometry":{"type":"Point","coordinates":[76.80999,43.24405]},"properties":{"hex_id":"H00950","district":"Наурызбай","ecorisk":6.02,"ecorisk_oof":5.9,"high_risk_prob":0.037,"ndvi":0.298,"lst_c":25.8,"reports":9,"landuse":"Пустырь"}},{"type":"Feature","geometry":{"type":"Point","coordinates":[76.81749,43.24405]},"properties":{"hex_id":"H00951","district":"Наурызбай","ecorisk":5.01,"ecorisk_oof":4.96,"high_risk_prob":0.001,"ndvi":0.339,"lst_c":25.1,"reports":2,"landuse":"Жилая"}},{"type":"Feature","geometry":{"type":"Point","coordinates":[76.82499,43.24405]},"properties":{"hex_id":"H00952","district":"Наурызбай","ecorisk":4.86,"ecorisk_oof":5.01,"high_risk_prob":0.002,"ndvi":0.291,"lst_c":29.4,"reports":3,"landuse":"Транспорт"}},{"type":"Feature","geometry":{"type":"Point","coordinates":[76.83249,43.24405]},"properties":{"hex_id":"H00953","district":"Наурызбай","ecorisk":5.99,"ecorisk_oof":6.04,"high_risk_prob":0.082,"ndvi":0.275,"lst_c":27.8,"reports":6,"landuse":"Транспорт"}},{"type":"Feature","geometry":{"type":"Point","coordinates":[76.83999,43.24405]},"properties":{"hex_id":"H00954","district":"Наурызбай","ecorisk":7.13,"ecorisk_oof":7.0,"high_risk_prob":0.984,"ndvi":0.27,"lst_c":30.0,"reports":61,"landuse":"Пустырь"}},{"type":"Feature","geometry":{"type":"Point","coordinates":[76.84748,43.24405]},"properties":{"hex_id":"H00955","district":"Наурызбай","ecorisk":7.29,"ecorisk_oof":7.03,"high_risk_prob":0.949,"ndvi":0.177,"lst_c":31.4,"reports":10,"landuse":"Коммерческая"}},{"type":"Feature","geometry":{"type":"Point","coordinates":[76.85498,43.24405]},"properties":{"hex_id":"H00956","district":"Наурызбай","ecorisk":6.31,"ecorisk_oof":6.38,"high_risk_prob":0.615,"ndvi":0.259,"lst_c":29.6,"reports":9,"landuse":"Жилая"}},{"type":"Feature","geometry":{"type":"Point","coordinates":[76.86248,43.24405]},"properties":{"hex_id":"H00957","district":"Наурызбай","ecorisk":7.61,"ecorisk_oof":7.02,"high_risk_prob":0.984,"ndvi":0.261,"lst_c":30.7,"reports":7,"landuse":"Парк/сквер"}},{"type":"Feature","geometry":{"type":"Point","coordinates":[76.86998,43.24405]},"properties":{"hex_id":"H00958","district":"Наурызбай","ecorisk":8.78,"ecorisk_oof":9.05,"high_risk_prob":1.0,"ndvi":0.204,"lst_c":30.9,"reports":77,"landuse":"Транспорт"}},{"type":"Feature","geometry":{"type":"Point","coordinates":[76.87748,43.24405]},"properties":{"hex_id":"H00959","district":"Жетысу","ecorisk":8.23,"ecorisk_oof":8.38,"high_risk_prob":0.999,"ndvi":0.201,"lst_c":35.2,"reports":15,"landuse":"Коммерческая"}},{"type":"Feature","geometry":{"type":"Point","coordinates":[76.88497,43.24405]},"properties":{"hex_id":"H00960","district":"Жетысу","ecorisk":9.87,"ecorisk_oof":9.31,"high_risk_prob":1.0,"ndvi":0.226,"lst_c":35.9,"reports":21,"landuse":"Жилая"}},{"type":"Feature","geometry":{"type":"Point","coordinates":[76.89247,43.24405]},"properties":{"hex_id":"H00961","district":"Жетысу","ecorisk":9.37,"ecorisk_oof":8.75,"high_risk_prob":0.998,"ndvi":0.109,"lst_c":35.9,"reports":16,"landuse":"Транспорт"}},{"type":"Feature","geometry":{"type":"Point","coordinates":[76.89997,43.24405]},"properties":{"hex_id":"H00962","district":"Жетысу","ecorisk":9.89,"ecorisk_oof":9.62,"high_risk_prob":1.0,"ndvi":0.161,"lst_c":36.6,"reports":26,"landuse":"Жилая"}},{"type":"Feature","geometry":{"type":"Point","coordinates":[76.90747,43.24405]},"properties":{"hex_id":"H00963","district":"Жетысу","ecorisk":9.56,"ecorisk_oof":9.39,"high_risk_prob":0.999,"ndvi":0.02,"lst_c":37.4,"reports":15,"landuse":"Коммерческая"}},{"type":"Feature","geometry":{"type":"Point","coordinates":[76.91497,43.24405]},"properties":{"hex_id":"H00964","district":"Жетысу","ecorisk":9.52,"ecorisk_oof":9.46,"high_risk_prob":0.994,"ndvi":0.082,"lst_c":37.3,"reports":11,"landuse":"Транспорт"}},{"type":"Feature","geometry":{"type":"Point","coordinates":[76.92246,43.24405]},"properties":{"hex_id":"H00965","district":"Жетысу","ecorisk":9.61,"ecorisk_oof":9.81,"high_risk_prob":0.993,"ndvi":0.13,"lst_c":36.5,"reports":14,"landuse":"Транспорт"}},{"type":"Feature","geometry":{"type":"Point","coordinates":[76.92996,43.24405]},"properties":{"hex_id":"H00966","district":"Жетысу","ecorisk":9.09,"ecorisk_oof":9.64,"high_risk_prob":0.997,"ndvi":0.125,"lst_c":35.9,"reports":18,"landuse":"Жилая"}},{"type":"Feature","geometry":{"type":"Point","coordinates":[76.93746,43.24405]},"properties":{"hex_id":"H00967","district":"Жетысу","ecorisk":9.86,"ecorisk_oof":9.98,"high_risk_prob":0.997,"ndvi":0.142,"lst_c":36.6,"reports":97,"landuse":"Транспорт"}},{"type":"Feature","geometry":{"type":"Point","coordinates":[76.94496,43.24405]},"properties":{"hex_id":"H00968","district":"Жетысу","ecorisk":9.12,"ecorisk_oof":8.78,"high_risk_prob":0.973,"ndvi":0.106,"lst_c":36.6,"reports":12,"landuse":"Коммерческая"}},{"type":"Feature","geometry":{"type":"Point","coordinates":[76.95246,43.24405]},"properties":{"hex_id":"H00969","district":"Жетысу","ecorisk":8.79,"ecorisk_oof":9.24,"high_risk_prob":0.992,"ndvi":0.166,"lst_c":34.3,"reports":35,"landuse":"Коммерческая"}},{"type":"Feature","geometry":{"type":"Point","coordinates":[76.95996,43.24405]},"properties":{"hex_id":"H00970","district":"Ауэзов","ecorisk":8.47,"ecorisk_oof":8.84,"high_risk_prob":0.994,"ndvi":0.25,"lst_c":32.4,"reports":30,"landuse":"Транспорт"}},{"type":"Feature","geometry":{"type":"Point","coordinates":[76.96745,43.24405]},"properties":{"hex_id":"H00971","district":"Ауэзов","ecorisk":6.44,"ecorisk_oof":6.69,"high_risk_prob":0.535,"ndvi":0.282,"lst_c":31.4,"reports":8,"landuse":"Коммерческая"}},{"type":"Feature","geometry":{"type":"Point","coordinates":[76.97495,43.24405]},"properties":{"hex_id":"H00972","district":"Ауэзов","ecorisk":8.06,"ecorisk_oof":7.86,"high_risk_prob":0.984,"ndvi":0.223,"lst_c":31.5,"reports":7,"landuse":"Промышленная"}},{"type":"Feature","geometry":{"type":"Point","coordinates":[76.98245,43.24405]},"properties":{"hex_id":"H00973","district":"Ауэзов","ecorisk":7.49,"ecorisk_oof":6.98,"high_risk_prob":0.947,"ndvi":0.312,"lst_c":28.1,"reports":36,"landuse":"Транспорт"}},{"type":"Feature","geometry":{"type":"Point","coordinates":[76.98995,43.24405]},"properties":{"hex_id":"H00974","district":"Ауэзов","ecorisk":6.13,"ecorisk_oof":6.14,"high_risk_prob":0.019,"ndvi":0.346,"lst_c":28.9,"reports":13,"landuse":"Парк/сквер"}},{"type":"Feature","geometry":{"type":"Point","coordinates":[76.99745,43.24405]},"properties":{"hex_id":"H00975","district":"Ауэзов","ecorisk":5.31,"ecorisk_oof":5.31,"high_risk_prob":0.0,"ndvi":0.315,"lst_c":25.4,"reports":14,"landuse":"Пустырь"}},{"type":"Feature","geometry":{"type":"Point","coordinates":[77.00494,43.24405]},"properties":{"hex_id":"H00976","district":"Ауэзов","ecorisk":4.27,"ecorisk_oof":4.34,"high_risk_prob":0.001,"ndvi":0.392,"lst_c":24.7,"reports":1,"landuse":"Парк/сквер"}},{"type":"Feature","geometry":{"type":"Point","coordinates":[77.01244,43.24405]},"properties":{"hex_id":"H00977","district":"Ауэзов","ecorisk":4.72,"ecorisk_oof":4.67,"high_risk_prob":0.0,"ndvi":0.408,"lst_c":23.7,"reports":7,"landuse":"Жилая"}},{"type":"Feature","geometry":{"type":"Point","coordinates":[77.01994,43.24405]},"properties":{"hex_id":"H00978","district":"Ауэзов","ecorisk":4.89,"ecorisk_oof":4.26,"high_risk_prob":0.0,"ndvi":0.371,"lst_c":26.6,"reports":1,"landuse":"Парк/сквер"}},{"type":"Feature","geometry":{"type":"Point","coordinates":[77.02744,43.24405]},"properties":{"hex_id":"H00979","district":"Ауэзов","ecorisk":3.71,"ecorisk_oof":3.66,"high_risk_prob":0.001,"ndvi":0.482,"lst_c":24.2,"reports":8,"landuse":"Пустырь"}},{"type":"Feature","geometry":{"type":"Point","coordinates":[77.03494,43.24405]},"properties":{"hex_id":"H00980","district":"Ауэзов","ecorisk":3.4,"ecorisk_oof":3.66,"high_risk_prob":0.0,"ndvi":0.404,"lst_c":22.9,"reports":1,"landuse":"Парк/сквер"}},{"type":"Feature","geometry":{"type":"Point","coordinates":[77.04243,43.24405]},"properties":{"hex_id":"H00981","district":"Ауэзов","ecorisk":3.63,"ecorisk_oof":3.73,"high_risk_prob":0.0,"ndvi":0.454,"lst_c":23.1,"reports":14,"landuse":"Транспорт"}},{"type":"Feature","geometry":{"type":"Point","coordinates":[77.04993,43.24405]},"properties":{"hex_id":"H00982","district":"Ауэзов","ecorisk":3.42,"ecorisk_oof":3.65,"high_risk_prob":0.0,"ndvi":0.428,"lst_c":23.5,"reports":0,"landuse":"Транспорт"}},{"type":"Feature","geometry":{"type":"Point","coordinates":[77.05743,43.24405]},"properties":{"hex_id":"H00983","district":"Ауэзов","ecorisk":3.05,"ecorisk_oof":3.19,"high_risk_prob":0.0,"ndvi":0.465,"lst_c":21.9,"reports":7,"landuse":"Транспорт"}},{"type":"Feature","geometry":{"type":"Point","coordinates":[77.06493,43.24405]},"properties":{"hex_id":"H00984","district":"Ауэзов","ecorisk":2.64,"ecorisk_oof":3.14,"high_risk_prob":0.0,"ndvi":0.525,"lst_c":22.2,"reports":7,"landuse":"Жилая"}},{"type":"Feature","geometry":{"type":"Point","coordinates":[77.07243,43.24405]},"properties":{"hex_id":"H00985","district":"Ауэзов","ecorisk":2.56,"ecorisk_oof":2.79,"high_risk_prob":0.0,"ndvi":0.519,"lst_c":23.0,"reports":2,"landuse":"Парк/сквер"}},{"type":"Feature","geometry":{"type":"Point","coordinates":[77.07993,43.24405]},"properties":{"hex_id":"H00986","district":"Ауэзов","ecorisk":3.57,"ecorisk_oof":3.55,"high_risk_prob":0.0,"ndvi":0.48,"lst_c":19.9,"reports":19,"landuse":"Жилая"}},{"type":"Feature","geometry":{"type":"Point","coordinates":[77.08742,43.24405]},"properties":{"hex_id":"H00987","district":"Ауэзов","ecorisk":3.96,"ecorisk_oof":3.72,"high_risk_prob":0.0,"ndvi":0.528,"lst_c":22.7,"reports":23,"landuse":"Жилая"}},{"type":"Feature","geometry":{"type":"Point","coordinates":[77.09492,43.24405]},"properties":{"hex_id":"H00988","district":"Ауэзов","ecorisk":3.51,"ecorisk_oof":3.45,"high_risk_prob":0.0,"ndvi":0.497,"lst_c":23.5,"reports":2,"landuse":"Парк/сквер"}},{"type":"Feature","geometry":{"type":"Point","coordinates":[76.78375,43.24878]},"properties":{"hex_id":"H00989","district":"Наурызбай","ecorisk":3.9,"ecorisk_oof":3.68,"high_risk_prob":0.0,"ndvi":0.405,"lst_c":22.8,"reports":7,"landuse":"Парк/сквер"}},{"type":"Feature","geometry":{"type":"Point","coordinates":[76.79125,43.24878]},"properties":{"hex_id":"H00990","district":"Наурызбай","ecorisk":4.65,"ecorisk_oof":4.39,"high_risk_prob":0.0,"ndvi":0.343,"lst_c":25.4,"reports":1,"landuse":"Коммерческая"}},{"type":"Feature","geometry":{"type":"Point","coordinates":[76.79875,43.24878]},"properties":{"hex_id":"H00991","district":"Наурызбай","ecorisk":4.35,"ecorisk_oof":4.2,"high_risk_prob":0.001,"ndvi":0.372,"lst_c":23.5,"reports":4,"landuse":"Жилая"}},{"type":"Feature","geometry":{"type":"Point","coordinates":[76.80624,43.24878]},"properties":{"hex_id":"H00992","district":"Наурызбай","ecorisk":5.03,"ecorisk_oof":5.1,"high_risk_prob":0.001,"ndvi":0.349,"lst_c":25.0,"reports":1,"landuse":"Коммерческая"}},{"type":"Feature","geometry":{"type":"Point","coordinates":[76.81374,43.24878]},"properties":{"hex_id":"H00993","district":"Наурызбай","ecorisk":5.38,"ecorisk_oof":5.46,"high_risk_prob":0.004,"ndvi":0.329,"lst_c":26.7,"reports":3,"landuse":"Пустырь"}},{"type":"Feature","geometry":{"type":"Point","coordinates":[76.82124,43.24878]},"properties":{"hex_id":"H00994","district":"Наурызбай","ecorisk":6.11,"ecorisk_oof":6.15,"high_risk_prob":0.241,"ndvi":0.286,"lst_c":25.8,"reports":33,"landuse":"Пустырь"}},{"type":"Feature","geometry":{"type":"Point","coordinates":[76.82874,43.24878]},"properties":{"hex_id":"H00995","district":"Наурызбай","ecorisk":5.45,"ecorisk_oof":6.05,"high_risk_prob":0.007,"ndvi":0.234,"lst_c":28.1,"reports":4,"landuse":"Жилая"}},{"type":"Feature","geometry":{"type":"Point","coordinates":[76.83624,43.24878]},"properties":{"hex_id":"H00996","district":"Наурызбай","ecorisk":6.78,"ecorisk_oof":6.72,"high_risk_prob":0.545,"ndvi":0.261,"lst_c":28.9,"reports":5,"landuse":"Промышленная"}},{"type":"Feature","geometry":{"type":"Point","coordinates":[76.84373,43.24878]},"properties":{"hex_id":"H00997","district":"Наурызбай","ecorisk":5.57,"ecorisk_oof":5.86,"high_risk_prob":0.342,"ndvi":0.211,"lst_c":30.1,"reports":3,"landuse":"Жилая"}},{"type":"Feature","geometry":{"type":"Point","coordinates":[76.85123,43.24878]},"properties":{"hex_id":"H00998","district":"Наурызбай","ecorisk":7.57,"ecorisk_oof":7.73,"high_risk_prob":0.998,"ndvi":0.206,"lst_c":30.8,"reports":9,"landuse":"Жилая"}},{"type":"Feature","geometry":{"type":"Point","coordinates":[76.85873,43.24878]},"properties":{"hex_id":"H00999","district":"Наурызбай","ecorisk":8.13,"ecorisk_oof":8.12,"high_risk_prob":0.998,"ndvi":0.221,"lst_c":31.3,"reports":30,"landuse":"Транспорт"}},{"type":"Feature","geometry":{"type":"Point","coordinates":[76.86623,43.24878]},"properties":{"hex_id":"H01000","district":"Наурызбай","ecorisk":8.34,"ecorisk_oof":8.11,"high_risk_prob":0.996,"ndvi":0.238,"lst_c":32.5,"reports":7,"landuse":"Жилая"}},{"type":"Feature","geometry":{"type":"Point","coordinates":[76.87373,43.24878]},"properties":{"hex_id":"H01001","district":"Наурызбай","ecorisk":8.72,"ecorisk_oof":8.16,"high_risk_prob":1.0,"ndvi":0.102,"lst_c":36.1,"reports":16,"landuse":"Жилая"}},{"type":"Feature","geometry":{"type":"Point","coordinates":[76.88122,43.24878]},"properties":{"hex_id":"H01002","district":"Жетысу","ecorisk":8.79,"ecorisk_oof":8.57,"high_risk_prob":0.999,"ndvi":0.034,"lst_c":36.5,"reports":11,"landuse":"Коммерческая"}},{"type":"Feature","geometry":{"type":"Point","coordinates":[76.88872,43.24878]},"properties":{"hex_id":"H01003","district":"Жетысу","ecorisk":9.63,"ecorisk_oof":9.35,"high_risk_prob":1.0,"ndvi":0.077,"lst_c":38.4,"reports":21,"landuse":"Коммерческая"}},{"type":"Feature","geometry":{"type":"Point","coordinates":[76.89622,43.24878]},"properties":{"hex_id":"H01004","district":"Жетысу","ecorisk":9.84,"ecorisk_oof":9.32,"high_risk_prob":0.998,"ndvi":0.103,"lst_c":37.8,"reports":12,"landuse":"Жилая"}},{"type":"Feature","geometry":{"type":"Point","coordinates":[76.90372,43.24878]},"properties":{"hex_id":"H01005","district":"Жетысу","ecorisk":9.5,"ecorisk_oof":9.24,"high_risk_prob":0.999,"ndvi":0.109,"lst_c":37.8,"reports":16,"landuse":"Коммерческая"}},{"type":"Feature","geometry":{"type":"Point","coordinates":[76.91122,43.24878]},"properties":{"hex_id":"H01006","district":"Жетысу","ecorisk":9.62,"ecorisk_oof":8.78,"high_risk_prob":0.997,"ndvi":0.156,"lst_c":34.9,"reports":9,"landuse":"Жилая"}},{"type":"Feature","geometry":{"type":"Point","coordinates":[76.91872,43.24878]},"properties":{"hex_id":"H01007","district":"Жетысу","ecorisk":9.93,"ecorisk_oof":9.43,"high_risk_prob":0.999,"ndvi":0.082,"lst_c":39.6,"reports":15,"landuse":"Парк/сквер"}},{"type":"Feature","geometry":{"type":"Point","coordinates":[76.92621,43.24878]},"properties":{"hex_id":"H01008","district":"Жетысу","ecorisk":10.0,"ecorisk_oof":10.18,"high_risk_prob":1.0,"ndvi":0.121,"lst_c":38.7,"reports":69,"landuse":"Жилая"}},{"type":"Feature","geometry":{"type":"Point","coordinates":[76.93371,43.24878]},"properties":{"hex_id":"H01009","district":"Жетысу","ecorisk":9.27,"ecorisk_oof":9.08,"high_risk_prob":0.999,"ndvi":0.086,"lst_c":34.0,"reports":15,"landuse":"Транспорт"}},{"type":"Feature","geometry":{"type":"Point","coordinates":[76.94121,43.24878]},"properties":{"hex_id":"H01010","district":"Жетысу","ecorisk":8.34,"ecorisk_oof":8.99,"high_risk_prob":0.998,"ndvi":0.174,"lst_c":33.9,"reports":12,"landuse":"Жилая"}},{"type":"Feature","geometry":{"type":"Point","coordinates":[76.94871,43.24878]},"properties":{"hex_id":"H01011","district":"Жетысу","ecorisk":8.58,"ecorisk_oof":8.78,"high_risk_prob":0.996,"ndvi":0.194,"lst_c":34.9,"reports":13,"landuse":"Жилая"}},{"type":"Feature","geometry":{"type":"Point","coordinates":[76.95621,43.24878]},"properties":{"hex_id":"H01012","district":"Ауэзов","ecorisk":8.25,"ecorisk_oof":8.04,"high_risk_prob":0.993,"ndvi":0.162,"lst_c":31.4,"reports":71,"landuse":"Коммерческая"}},{"type":"Feature","geometry":{"type":"Point","coordinates":[76.9637,43.24878]},"properties":{"hex_id":"H01013","district":"Ауэзов","ecorisk":7.87,"ecorisk_oof":8.47,"high_risk_prob":0.991,"ndvi":0.203,"lst_c":33.8,"reports":6,"landuse":"Парк/сквер"}},{"type":"Feature","geometry":{"type":"Point","coordinates":[76.9712,43.24878]},"properties":{"hex_id":"H01014","district":"Ауэзов","ecorisk":7.3,"ecorisk_oof":7.16,"high_risk_prob":0.657,"ndvi":0.271,"lst_c":30.9,"reports":17,"landuse":"Жилая"}},{"type":"Feature","geometry":{"type":"Point","coordinates":[76.9787,43.24878]},"properties":{"hex_id":"H01015","district":"Ауэзов","ecorisk":6.54,"ecorisk_oof":6.72,"high_risk_prob":0.061,"ndvi":0.214,"lst_c":34.3,"reports":9,"landuse":"Транспорт"}},{"type":"Feature","geometry":{"type":"Point","coordinates":[76.9862,43.24878]},"properties":{"hex_id":"H01016","district":"Ауэзов","ecorisk":6.31,"ecorisk_oof":6.28,"high_risk_prob":0.081,"ndvi":0.267,"lst_c":29.9,"reports":9,"landuse":"Парк/сквер"}},{"type":"Feature","geometry":{"type":"Point","coordinates":[76.9937,43.24878]},"properties":{"hex_id":"H01017","district":"Ауэзов","ecorisk":5.58,"ecorisk_oof":5.35,"high_risk_prob":0.005,"ndvi":0.318,"lst_c":28.7,"reports":4,"landuse":"Жилая"}},{"type":"Feature","geometry":{"type":"Point","coordinates":[77.00119,43.24878]},"properties":{"hex_id":"H01018","district":"Ауэзов","ecorisk":6.12,"ecorisk_oof":5.72,"high_risk_prob":0.007,"ndvi":0.383,"lst_c":25.8,"reports":30,"landuse":"Транспорт"}},{"type":"Feature","geometry":{"type":"Point","coordinates":[77.00869,43.24878]},"properties":{"hex_id":"H01019","district":"Ауэзов","ecorisk":4.82,"ecorisk_oof":5.12,"high_risk_prob":0.001,"ndvi":0.395,"lst_c":25.0,"reports":19,"landuse":"Жилая"}},{"type":"Feature","geometry":{"type":"Point","coordinates":[77.01619,43.24878]},"properties":{"hex_id":"H01020","district":"Ауэзов","ecorisk":4.45,"ecorisk_oof":4.45,"high_risk_prob":0.0,"ndvi":0.42,"lst_c":26.4,"reports":1,"landuse":"Коммерческая"}},{"type":"Feature","geometry":{"type":"Point","coordinates":[77.02369,43.24878]},"properties":{"hex_id":"H01021","district":"Ауэзов","ecorisk":4.27,"ecorisk_oof":4.06,"high_risk_prob":0.003,"ndvi":0.515,"lst_c":25.0,"reports":1,"landuse":"Транспорт"}},{"type":"Feature","geometry":{"type":"Point","coordinates":[77.03119,43.24878]},"properties":{"hex_id":"H01022","district":"Ауэзов","ecorisk":4.26,"ecorisk_oof":3.9,"high_risk_prob":0.0,"ndvi":0.373,"lst_c":24.9,"reports":0,"landuse":"Жилая"}},{"type":"Feature","geometry":{"type":"Point","coordinates":[77.03869,43.24878]},"properties":{"hex_id":"H01023","district":"Ауэзов","ecorisk":3.87,"ecorisk_oof":3.87,"high_risk_prob":0.001,"ndvi":0.488,"lst_c":23.0,"reports":10,"landuse":"Коммерческая"}},{"type":"Feature","geometry":{"type":"Point","coordinates":[77.04618,43.24878]},"properties":{"hex_id":"H01024","district":"Ауэзов","ecorisk":2.72,"ecorisk_oof":3.08,"high_risk_prob":0.0,"ndvi":0.495,"lst_c":25.0,"reports":1,"landuse":"Парк/сквер"}},{"type":"Feature","geometry":{"type":"Point","coordinates":[77.05368,43.24878]},"properties":{"hex_id":"H01025","district":"Ауэзов","ecorisk":4.74,"ecorisk_oof":4.48,"high_risk_prob":0.001,"ndvi":0.442,"lst_c":23.6,"reports":24,"landuse":"Промышленная"}},{"type":"Feature","geometry":{"type":"Point","coordinates":[77.06118,43.24878]},"properties":{"hex_id":"H01026","district":"Ауэзов","ecorisk":2.56,"ecorisk_oof":2.98,"high_risk_prob":0.0,"ndvi":0.498,"lst_c":23.0,"reports":4,"landuse":"Парк/сквер"}},{"type":"Feature","geometry":{"type":"Point","coordinates":[77.06868,43.24878]},"properties":{"hex_id":"H01027","district":"Ауэзов","ecorisk":3.36,"ecorisk_oof":3.55,"high_risk_prob":0.0,"ndvi":0.518,"lst_c":20.4,"reports":9,"landuse":"Транспорт"}},{"type":"Feature","geometry":{"type":"Point","coordinates":[77.07618,43.24878]},"properties":{"hex_id":"H01028","district":"Ауэзов","ecorisk":3.5,"ecorisk_oof":3.73,"high_risk_prob":0.0,"ndvi":0.425,"lst_c":23.6,"reports":0,"landuse":"Жилая"}},{"type":"Feature","geometry":{"type":"Point","coordinates":[77.08367,43.24878]},"properties":{"hex_id":"H01029","district":"Ауэзов","ecorisk":2.46,"ecorisk_oof":2.57,"high_risk_prob":0.0,"ndvi":0.515,"lst_c":21.3,"reports":2,"landuse":"Промышленная"}},{"type":"Feature","geometry":{"type":"Point","coordinates":[77.09117,43.24878]},"properties":{"hex_id":"H01030","district":"Ауэзов","ecorisk":1.95,"ecorisk_oof":2.4,"high_risk_prob":0.0,"ndvi":0.542,"lst_c":19.7,"reports":1,"landuse":"Парк/сквер"}},{"type":"Feature","geometry":{"type":"Point","coordinates":[77.09867,43.24878]},"properties":{"hex_id":"H01031","district":"Ауэзов","ecorisk":1.74,"ecorisk_oof":2.25,"high_risk_prob":0.0,"ndvi":0.529,"lst_c":21.9,"reports":3,"landuse":"Парк/сквер"}},{"type":"Feature","geometry":{"type":"Point","coordinates":[76.78,43.25351]},"properties":{"hex_id":"H01032","district":"Наурызбай","ecorisk":4.21,"ecorisk_oof":4.25,"high_risk_prob":0.0,"ndvi":0.345,"lst_c":25.2,"reports":3,"landuse":"Жилая"}},{"type":"Feature","geometry":{"type":"Point","coordinates":[76.7875,43.25351]},"properties":{"hex_id":"H01033","district":"Наурызбай","ecorisk":4.21,"ecorisk_oof":4.14,"high_risk_prob":0.0,"ndvi":0.332,"lst_c":23.7,"reports":1,"landuse":"Парк/сквер"}},{"type":"Feature","geometry":{"type":"Point","coordinates":[76.795,43.25351]},"properties":{"hex_id":"H01034","district":"Наурызбай","ecorisk":4.77,"ecorisk_oof":4.47,"high_risk_prob":0.004,"ndvi":0.283,"lst_c":24.9,"reports":1,"landuse":"Парк/сквер"}},{"type":"Feature","geometry":{"type":"Point","coordinates":[76.80249,43.25351]},"properties":{"hex_id":"H01035","district":"Наурызбай","ecorisk":5.15,"ecorisk_oof":5.03,"high_risk_prob":0.001,"ndvi":0.342,"lst_c":26.8,"reports":6,"landuse":"Коммерческая"}},{"type":"Feature","geometry":{"type":"Point","coordinates":[76.80999,43.25351]},"properties":{"hex_id":"H01036","district":"Наурызбай","ecorisk":5.98,"ecorisk_oof":5.95,"high_risk_prob":0.057,"ndvi":0.291,"lst_c":26.4,"reports":16,"landuse":"Коммерческая"}},{"type":"Feature","geometry":{"type":"Point","coordinates":[76.81749,43.25351]},"properties":{"hex_id":"H01037","district":"Наурызбай","ecorisk":5.67,"ecorisk_oof":5.31,"high_risk_prob":0.011,"ndvi":0.25,"lst_c":26.5,"reports":4,"landuse":"Парк/сквер"}},{"type":"Feature","geometry":{"type":"Point","coordinates":[76.82499,43.25351]},"properties":{"hex_id":"H01038","district":"Наурызбай","ecorisk":6.42,"ecorisk_oof":6.4,"high_risk_prob":0.259,"ndvi":0.286,"lst_c":28.3,"reports":21,"landuse":"Жилая"}},{"type":"Feature","geometry":{"type":"Point","coordinates":[76.83249,43.25351]},"properties":{"hex_id":"H01039","district":"Наурызбай","ecorisk":4.86,"ecorisk_oof":5.38,"high_risk_prob":0.002,"ndvi":0.314,"lst_c":27.7,"reports":1,"landuse":"Жилая"}},{"type":"Feature","geometry":{"type":"Point","coordinates":[76.83999,43.25351]},"properties":{"hex_id":"H01040","district":"Наурызбай","ecorisk":7.04,"ecorisk_oof":6.97,"high_risk_prob":0.978,"ndvi":0.253,"lst_c":29.7,"reports":21,"landuse":"Коммерческая"}},{"type":"Feature","geometry":{"type":"Point","coordinates":[76.84748,43.25351]},"properties":{"hex_id":"H01041","district":"Наурызбай","ecorisk":7.01,"ecorisk_oof":7.21,"high_risk_prob":0.897,"ndvi":0.181,"lst_c":30.4,"reports":28,"landuse":"Пустырь"}},{"type":"Feature","geometry":{"type":"Point","coordinates":[76.85498,43.25351]},"properties":{"hex_id":"H01042","district":"Наурызбай","ecorisk":7.33,"ecorisk_oof":7.14,"high_risk_prob":0.985,"ndvi":0.228,"lst_c":30.1,"reports":34,"landuse":"Транспорт"}},{"type":"Feature","geometry":{"type":"Point","coordinates":[76.86248,43.25351]},"properties":{"hex_id":"H01043","district":"Наурызбай","ecorisk":7.93,"ecorisk_oof":7.33,"high_risk_prob":0.995,"ndvi":0.183,"lst_c":33.3,"reports":8,"landuse":"Жилая"}},{"type":"Feature","geometry":{"type":"Point","coordinates":[76.86998,43.25351]},"properties":{"hex_id":"H01044","district":"Наурызбай","ecorisk":7.52,"ecorisk_oof":7.21,"high_risk_prob":0.994,"ndvi":0.281,"lst_c":33.4,"reports":38,"landuse":"Промышленная"}},{"type":"Feature","geometry":{"type":"Point","coordinates":[76.87748,43.25351]},"properties":{"hex_id":"H01045","district":"Жетысу","ecorisk":8.97,"ecorisk_oof":8.28,"high_risk_prob":0.999,"ndvi":0.182,"lst_c":33.4,"reports":12,"landuse":"Жилая"}},{"type":"Feature","geometry":{"type":"Point","coordinates":[76.88497,43.25351]},"properties":{"hex_id":"H01046","district":"Жетысу","ecorisk":9.42,"ecorisk_oof":9.39,"high_risk_prob":0.999,"ndvi":0.194,"lst_c":35.8,"reports":60,"landuse":"Транспорт"}},{"type":"Feature","geometry":{"type":"Point","coordinates":[76.89247,43.25351]},"properties":{"hex_id":"H01047","district":"Жетысу","ecorisk":9.37,"ecorisk_oof":9.75,"high_risk_prob":0.999,"ndvi":0.104,"lst_c":37.6,"reports":18,"landuse":"Коммерческая"}},{"type":"Feature","geometry":{"type":"Point","coordinates":[76.89997,43.25351]},"properties":{"hex_id":"H01048","district":"Жетысу","ecorisk":9.39,"ecorisk_oof":9.55,"high_risk_prob":1.0,"ndvi":0.13,"lst_c":36.5,"reports":18,"landuse":"Коммерческая"}},{"type":"Feature","geometry":{"type":"Point","coordinates":[76.90747,43.25351]},"properties":{"hex_id":"H01049","district":"Жетысу","ecorisk":9.88,"ecorisk_oof":8.95,"high_risk_prob":1.0,"ndvi":0.188,"lst_c":36.2,"reports":11,"landuse":"Коммерческая"}},{"type":"Feature","geometry":{"type":"Point","coordinates":[76.91497,43.25351]},"properties":{"hex_id":"H01050","district":"Жетысу","ecorisk":9.91,"ecorisk_oof":9.83,"high_risk_prob":1.0,"ndvi":0.127,"lst_c":36.8,"reports":75,"landuse":"Коммерческая"}},{"type":"Feature","geometry":{"type":"Point","coordinates":[76.92246,43.25351]},"properties":{"hex_id":"H01051","district":"Жетысу","ecorisk":9.99,"ecorisk_oof":9.82,"high_risk_prob":1.0,"ndvi":0.075,"lst_c":37.8,"reports":76,"landuse":"Коммерческая"}},{"type":"Feature","geometry":{"type":"Point","coordinates":[76.92996,43.25351]},"properties":{"hex_id":"H01052","district":"Жетысу","ecorisk":9.72,"ecorisk_oof":9.48,"high_risk_prob":0.997,"ndvi":0.124,"lst_c":37.6,"reports":13,"landuse":"Промышленная"}},{"type":"Feature","geometry":{"type":"Point","coordinates":[76.93746,43.25351]},"properties":{"hex_id":"H01053","district":"Жетысу","ecorisk":8.24,"ecorisk_oof":9.11,"high_risk_prob":0.997,"ndvi":0.116,"lst_c":35.1,"reports":17,"landuse":"Коммерческая"}},{"type":"Feature","geometry":{"type":"Point","coordinates":[76.94496,43.25351]},"properties":{"hex_id":"H01054","district":"Жетысу","ecorisk":9.5,"ecorisk_oof":9.16,"high_risk_prob":0.991,"ndvi":0.117,"lst_c":34.9,"reports":13,"landuse":"Жилая"}},{"type":"Feature","geometry":{"type":"Point","coordinates":[76.95246,43.25351]},"properties":{"hex_id":"H01055","district":"Жетысу","ecorisk":8.1,"ecorisk_oof":8.71,"high_risk_prob":0.997,"ndvi":0.165,"lst_c":35.1,"reports":17,"landuse":"Коммерческая"}},{"type":"Feature","geometry":{"type":"Point","coordinates":[76.95996,43.25351]},"properties":{"hex_id":"H01056","district":"Ауэзов","ecorisk":8.59,"ecorisk_oof":8.89,"high_risk_prob":0.994,"ndvi":0.153,"lst_c":34.6,"reports":34,"landuse":"Жилая"}},{"type":"Feature","geometry":{"type":"Point","coordinates":[76.96745,43.25351]},"properties":{"hex_id":"H01057","district":"Ауэзов","ecorisk":7.9,"ecorisk_oof":8.46,"high_risk_prob":0.985,"ndvi":0.216,"lst_c":32.4,"reports":10,"landuse":"Жилая"}},{"type":"Feature","geometry":{"type":"Point","coordinates":[76.97495,43.25351]},"properties":{"hex_id":"H01058","district":"Ауэзов","ecorisk":6.06,"ecorisk_oof":6.44,"high_risk_prob":0.19,"ndvi":0.257,"lst_c":29.0,"reports":5,"landuse":"Жилая"}},{"type":"Feature","geometry":{"type":"Point","coordinates":[76.98245,43.25351]},"properties":{"hex_id":"H01059","district":"Ауэзов","ecorisk":7.14,"ecorisk_oof":7.38,"high_risk_prob":0.966,"ndvi":0.265,"lst_c":30.5,"reports":13,"landuse":"Жилая"}},{"type":"Feature","geometry":{"type":"Point","coordinates":[76.98995,43.25351]},"properties":{"hex_id":"H01060","district":"Ауэзов","ecorisk":6.77,"ecorisk_oof":6.54,"high_risk_prob":0.117,"ndvi":0.356,"lst_c":28.7,"reports":72,"landuse":"Пустырь"}},{"type":"Feature","geometry":{"type":"Point","coordinates":[76.99745,43.25351]},"properties":{"hex_id":"H01061","district":"Ауэзов","ecorisk":5.43,"ecorisk_oof":5.81,"high_risk_prob":0.001,"ndvi":0.369,"lst_c":27.4,"reports":7,"landuse":"Жилая"}},{"type":"Feature","geometry":{"type":"Point","coordinates":[77.00494,43.25351]},"properties":{"hex_id":"H01062","district":"Ауэзов","ecorisk":5.36,"ecorisk_oof":5.4,"high_risk_prob":0.005,"ndvi":0.281,"lst_c":26.2,"reports":2,"landuse":"Парк/сквер"}},{"type":"Feature","geometry":{"type":"Point","coordinates":[77.01244,43.25351]},"properties":{"hex_id":"H01063","district":"Ауэзов","ecorisk":5.75,"ecorisk_oof":5.56,"high_risk_prob":0.006,"ndvi":0.339,"lst_c":28.5,"reports":26,"landuse":"Парк/сквер"}},{"type":"Feature","geometry":{"type":"Point","coordinates":[77.01994,43.25351]},"properties":{"hex_id":"H01064","district":"Ауэзов","ecorisk":5.8,"ecorisk_oof":5.23,"high_risk_prob":0.087,"ndvi":0.38,"lst_c":24.7,"reports":16,"landuse":"Парк/сквер"}},{"type":"Feature","geometry":{"type":"Point","coordinates":[77.02744,43.25351]},"properties":{"hex_id":"H01065","district":"Ауэзов","ecorisk":2.4,"ecorisk_oof":2.89,"high_risk_prob":0.001,"ndvi":0.483,"lst_c":26.1,"reports":3,"landuse":"Парк/сквер"}},{"type":"Feature","geometry":{"type":"Point","coordinates":[77.03494,43.25351]},"properties":{"hex_id":"H01066","district":"Ауэзов","ecorisk":4.2,"ecorisk_oof":4.22,"high_risk_prob":0.0,"ndvi":0.411,"lst_c":26.5,"reports":3,"landuse":"Промышленная"}},{"type":"Feature","geometry":{"type":"Point","coordinates":[77.04243,43.25351]},"properties":{"hex_id":"H01067","district":"Ауэзов","ecorisk":3.54,"ecorisk_oof":3.37,"high_risk_prob":0.0,"ndvi":0.501,"lst_c":22.2,"reports":8,"landuse":"Парк/сквер"}},{"type":"Feature","geometry":{"type":"Point","coordinates":[77.04993,43.25351]},"properties":{"hex_id":"H01068","district":"Ауэзов","ecorisk":3.07,"ecorisk_oof":2.95,"high_risk_prob":0.0,"ndvi":0.454,"lst_c":23.1,"reports":2,"landuse":"Парк/сквер"}},{"type":"Feature","geometry":{"type":"Point","coordinates":[77.05743,43.25351]},"properties":{"hex_id":"H01069","district":"Ауэзов","ecorisk":2.93,"ecorisk_oof":2.77,"high_risk_prob":0.0,"ndvi":0.464,"lst_c":21.1,"reports":0,"landuse":"Жилая"}},{"type":"Feature","geometry":{"type":"Point","coordinates":[77.06493,43.25351]},"properties":{"hex_id":"H01070","district":"Ауэзов","ecorisk":3.87,"ecorisk_oof":4.25,"high_risk_prob":0.0,"ndvi":0.433,"lst_c":23.5,"reports":25,"landuse":"Транспорт"}},{"type":"Feature","geometry":{"type":"Point","coordinates":[77.07243,43.25351]},"properties":{"hex_id":"H01071","district":"Ауэзов","ecorisk":3.1,"ecorisk_oof":3.95,"high_risk_prob":0.0,"ndvi":0.488,"lst_c":24.3,"reports":1,"landuse":"Парк/сквер"}},{"type":"Feature","geometry":{"type":"Point","coordinates":[77.07993,43.25351]},"properties":{"hex_id":"H01072","district":"Ауэзов","ecorisk":2.9,"ecorisk_oof":2.68,"high_risk_prob":0.0,"ndvi":0.53,"lst_c":22.3,"reports":0,"landuse":"Парк/сквер"}},{"type":"Feature","geometry":{"type":"Point","coordinates":[77.08742,43.25351]},"properties":{"hex_id":"H01073","district":"Ауэзов","ecorisk":3.12,"ecorisk_oof":2.85,"high_risk_prob":0.0,"ndvi":0.477,"lst_c":23.8,"reports":2,"landuse":"Парк/сквер"}},{"type":"Feature","geometry":{"type":"Point","coordinates":[77.09492,43.25351]},"properties":{"hex_id":"H01074","district":"Ауэзов","ecorisk":3.07,"ecorisk_oof":2.92,"high_risk_prob":0.0,"ndvi":0.437,"lst_c":21.9,"reports":1,"landuse":"Парк/сквер"}},{"type":"Feature","geometry":{"type":"Point","coordinates":[76.78375,43.25824]},"properties":{"hex_id":"H01075","district":"Наурызбай","ecorisk":5.61,"ecorisk_oof":5.7,"high_risk_prob":0.007,"ndvi":0.323,"lst_c":22.6,"reports":15,"landuse":"Пустырь"}},{"type":"Feature","geometry":{"type":"Point","coordinates":[76.79125,43.25824]},"properties":{"hex_id":"H01076","district":"Наурызбай","ecorisk":5.62,"ecorisk_oof":5.73,"high_risk_prob":0.138,"ndvi":0.293,"lst_c":24.0,"reports":21,"landuse":"Промышленная"}},{"type":"Feature","geometry":{"type":"Point","coordinates":[76.79875,43.25824]},"properties":{"hex_id":"H01077","district":"Наурызбай","ecorisk":4.06,"ecorisk_oof":4.35,"high_risk_prob":0.0,"ndvi":0.331,"lst_c":26.2,"reports":3,"landuse":"Транспорт"}},{"type":"Feature","geometry":{"type":"Point","coordinates":[76.80624,43.25824]},"properties":{"hex_id":"H01078","district":"Наурызбай","ecorisk":5.43,"ecorisk_oof":5.22,"high_risk_prob":0.0,"ndvi":0.296,"lst_c":27.4,"reports":3,"landuse":"Парк/сквер"}},{"type":"Feature","geometry":{"type":"Point","coordinates":[76.81374,43.25824]},"properties":{"hex_id":"H01079","district":"Наурызбай","ecorisk":6.0,"ecorisk_oof":5.84,"high_risk_prob":0.008,"ndvi":0.28,"lst_c":24.8,"reports":8,"landuse":"Пустырь"}},{"type":"Feature","geometry":{"type":"Point","coordinates":[76.82124,43.25824]},"properties":{"hex_id":"H01080","district":"Наурызбай","ecorisk":7.05,"ecorisk_oof":6.46,"high_risk_prob":0.963,"ndvi":0.264,"lst_c":25.1,"reports":20,"landuse":"Пустырь"}},{"type":"Feature","geometry":{"type":"Point","coordinates":[76.82874,43.25824]},"properties":{"hex_id":"H01081","district":"Наурызбай","ecorisk":4.77,"ecorisk_oof":4.98,"high_risk_prob":0.005,"ndvi":0.388,"lst_c":25.9,"reports":2,"landuse":"Парк/сквер"}},{"type":"Feature","geometry":{"type":"Point","coordinates":[76.83624,43.25824]},"properties":{"hex_id":"H01082","district":"Наурызбай","ecorisk":7.16,"ecorisk_oof":6.93,"high_risk_prob":0.953,"ndvi":0.333,"lst_c":28.3,"reports":5,"landuse":"Парк/сквер"}},{"type":"Feature","geometry":{"type":"Point","coordinates":[76.84373,43.25824]},"properties":{"hex_id":"H01083","district":"Наурызбай","ecorisk":7.8,"ecorisk_oof":7.61,"high_risk_prob":0.99,"ndvi":0.237,"lst_c":29.7,"reports":39,"landuse":"Пустырь"}},{"type":"Feature","geometry":{"type":"Point","coordinates":[76.85123,43.25824]},"properties":{"hex_id":"H01084","district":"Наурызбай","ecorisk":7.19,"ecorisk_oof":6.78,"high_risk_prob":0.333,"ndvi":0.154,"lst_c":28.6,"reports":7,"landuse":"Парк/сквер"}},{"type":"Feature","geometry":{"type":"Point","coordinates":[76.85873,43.25824]},"properties":{"hex_id":"H01085","district":"Наурызбай","ecorisk":8.84,"ecorisk_oof":8.76,"high_risk_prob":0.999,"ndvi":0.163,"lst_c":33.6,"reports":70,"landuse":"Пустырь"}},{"type":"Feature","geometry":{"type":"Point","coordinates":[76.86623,43.25824]},"properties":{"hex_id":"H01086","district":"Наурызбай","ecorisk":7.22,"ecorisk_oof":6.89,"high_risk_prob":0.962,"ndvi":0.248,"lst_c":31.8,"reports":6,"landuse":"Жилая"}},{"type":"Feature","geometry":{"type":"Point","coordinates":[76.87373,43.25824]},"properties":{"hex_id":"H01087","district":"Наурызбай","ecorisk":8.66,"ecorisk_oof":8.54,"high_risk_prob":1.0,"ndvi":0.189,"lst_c":34.2,"reports":28,"landuse":"Транспорт"}},{"type":"Feature","geometry":{"type":"Point","coordinates":[76.88122,43.25824]},"properties":{"hex_id":"H01088","district":"Жетысу","ecorisk":8.31,"ecorisk_oof":8.36,"high_risk_prob":0.994,"ndvi":0.117,"lst_c":36.2,"reports":19,"landuse":"Жилая"}},{"type":"Feature","geometry":{"type":"Point","coordinates":[76.88872,43.25824]},"properties":{"hex_id":"H01089","district":"Жетысу","ecorisk":8.75,"ecorisk_oof":8.45,"high_risk_prob":0.997,"ndvi":0.179,"lst_c":33.4,"reports":9,"landuse":"Коммерческая"}},{"type":"Feature","geometry":{"type":"Point","coordinates":[76.89622,43.25824]},"properties":{"hex_id":"H01090","district":"Жетысу","ecorisk":9.24,"ecorisk_oof":8.92,"high_risk_prob":0.999,"ndvi":0.125,"lst_c":35.2,"reports":10,"landuse":"Коммерческая"}},{"type":"Feature","geometry":{"type":"Point","coordinates":[76.90372,43.25824]},"properties":{"hex_id":"H01091","district":"Жетысу","ecorisk":8.68,"ecorisk_oof":8.85,"high_risk_prob":1.0,"ndvi":0.03,"lst_c":38.3,"reports":17,"landuse":"Коммерческая"}},{"type":"Feature","geometry":{"type":"Point","coordinates":[76.91122,43.25824]},"properties":{"hex_id":"H01092","district":"Жетысу","ecorisk":9.54,"ecorisk_oof":9.54,"high_risk_prob":1.0,"ndvi":0.117,"lst_c":35.7,"reports":37,"landuse":"Транспорт"}},{"type":"Feature","geometry":{"type":"Point","coordinates":[76.91872,43.25824]},"properties":{"hex_id":"H01093","district":"Жетысу","ecorisk":10.0,"ecorisk_oof":9.91,"high_risk_prob":1.0,"ndvi":0.034,"lst_c":38.5,"reports":43,"landuse":"Жилая"}},{"type":"Feature","geometry":{"type":"Point","coordinates":[76.92621,43.25824]},"properties":{"hex_id":"H01094","district":"Жетысу","ecorisk":9.75,"ecorisk_oof":9.66,"high_risk_prob":0.999,"ndvi":0.085,"lst_c":35.3,"reports":22,"landuse":"Коммерческая"}},{"type":"Feature","geometry":{"type":"Point","coordinates":[76.93371,43.25824]},"properties":{"hex_id":"H01095","district":"Жетысу","ecorisk":9.09,"ecorisk_oof":8.97,"high_risk_prob":0.999,"ndvi":0.146,"lst_c":36.5,"reports":14,"landuse":"Транспорт"}},{"type":"Feature","geometry":{"type":"Point","coordinates":[76.94121,43.25824]},"properties":{"hex_id":"H01096","district":"Жетысу","ecorisk":8.9,"ecorisk_oof":9.06,"high_risk_prob":0.997,"ndvi":0.18,"lst_c":35.6,"reports":8,"landuse":"Коммерческая"}},{"type":"Feature","geometry":{"type":"Point","coordinates":[76.94871,43.25824]},"properties":{"hex_id":"H01097","district":"Жетысу","ecorisk":7.57,"ecorisk_oof":8.31,"high_risk_prob":0.98,"ndvi":0.163,"lst_c":33.6,"reports":16,"landuse":"Жилая"}},{"type":"Feature","geometry":{"type":"Point","coordinates":[76.95621,43.25824]},"properties":{"hex_id":"H01098","district":"Ауэзов","ecorisk":7.99,"ecorisk_oof":7.98,"high_risk_prob":0.998,"ndvi":0.2,"lst_c":31.4,"reports":50,"landuse":"Пустырь"}},{"type":"Feature","geometry":{"type":"Point","coordinates":[76.9637,43.25824]},"properties":{"hex_id":"H01099","district":"Ауэзов","ecorisk":6.88,"ecorisk_oof":6.93,"high_risk_prob":0.317,"ndvi":0.307,"lst_c":31.9,"reports":9,"landuse":"Жилая"}},{"type":"Feature","geometry":{"type":"Point","coordinates":[76.9712,43.25824]},"properties":{"hex_id":"H01100","district":"Ауэзов","ecorisk":6.8,"ecorisk_oof":6.8,"high_risk_prob":0.658,"ndvi":0.301,"lst_c":31.7,"reports":41,"landuse":"Транспорт"}},{"type":"Feature","geometry":{"type":"Point","coordinates":[76.9787,43.25824]},"properties":{"hex_id":"H01101","district":"Ауэзов","ecorisk":7.3,"ecorisk_oof":7.51,"high_risk_prob":0.986,"ndvi":0.282,"lst_c":31.2,"reports":19,"landuse":"Жилая"}},{"type":"Feature","geometry":{"type":"Point","coordinates":[76.9862,43.25824]},"properties":{"hex_id":"H01102","district":"Ауэзов","ecorisk":6.05,"ecorisk_oof":6.57,"high_risk_prob":0.797,"ndvi":0.265,"lst_c":28.2,"reports":5,"landuse":"Жилая"}},{"type":"Feature","geometry":{"type":"Point","coordinates":[76.9937,43.25824]},"properties":{"hex_id":"H01103","district":"Ауэзов","ecorisk":5.87,"ecorisk_oof":6.3,"high_risk_prob":0.355,"ndvi":0.259,"lst_c":29.7,"reports":38,"landuse":"Коммерческая"}},{"type":"Feature","geometry":{"type":"Point","coordinates":[77.00119,43.25824]},"properties":{"hex_id":"H01104","district":"Ауэзов","ecorisk":5.43,"ecorisk_oof":5.19,"high_risk_prob":0.0,"ndvi":0.299,"lst_c":26.2,"reports":3,"landuse":"Транспорт"}},{"type":"Feature","geometry":{"type":"Point","coordinates":[77.00869,43.25824]},"properties":{"hex_id":"H01105","district":"Ауэзов","ecorisk":5.67,"ecorisk_oof":6.04,"high_risk_prob":0.021,"ndvi":0.406,"lst_c":26.4,"reports":52,"landuse":"Пустырь"}},{"type":"Feature","geometry":{"type":"Point","coordinates":[77.01619,43.25824]},"properties":{"hex_id":"H01106","district":"Ауэзов","ecorisk":4.93,"ecorisk_oof":4.74,"high_risk_prob":0.002,"ndvi":0.349,"lst_c":27.4,"reports":4,"landuse":"Транспорт"}},{"type":"Feature","geometry":{"type":"Point","coordinates":[77.02369,43.25824]},"properties":{"hex_id":"H01107","district":"Ауэзов","ecorisk":4.77,"ecorisk_oof":4.43,"high_risk_prob":0.0,"ndvi":0.353,"lst_c":26.9,"reports":3,"landuse":"Парк/сквер"}},{"type":"Feature","geometry":{"type":"Point","coordinates":[77.03119,43.25824]},"properties":{"hex_id":"H01108","district":"Ауэзов","ecorisk":3.47,"ecorisk_oof":3.44,"high_risk_prob":0.001,"ndvi":0.453,"lst_c":25.5,"reports":3,"landuse":"Жилая"}},{"type":"Feature","geometry":{"type":"Point","coordinates":[77.03869,43.25824]},"properties":{"hex_id":"H01109","district":"Ауэзов","ecorisk":2.96,"ecorisk_oof":3.13,"high_risk_prob":0.0,"ndvi":0.403,"lst_c":22.7,"reports":3,"landuse":"Жилая"}},{"type":"Feature","geometry":{"type":"Point","coordinates":[77.04618,43.25824]},"properties":{"hex_id":"H01110","district":"Ауэзов","ecorisk":3.23,"ecorisk_oof":3.64,"high_risk_prob":0.0,"ndvi":0.425,"lst_c":23.4,"reports":1,"landuse":"Парк/сквер"}},{"type":"Feature","geometry":{"type":"Point","coordinates":[77.05368,43.25824]},"properties":{"hex_id":"H01111","district":"Ауэзов","ecorisk":3.37,"ecorisk_oof":3.23,"high_risk_prob":0.0,"ndvi":0.47,"lst_c":23.0,"reports":8,"landuse":"Пустырь"}},{"type":"Feature","geometry":{"type":"Point","coordinates":[77.06118,43.25824]},"properties":{"hex_id":"H01112","district":"Ауэзов","ecorisk":3.61,"ecorisk_oof":3.34,"high_risk_prob":0.0,"ndvi":0.475,"lst_c":22.5,"reports":0,"landuse":"Жилая"}},{"type":"Feature","geometry":{"type":"Point","coordinates":[77.06868,43.25824]},"properties":{"hex_id":"H01113","district":"Ауэзов","ecorisk":2.78,"ecorisk_oof":2.9,"high_risk_prob":0.0,"ndvi":0.499,"lst_c":22.2,"reports":3,"landuse":"Парк/сквер"}},{"type":"Feature","geometry":{"type":"Point","coordinates":[77.07618,43.25824]},"properties":{"hex_id":"H01114","district":"Ауэзов","ecorisk":4.11,"ecorisk_oof":4.27,"high_risk_prob":0.0,"ndvi":0.495,"lst_c":23.0,"reports":21,"landuse":"Пустырь"}},{"type":"Feature","geometry":{"type":"Point","coordinates":[77.08367,43.25824]},"properties":{"hex_id":"H01115","district":"Ауэзов","ecorisk":3.62,"ecorisk_oof":3.21,"high_risk_prob":0.0,"ndvi":0.462,"lst_c":22.7,"reports":14,"landuse":"Пустырь"}},{"type":"Feature","geometry":{"type":"Point","coordinates":[77.09117,43.25824]},"properties":{"hex_id":"H01116","district":"Ауэзов","ecorisk":2.21,"ecorisk_oof":2.38,"high_risk_prob":0.0,"ndvi":0.522,"lst_c":22.1,"reports":2,"landuse":"Парк/сквер"}},{"type":"Feature","geometry":{"type":"Point","coordinates":[77.09867,43.25824]},"properties":{"hex_id":"H01117","district":"Ауэзов","ecorisk":2.87,"ecorisk_oof":2.72,"high_risk_prob":0.001,"ndvi":0.487,"lst_c":24.5,"reports":3,"landuse":"Промышленная"}},{"type":"Feature","geometry":{"type":"Point","coordinates":[76.78,43.26297]},"properties":{"hex_id":"H01118","district":"Наурызбай","ecorisk":3.97,"ecorisk_oof":3.89,"high_risk_prob":0.001,"ndvi":0.426,"lst_c":24.5,"reports":2,"landuse":"Парк/сквер"}},{"type":"Feature","geometry":{"type":"Point","coordinates":[76.7875,43.26297]},"properties":{"hex_id":"H01119","district":"Наурызбай","ecorisk":5.3,"ecorisk_oof":5.19,"high_risk_prob":0.001,"ndvi":0.345,"lst_c":24.9,"reports":8,"landuse":"Парк/сквер"}},{"type":"Feature","geometry":{"type":"Point","coordinates":[76.795,43.26297]},"properties":{"hex_id":"H01120","district":"Наурызбай","ecorisk":4.23,"ecorisk_oof":4.08,"high_risk_prob":0.001,"ndvi":0.324,"lst_c":25.3,"reports":0,"landuse":"Жилая"}},{"type":"Feature","geometry":{"type":"Point","coordinates":[76.80249,43.26297]},"properties":{"hex_id":"H01121","district":"Наурызбай","ecorisk":5.34,"ecorisk_oof":5.37,"high_risk_prob":0.0,"ndvi":0.351,"lst_c":23.6,"reports":17,"landuse":"Пустырь"}},{"type":"Feature","geometry":{"type":"Point","coordinates":[76.80999,43.26297]},"properties":{"hex_id":"H01122","district":"Наурызбай","ecorisk":4.91,"ecorisk_oof":4.92,"high_risk_prob":0.0,"ndvi":0.278,"lst_c":26.4,"reports":5,"landuse":"Жилая"}},{"type":"Feature","geometry":{"type":"Point","coordinates":[76.81749,43.26297]},"properties":{"hex_id":"H01123","district":"Наурызбай","ecorisk":5.75,"ecorisk_oof":5.78,"high_risk_prob":0.007,"ndvi":0.295,"lst_c":24.5,"reports":21,"landuse":"Пустырь"}},{"type":"Feature","geometry":{"type":"Point","coordinates":[76.82499,43.26297]},"properties":{"hex_id":"H01124","district":"Наурызбай","ecorisk":5.24,"ecorisk_oof":5.11,"high_risk_prob":0.017,"ndvi":0.341,"lst_c":27.5,"reports":1,"landuse":"Парк/сквер"}},{"type":"Feature","geometry":{"type":"Point","coordinates":[76.83249,43.26297]},"properties":{"hex_id":"H01125","district":"Наурызбай","ecorisk":5.24,"ecorisk_oof":5.82,"high_risk_prob":0.032,"ndvi":0.284,"lst_c":28.9,"reports":24,"landuse":"Пустырь"}},{"type":"Feature","geometry":{"type":"Point","coordinates":[76.83999,43.26297]},"properties":{"hex_id":"H01126","district":"Наурызбай","ecorisk":5.61,"ecorisk_oof":5.82,"high_risk_prob":0.011,"ndvi":0.315,"lst_c":28.3,"reports":6,"landuse":"Пустырь"}},{"type":"Feature","geometry":{"type":"Point","coordinates":[76.84748,43.26297]},"properties":{"hex_id":"H01127","district":"Наурызбай","ecorisk":7.27,"ecorisk_oof":6.65,"high_risk_prob":0.757,"ndvi":0.25,"lst_c":28.7,"reports":4,"landuse":"Пустырь"}},{"type":"Feature","geometry":{"type":"Point","coordinates":[76.85498,43.26297]},"properties":{"hex_id":"H01128","district":"Наурызбай","ecorisk":8.07,"ecorisk_oof":7.79,"high_risk_prob":0.999,"ndvi":0.175,"lst_c":31.8,"reports":32,"landuse":"Промышленная"}},{"type":"Feature","geometry":{"type":"Point","coordinates":[76.86248,43.26297]},"properties":{"hex_id":"H01129","district":"Наурызбай","ecorisk":8.48,"ecorisk_oof":8.47,"high_risk_prob":0.999,"ndvi":0.162,"lst_c":33.0,"reports":34,"landuse":"Пустырь"}},{"type":"Feature","geometry":{"type":"Point","coordinates":[76.86998,43.26297]},"properties":{"hex_id":"H01130","district":"Наурызбай","ecorisk":7.89,"ecorisk_oof":7.57,"high_risk_prob":0.999,"ndvi":0.253,"lst_c":34.0,"reports":12,"landuse":"Жилая"}},{"type":"Feature","geometry":{"type":"Point","coordinates":[76.87748,43.26297]},"properties":{"hex_id":"H01131","district":"Жетысу","ecorisk":8.8,"ecorisk_oof":8.38,"high_risk_prob":1.0,"ndvi":0.209,"lst_c":32.7,"reports":78,"landuse":"Пустырь"}},{"type":"Feature","geometry":{"type":"Point","coordinates":[76.88497,43.26297]},"properties":{"hex_id":"H01132","district":"Жетысу","ecorisk":8.07,"ecorisk_oof":8.37,"high_risk_prob":0.997,"ndvi":0.107,"lst_c":35.7,"reports":9,"landuse":"Коммерческая"}},{"type":"Feature","geometry":{"type":"Point","coordinates":[76.89247,43.26297]},"properties":{"hex_id":"H01133","district":"Жетысу","ecorisk":9.54,"ecorisk_oof":9.07,"high_risk_prob":1.0,"ndvi":0.101,"lst_c":35.2,"reports":16,"landuse":"Жилая"}},{"type":"Feature","geometry":{"type":"Point","coordinates":[76.89997,43.26297]},"properties":{"hex_id":"H01134","district":"Жетысу","ecorisk":9.7,"ecorisk_oof":9.59,"high_risk_prob":1.0,"ndvi":0.169,"lst_c":37.3,"reports":38,"landuse":"Транспорт"}},{"type":"Feature","geometry":{"type":"Point","coordinates":[76.90747,43.26297]},"properties":{"hex_id":"H01135","district":"Жетысу","ecorisk":9.66,"ecorisk_oof":9.81,"high_risk_prob":1.0,"ndvi":0.137,"lst_c":36.0,"reports":22,"landuse":"Коммерческая"}},{"type":"Feature","geometry":{"type":"Point","coordinates":[76.91497,43.26297]},"properties":{"hex_id":"H01136","district":"Жетысу","ecorisk":9.03,"ecorisk_oof":9.27,"high_risk_prob":1.0,"ndvi":0.059,"lst_c":36.3,"reports":12,"landuse":"Транспорт"}},{"type":"Feature","geometry":{"type":"Point","coordinates":[76.92246,43.26297]},"properties":{"hex_id":"H01137","district":"Жетысу","ecorisk":9.82,"ecorisk_oof":9.49,"high_risk_prob":1.0,"ndvi":0.109,"lst_c":38.1,"reports":43,"landuse":"Коммерческая"}},{"type":"Feature","geometry":{"type":"Point","coordinates":[76.92996,43.26297]},"properties":{"hex_id":"H01138","district":"Жетысу","ecorisk":9.35,"ecorisk_oof":8.72,"high_risk_prob":1.0,"ndvi":0.116,"lst_c":34.3,"reports":12,"landuse":"Транспорт"}},{"type":"Feature","geometry":{"type":"Point","coordinates":[76.93746,43.26297]},"properties":{"hex_id":"H01139","district":"Жетысу","ecorisk":9.58,"ecorisk_oof":9.45,"high_risk_prob":1.0,"ndvi":0.149,"lst_c":35.2,"reports":32,"landuse":"Жилая"}},{"type":"Feature","geometry":{"type":"Point","coordinates":[76.94496,43.26297]},"properties":{"hex_id":"H01140","district":"Жетысу","ecorisk":9.04,"ecorisk_oof":8.99,"high_risk_prob":1.0,"ndvi":0.135,"lst_c":34.4,"reports":27,"landuse":"Жилая"}},{"type":"Feature","geometry":{"type":"Point","coordinates":[76.95246,43.26297]},"properties":{"hex_id":"H01141","district":"Жетысу","ecorisk":9.01,"ecorisk_oof":8.68,"high_risk_prob":0.99,"ndvi":0.12,"lst_c":33.8,"reports":44,"landuse":"Транспорт"}},{"type":"Feature","geometry":{"type":"Point","coordinates":[76.95996,43.26297]},"properties":{"hex_id":"H01142","district":"Ауэзов","ecorisk":8.78,"ecorisk_oof":8.76,"high_risk_prob":0.998,"ndvi":0.222,"lst_c":31.6,"reports":34,"landuse":"Парк/сквер"}},{"type":"Feature","geometry":{"type":"Point","coordinates":[76.96745,43.26297]},"properties":{"hex_id":"H01143","district":"Ауэзов","ecorisk":7.24,"ecorisk_oof":7.89,"high_risk_prob":0.99,"ndvi":0.255,"lst_c":32.4,"reports":11,"landuse":"Жилая"}},{"type":"Feature","geometry":{"type":"Point","coordinates":[76.97495,43.26297]},"properties":{"hex_id":"H01144","district":"Ауэзов","ecorisk":7.12,"ecorisk_oof":7.49,"high_risk_prob":0.985,"ndvi":0.254,"lst_c":30.9,"reports":24,"landuse":"Пустырь"}},{"type":"Feature","geometry":{"type":"Point","coordinates":[76.98245,43.26297]},"properties":{"hex_id":"H01145","district":"Ауэзов","ecorisk":6.24,"ecorisk_oof":6.43,"high_risk_prob":0.679,"ndvi":0.266,"lst_c":29.5,"reports":42,"landuse":"Жилая"}},{"type":"Feature","geometry":{"type":"Point","coordinates":[76.98995,43.26297]},"properties":{"hex_id":"H01146","district":"Ауэзов","ecorisk":5.9,"ecorisk_oof":5.38,"high_risk_prob":0.021,"ndvi":0.306,"lst_c":31.1,"reports":5,"landuse":"Транспорт"}},{"type":"Feature","geometry":{"type":"Point","coordinates":[76.99745,43.26297]},"properties":{"hex_id":"H01147","district":"Ауэзов","ecorisk":6.22,"ecorisk_oof":6.26,"high_risk_prob":0.239,"ndvi":0.302,"lst_c":29.6,"reports":6,"landuse":"Парк/сквер"}},{"type":"Feature","geometry":{"type":"Point","coordinates":[77.00494,43.26297]},"properties":{"hex_id":"H01148","district":"Ауэзов","ecorisk":4.77,"ecorisk_oof":4.76,"high_risk_prob":0.0,"ndvi":0.38,"lst_c":25.1,"reports":2,"landuse":"Жилая"}},{"type":"Feature","geometry":{"type":"Point","coordinates":[77.01244,43.26297]},"properties":{"hex_id":"H01149","district":"Ауэзов","ecorisk":4.78,"ecorisk_oof":4.67,"high_risk_prob":0.001,"ndvi":0.38,"lst_c":24.9,"reports":3,"landuse":"Пустырь"}},{"type":"Feature","geometry":{"type":"Point","coordinates":[77.01994,43.26297]},"properties":{"hex_id":"H01150","district":"Ауэзов","ecorisk":5.07,"ecorisk_oof":5.03,"high_risk_prob":0.001,"ndvi":0.363,"lst_c":24.3,"reports":20,"landuse":"Жилая"}},{"type":"Feature","geometry":{"type":"Point","coordinates":[77.02744,43.26297]},"properties":{"hex_id":"H01151","district":"Ауэзов","ecorisk":4.53,"ecorisk_oof":4.48,"high_risk_prob":0.001,"ndvi":0.388,"lst_c":23.9,"reports":17,"landuse":"Пустырь"}},{"type":"Feature","geometry":{"type":"Point","coordinates":[77.03494,43.26297]},"properties":{"hex_id":"H01152","district":"Ауэзов","ecorisk":3.7,"ecorisk_oof":3.4,"high_risk_prob":0.0,"ndvi":0.442,"lst_c":23.0,"reports":3,"landuse":"Коммерческая"}},{"type":"Feature","geometry":{"type":"Point","coordinates":[77.04243,43.26297]},"properties":{"hex_id":"H01153","district":"Ауэзов","ecorisk":3.65,"ecorisk_oof":3.18,"high_risk_prob":0.0,"ndvi":0.456,"lst_c":23.9,"reports":0,"landuse":"Промышленная"}},{"type":"Feature","geometry":{"type":"Point","coordinates":[77.04993,43.26297]},"properties":{"hex_id":"H01154","district":"Ауэзов","ecorisk":2.79,"ecorisk_oof":3.07,"high_risk_prob":0.0,"ndvi":0.513,"lst_c":21.6,"reports":1,"landuse":"Парк/сквер"}},{"type":"Feature","geometry":{"type":"Point","coordinates":[77.05743,43.26297]},"properties":{"hex_id":"H01155","district":"Ауэзов","ecorisk":3.98,"ecorisk_oof":3.93,"high_risk_prob":0.0,"ndvi":0.469,"lst_c":23.4,"reports":21,"landuse":"Промышленная"}},{"type":"Feature","geometry":{"type":"Point","coordinates":[77.06493,43.26297]},"properties":{"hex_id":"H01156","district":"Ауэзов","ecorisk":4.84,"ecorisk_oof":4.12,"high_risk_prob":0.0,"ndvi":0.36,"lst_c":22.0,"reports":1,"landuse":"Жилая"}},{"type":"Feature","geometry":{"type":"Point","coordinates":[77.07243,43.26297]},"properties":{"hex_id":"H01157","district":"Ауэзов","ecorisk":3.39,"ecorisk_oof":3.1,"high_risk_prob":0.0,"ndvi":0.39,"lst_c":23.8,"reports":2,"landuse":"Пустырь"}},{"type":"Feature","geometry":{"type":"Point","coordinates":[77.07993,43.26297]},"properties":{"hex_id":"H01158","district":"Ауэзов","ecorisk":3.64,"ecorisk_oof":3.53,"high_risk_prob":0.0,"ndvi":0.533,"lst_c":21.8,"reports":12,"landuse":"Пустырь"}},{"type":"Feature","geometry":{"type":"Point","coordinates":[77.08742,43.26297]},"properties":{"hex_id":"H01159","district":"Ауэзов","ecorisk":3.29,"ecorisk_oof":3.06,"high_risk_prob":0.0,"ndvi":0.444,"lst_c":23.6,"reports":6,"landuse":"Пустырь"}},{"type":"Feature","geometry":{"type":"Point","coordinates":[77.09492,43.26297]},"properties":{"hex_id":"H01160","district":"Ауэзов","ecorisk":3.27,"ecorisk_oof":3.74,"high_risk_prob":0.0,"ndvi":0.443,"lst_c":22.2,"reports":11,"landuse":"Пустырь"}},{"type":"Feature","geometry":{"type":"Point","coordinates":[76.78375,43.2677]},"properties":{"hex_id":"H01161","district":"Наурызбай","ecorisk":4.52,"ecorisk_oof":4.23,"high_risk_prob":0.0,"ndvi":0.37,"lst_c":25.7,"reports":0,"landuse":"Парк/сквер"}},{"type":"Feature","geometry":{"type":"Point","coordinates":[76.79125,43.2677]},"properties":{"hex_id":"H01162","district":"Наурызбай","ecorisk":4.48,"ecorisk_oof":4.31,"high_risk_prob":0.002,"ndvi":0.332,"lst_c":24.5,"reports":0,"landuse":"Жилая"}},{"type":"Feature","geometry":{"type":"Point","coordinates":[76.79875,43.2677]},"properties":{"hex_id":"H01163","district":"Наурызбай","ecorisk":4.32,"ecorisk_oof":4.03,"high_risk_prob":0.001,"ndvi":0.344,"lst_c":23.5,"reports":2,"landuse":"Пустырь"}},{"type":"Feature","geometry":{"type":"Point","coordinates":[76.80624,43.2677]},"properties":{"hex_id":"H01164","district":"Наурызбай","ecorisk":4.96,"ecorisk_oof":4.85,"high_risk_prob":0.002,"ndvi":0.363,"lst_c":25.5,"reports":4,"landuse":"Парк/сквер"}},{"type":"Feature","geometry":{"type":"Point","coordinates":[76.81374,43.2677]},"properties":{"hex_id":"H01165","district":"Наурызбай","ecorisk":5.02,"ecorisk_oof":4.82,"high_risk_prob":0.0,"ndvi":0.341,"lst_c":26.6,"reports":4,"landuse":"Пустырь"}},{"type":"Feature","geometry":{"type":"Point","coordinates":[76.82124,43.2677]},"properties":{"hex_id":"H01166","district":"Наурызбай","ecorisk":5.14,"ecorisk_oof":5.32,"high_risk_prob":0.003,"ndvi":0.317,"lst_c":27.4,"reports":2,"landuse":"Жилая"}},{"type":"Feature","geometry":{"type":"Point","coordinates":[76.82874,43.2677]},"properties":{"hex_id":"H01167","district":"Наурызбай","ecorisk":5.83,"ecorisk_oof":5.53,"high_risk_prob":0.003,"ndvi":0.314,"lst_c":27.7,"reports":19,"landuse":"Пустырь"}},{"type":"Feature","geometry":{"type":"Point","coordinates":[76.83624,43.2677]},"properties":{"hex_id":"H01168","district":"Наурызбай","ecorisk":7.39,"ecorisk_oof":7.48,"high_risk_prob":0.99,"ndvi":0.284,"lst_c":27.9,"reports":32,"landuse":"Пустырь"}},{"type":"Feature","geometry":{"type":"Point","coordinates":[76.84373,43.2677]},"properties":{"hex_id":"H01169","district":"Наурызбай","ecorisk":7.78,"ecorisk_oof":7.79,"high_risk_prob":0.984,"ndvi":0.28,"lst_c":28.5,"reports":48,"landuse":"Пустырь"}},{"type":"Feature","geometry":{"type":"Point","coordinates":[76.85123,43.2677]},"properties":{"hex_id":"H01170","district":"Наурызбай","ecorisk":6.42,"ecorisk_oof":6.18,"high_risk_prob":0.621,"ndvi":0.234,"lst_c":31.7,"reports":5,"landuse":"Транспорт"}},{"type":"Feature","geometry":{"type":"Point","coordinates":[76.85873,43.2677]},"properties":{"hex_id":"H01171","district":"Наурызбай","ecorisk":7.03,"ecorisk_oof":7.14,"high_risk_prob":0.986,"ndvi":0.31,"lst_c":30.1,"reports":15,"landuse":"Транспорт"}},{"type":"Feature","geometry":{"type":"Point","coordinates":[76.86623,43.2677]},"properties":{"hex_id":"H01172","district":"Наурызбай","ecorisk":8.02,"ecorisk_oof":7.47,"high_risk_prob":0.998,"ndvi":0.153,"lst_c":32.4,"reports":11,"landuse":"Жилая"}},{"type":"Feature","geometry":{"type":"Point","coordinates":[76.87373,43.2677]},"properties":{"hex_id":"H01173","district":"Наурызбай","ecorisk":9.23,"ecorisk_oof":8.55,"high_risk_prob":1.0,"ndvi":0.193,"lst_c":31.0,"reports":16,"landuse":"Пустырь"}},{"type":"Feature","geometry":{"type":"Point","coordinates":[76.88122,43.2677]},"properties":{"hex_id":"H01174","district":"Жетысу","ecorisk":7.57,"ecorisk_oof":7.23,"high_risk_prob":0.987,"ndvi":0.198,"lst_c":33.5,"reports":17,"landuse":"Коммерческая"}},{"type":"Feature","geometry":{"type":"Point","coordinates":[76.88872,43.2677]},"properties":{"hex_id":"H01175","district":"Жетысу","ecorisk":8.42,"ecorisk_oof":8.35,"high_risk_prob":1.0,"ndvi":0.13,"lst_c":36.2,"reports":36,"landuse":"Жилая"}},{"type":"Feature","geometry":{"type":"Point","coordinates":[76.89622,43.2677]},"properties":{"hex_id":"H01176","district":"Жетысу","ecorisk":9.35,"ecorisk_oof":9.61,"high_risk_prob":1.0,"ndvi":0.078,"lst_c":36.1,"reports":14,"landuse":"Жилая"}},{"type":"Feature","geometry":{"type":"Point","coordinates":[76.90372,43.2677]},"properties":{"hex_id":"H01177","district":"Жетысу","ecorisk":9.43,"ecorisk_oof":9.43,"high_risk_prob":1.0,"ndvi":0.164,"lst_c":36.4,"reports":16,"landuse":"Коммерческая"}},{"type":"Feature","geometry":{"type":"Point","coordinates":[76.91122,43.2677]},"properties":{"hex_id":"H01178","district":"Жетысу","ecorisk":9.58,"ecorisk_oof":9.39,"high_risk_prob":1.0,"ndvi":0.149,"lst_c":35.5,"reports":18,"landuse":"Коммерческая"}},{"type":"Feature","geometry":{"type":"Point","coordinates":[76.91872,43.2677]},"properties":{"hex_id":"H01179","district":"Жетысу","ecorisk":9.27,"ecorisk_oof":9.4,"high_risk_prob":1.0,"ndvi":0.138,"lst_c":37.1,"reports":19,"landuse":"Жилая"}},{"type":"Feature","geometry":{"type":"Point","coordinates":[76.92621,43.2677]},"properties":{"hex_id":"H01180","district":"Жетысу","ecorisk":9.48,"ecorisk_oof":9.41,"high_risk_prob":1.0,"ndvi":0.114,"lst_c":37.2,"reports":23,"landuse":"Коммерческая"}},{"type":"Feature","geometry":{"type":"Point","coordinates":[76.93371,43.2677]},"properties":{"hex_id":"H01181","district":"Жетысу","ecorisk":9.01,"ecorisk_oof":9.01,"high_risk_prob":1.0,"ndvi":0.188,"lst_c":33.0,"reports":11,"landuse":"Жилая"}},{"type":"Feature","geometry":{"type":"Point","coordinates":[76.94121,43.2677]},"properties":{"hex_id":"H01182","district":"Жетысу","ecorisk":8.76,"ecorisk_oof":9.15,"high_risk_prob":1.0,"ndvi":0.143,"lst_c":35.3,"reports":14,"landuse":"Транспорт"}},{"type":"Feature","geometry":{"type":"Point","coordinates":[76.94871,43.2677]},"properties":{"hex_id":"H01183","district":"Жетысу","ecorisk":8.91,"ecorisk_oof":9.11,"high_risk_prob":1.0,"ndvi":0.181,"lst_c":33.1,"reports":11,"landuse":"Коммерческая"}},{"type":"Feature","geometry":{"type":"Point","coordinates":[76.95621,43.2677]},"properties":{"hex_id":"H01184","district":"Ауэзов","ecorisk":8.47,"ecorisk_oof":8.78,"high_risk_prob":1.0,"ndvi":0.131,"lst_c":34.6,"reports":37,"landuse":"Коммерческая"}},{"type":"Feature","geometry":{"type":"Point","coordinates":[76.9637,43.2677]},"properties":{"hex_id":"H01185","district":"Ауэзов","ecorisk":8.62,"ecorisk_oof":8.53,"high_risk_prob":0.999,"ndvi":0.257,"lst_c":31.3,"reports":43,"landuse":"Коммерческая"}},{"type":"Feature","geometry":{"type":"Point","coordinates":[76.9712,43.2677]},"properties":{"hex_id":"H01186","district":"Ауэзов","ecorisk":7.8,"ecorisk_oof":7.69,"high_risk_prob":0.999,"ndvi":0.153,"lst_c":31.4,"reports":43,"landuse":"Жилая"}},{"type":"Feature","geometry":{"type":"Point","coordinates":[76.9787,43.2677]},"properties":{"hex_id":"H01187","district":"Ауэзов","ecorisk":5.68,"ecorisk_oof":5.88,"high_risk_prob":0.038,"ndvi":0.382,"lst_c":28.8,"reports":9,"landuse":"Транспорт"}},{"type":"Feature","geometry":{"type":"Point","coordinates":[76.9862,43.2677]},"properties":{"hex_id":"H01188","district":"Ауэзов","ecorisk":6.48,"ecorisk_oof":6.1,"high_risk_prob":0.014,"ndvi":0.34,"lst_c":26.3,"reports":18,"landuse":"Пустырь"}},{"type":"Feature","geometry":{"type":"Point","coordinates":[76.9937,43.2677]},"properties":{"hex_id":"H01189","district":"Ауэзов","ecorisk":6.55,"ecorisk_oof":6.7,"high_risk_prob":0.874,"ndvi":0.267,"lst_c":28.0,"reports":5,"landuse":"Парк/сквер"}},{"type":"Feature","geometry":{"type":"Point","coordinates":[77.00119,43.2677]},"properties":{"hex_id":"H01190","district":"Ауэзов","ecorisk":5.2,"ecorisk_oof":5.16,"high_risk_prob":0.001,"ndvi":0.297,"lst_c":26.9,"reports":4,"landuse":"Жилая"}},{"type":"Feature","geometry":{"type":"Point","coordinates":[77.00869,43.2677]},"properties":{"hex_id":"H01191","district":"Ауэзов","ecorisk":5.38,"ecorisk_oof":5.14,"high_risk_prob":0.002,"ndvi":0.367,"lst_c":24.7,"reports":7,"landuse":"Парк/сквер"}},{"type":"Feature","geometry":{"type":"Point","coordinates":[77.01619,43.2677]},"properties":{"hex_id":"H01192","district":"Ауэзов","ecorisk":5.22,"ecorisk_oof":4.9,"high_risk_prob":0.001,"ndvi":0.387,"lst_c":22.8,"reports":8,"landuse":"Жилая"}},{"type":"Feature","geometry":{"type":"Point","coordinates":[77.02369,43.2677]},"properties":{"hex_id":"H01193","district":"Ауэзов","ecorisk":4.76,"ecorisk_oof":4.64,"high_risk_prob":0.004,"ndvi":0.447,"lst_c":22.5,"reports":17,"landuse":"Парк/сквер"}},{"type":"Feature","geometry":{"type":"Point","coordinates":[77.03119,43.2677]},"properties":{"hex_id":"H01194","district":"Ауэзов","ecorisk":3.85,"ecorisk_oof":3.92,"high_risk_prob":0.001,"ndvi":0.421,"lst_c":24.7,"reports":2,"landuse":"Парк/сквер"}},{"type":"Feature","geometry":{"type":"Point","coordinates":[77.03869,43.2677]},"properties":{"hex_id":"H01195","district":"Ауэзов","ecorisk":3.02,"ecorisk_oof":3.22,"high_risk_prob":0.0,"ndvi":0.484,"lst_c":25.0,"reports":2,"landuse":"Парк/сквер"}},{"type":"Feature","geometry":{"type":"Point","coordinates":[77.04618,43.2677]},"properties":{"hex_id":"H01196","district":"Ауэзов","ecorisk":3.19,"ecorisk_oof":3.46,"high_risk_prob":0.0,"ndvi":0.41,"lst_c":22.0,"reports":2,"landuse":"Пустырь"}},{"type":"Feature","geometry":{"type":"Point","coordinates":[77.05368,43.2677]},"properties":{"hex_id":"H01197","district":"Ауэзов","ecorisk":3.93,"ecorisk_oof":3.91,"high_risk_prob":0.0,"ndvi":0.358,"lst_c":22.8,"reports":1,"landuse":"Парк/сквер"}},{"type":"Feature","geometry":{"type":"Point","coordinates":[77.06118,43.2677]},"properties":{"hex_id":"H01198","district":"Ауэзов","ecorisk":4.03,"ecorisk_oof":3.73,"high_risk_prob":0.0,"ndvi":0.447,"lst_c":24.1,"reports":16,"landuse":"Парк/сквер"}},{"type":"Feature","geometry":{"type":"Point","coordinates":[77.06868,43.2677]},"properties":{"hex_id":"H01199","district":"Ауэзов","ecorisk":2.88,"ecorisk_oof":2.58,"high_risk_prob":0.0,"ndvi":0.452,"lst_c":19.4,"reports":4,"landuse":"Жилая"}},{"type":"Feature","geometry":{"type":"Point","coordinates":[77.07618,43.2677]},"properties":{"hex_id":"H01200","district":"Ауэзов","ecorisk":3.38,"ecorisk_oof":3.23,"high_risk_prob":0.0,"ndvi":0.472,"lst_c":23.5,"reports":2,"landuse":"Парк/сквер"}},{"type":"Feature","geometry":{"type":"Point","coordinates":[77.08367,43.2677]},"properties":{"hex_id":"H01201","district":"Ауэзов","ecorisk":3.34,"ecorisk_oof":2.72,"high_risk_prob":0.001,"ndvi":0.483,"lst_c":23.2,"reports":4,"landuse":"Жилая"}},{"type":"Feature","geometry":{"type":"Point","coordinates":[77.09117,43.2677]},"properties":{"hex_id":"H01202","district":"Ауэзов","ecorisk":4.14,"ecorisk_oof":3.87,"high_risk_prob":0.0,"ndvi":0.443,"lst_c":23.3,"reports":12,"landuse":"Пустырь"}},{"type":"Feature","geometry":{"type":"Point","coordinates":[77.09867,43.2677]},"properties":{"hex_id":"H01203","district":"Ауэзов","ecorisk":3.1,"ecorisk_oof":3.37,"high_risk_prob":0.0,"ndvi":0.419,"lst_c":21.4,"reports":2,"landuse":"Парк/сквер"}},{"type":"Feature","geometry":{"type":"Point","coordinates":[76.78,43.27243]},"properties":{"hex_id":"H01204","district":"Наурызбай","ecorisk":4.0,"ecorisk_oof":3.89,"high_risk_prob":0.0,"ndvi":0.368,"lst_c":24.3,"reports":2,"landuse":"Парк/сквер"}},{"type":"Feature","geometry":{"type":"Point","coordinates":[76.7875,43.27243]},"properties":{"hex_id":"H01205","district":"Наурызбай","ecorisk":4.95,"ecorisk_oof":4.93,"high_risk_prob":0.001,"ndvi":0.277,"lst_c":22.9,"reports":4,"landuse":"Коммерческая"}},{"type":"Feature","geometry":{"type":"Point","coordinates":[76.795,43.27243]},"properties":{"hex_id":"H01206","district":"Наурызбай","ecorisk":5.74,"ecorisk_oof":5.67,"high_risk_prob":0.018,"ndvi":0.298,"lst_c":23.6,"reports":8,"landuse":"Пустырь"}},{"type":"Feature","geometry":{"type":"Point","coordinates":[76.80249,43.27243]},"properties":{"hex_id":"H01207","district":"Наурызбай","ecorisk":4.24,"ecorisk_oof":4.46,"high_risk_prob":0.001,"ndvi":0.329,"lst_c":25.8,"reports":1,"landuse":"Коммерческая"}},{"type":"Feature","geometry":{"type":"Point","coordinates":[76.80999,43.27243]},"properties":{"hex_id":"H01208","district":"Наурызбай","ecorisk":6.23,"ecorisk_oof":6.22,"high_risk_prob":0.462,"ndvi":0.322,"lst_c":26.4,"reports":17,"landuse":"Парк/сквер"}},{"type":"Feature","geometry":{"type":"Point","coordinates":[76.81749,43.27243]},"properties":{"hex_id":"H01209","district":"Наурызбай","ecorisk":5.47,"ecorisk_oof":5.08,"high_risk_prob":0.006,"ndvi":0.261,"lst_c":26.5,"reports":1,"landuse":"Парк/сквер"}},{"type":"Feature","geometry":{"type":"Point","coordinates":[76.82499,43.27243]},"properties":{"hex_id":"H01210","district":"Наурызбай","ecorisk":7.04,"ecorisk_oof":6.89,"high_risk_prob":0.981,"ndvi":0.257,"lst_c":28.3,"reports":35,"landuse":"Промышленная"}},{"type":"Feature","geometry":{"type":"Point","coordinates":[76.83249,43.27243]},"properties":{"hex_id":"H01211","district":"Наурызбай","ecorisk":6.27,"ecorisk_oof":6.26,"high_risk_prob":0.574,"ndvi":0.307,"lst_c":28.3,"reports":49,"landuse":"Жилая"}},{"type":"Feature","geometry":{"type":"Point","coordinates":[76.83999,43.27243]},"properties":{"hex_id":"H01212","district":"Наурызбай","ecorisk":7.0,"ecorisk_oof":7.09,"high_risk_prob":0.969,"ndvi":0.289,"lst_c":27.5,"reports":46,"landuse":"Пустырь"}},{"type":"Feature","geometry":{"type":"Point","coordinates":[76.84748,43.27243]},"properties":{"hex_id":"H01213","district":"Наурызбай","ecorisk":7.39,"ecorisk_oof":7.47,"high_risk_prob":0.999,"ndvi":0.336,"lst_c":29.9,"reports":66,"landuse":"Транспорт"}},{"type":"Feature","geometry":{"type":"Point","coordinates":[76.85498,43.27243]},"properties":{"hex_id":"H01214","district":"Наурызбай","ecorisk":7.24,"ecorisk_oof":7.39,"high_risk_prob":0.995,"ndvi":0.261,"lst_c":28.5,"reports":24,"landuse":"Транспорт"}},{"type":"Feature","geometry":{"type":"Point","coordinates":[76.86248,43.27243]},"properties":{"hex_id":"H01215","district":"Наурызбай","ecorisk":7.58,"ecorisk_oof":7.5,"high_risk_prob":0.98,"ndvi":0.205,"lst_c":31.2,"reports":32,"landuse":"Транспорт"}},{"type":"Feature","geometry":{"type":"Point","coordinates":[76.86998,43.27243]},"properties":{"hex_id":"H01216","district":"Наурызбай","ecorisk":8.67,"ecorisk_oof":8.49,"high_risk_prob":0.999,"ndvi":0.226,"lst_c":30.9,"reports":52,"landuse":"Жилая"}},{"type":"Feature","geometry":{"type":"Point","coordinates":[76.87748,43.27243]},"properties":{"hex_id":"H01217","district":"Жетысу","ecorisk":9.39,"ecorisk_oof":9.27,"high_risk_prob":1.0,"ndvi":0.192,"lst_c":35.1,"reports":104,"landuse":"Промышленная"}},{"type":"Feature","geometry":{"type":"Point","coordinates":[76.88497,43.27243]},"properties":{"hex_id":"H01218","district":"Жетысу","ecorisk":9.25,"ecorisk_oof":8.69,"high_risk_prob":0.999,"ndvi":0.155,"lst_c":34.9,"reports":27,"landuse":"Транспорт"}},{"type":"Feature","geometry":{"type":"Point","coordinates":[76.89247,43.27243]},"properties":{"hex_id":"H01219","district":"Жетысу","ecorisk":8.23,"ecorisk_oof":8.26,"high_risk_prob":0.999,"ndvi":0.184,"lst_c":33.9,"reports":14,"landuse":"Коммерческая"}},{"type":"Feature","geometry":{"type":"Point","coordinates":[76.89997,43.27243]},"properties":{"hex_id":"H01220","district":"Жетысу","ecorisk":9.23,"ecorisk_oof":9.44,"high_risk_prob":1.0,"ndvi":0.141,"lst_c":35.8,"reports":70,"landuse":"Коммерческая"}},{"type":"Feature","geometry":{"type":"Point","coordinates":[76.90747,43.27243]},"properties":{"hex_id":"H01221","district":"Жетысу","ecorisk":9.75,"ecorisk_oof":9.75,"high_risk_prob":1.0,"ndvi":0.099,"lst_c":35.3,"reports":76,"landuse":"Жилая"}},{"type":"Feature","geometry":{"type":"Point","coordinates":[76.91497,43.27243]},"properties":{"hex_id":"H01222","district":"Жетысу","ecorisk":9.83,"ecorisk_oof":9.71,"high_risk_prob":1.0,"ndvi":0.205,"lst_c":36.1,"reports":120,"landuse":"Транспорт"}},{"type":"Feature","geometry":{"type":"Point","coordinates":[76.92246,43.27243]},"properties":{"hex_id":"H01223","district":"Жетысу","ecorisk":9.56,"ecorisk_oof":9.53,"high_risk_prob":1.0,"ndvi":0.184,"lst_c":35.7,"reports":61,"landuse":"Коммерческая"}},{"type":"Feature","geometry":{"type":"Point","coordinates":[76.92996,43.27243]},"properties":{"hex_id":"H01224","district":"Жетысу","ecorisk":8.64,"ecorisk_oof":8.19,"high_risk_prob":0.998,"ndvi":0.183,"lst_c":33.1,"reports":9,"landuse":"Жилая"}},{"type":"Feature","geometry":{"type":"Point","coordinates":[76.93746,43.27243]},"properties":{"hex_id":"H01225","district":"Жетысу","ecorisk":8.64,"ecorisk_oof":8.47,"high_risk_prob":1.0,"ndvi":0.133,"lst_c":35.2,"reports":33,"landuse":"Коммерческая"}},{"type":"Feature","geometry":{"type":"Point","coordinates":[76.94496,43.27243]},"properties":{"hex_id":"H01226","district":"Жетысу","ecorisk":9.01,"ecorisk_oof":9.21,"high_risk_prob":1.0,"ndvi":0.132,"lst_c":33.4,"reports":75,"landuse":"Коммерческая"}},{"type":"Feature","geometry":{"type":"Point","coordinates":[76.95246,43.27243]},"properties":{"hex_id":"H01227","district":"Жетысу","ecorisk":7.78,"ecorisk_oof":8.36,"high_risk_prob":0.999,"ndvi":0.182,"lst_c":33.6,"reports":13,"landuse":"Жилая"}},{"type":"Feature","geometry":{"type":"Point","coordinates":[76.95996,43.27243]},"properties":{"hex_id":"H01228","district":"Ауэзов","ecorisk":8.64,"ecorisk_oof":8.76,"high_risk_prob":0.999,"ndvi":0.268,"lst_c":31.1,"reports":52,"landuse":"Пустырь"}},{"type":"Feature","geometry":{"type":"Point","coordinates":[76.96745,43.27243]},"properties":{"hex_id":"H01229","district":"Ауэзов","ecorisk":7.88,"ecorisk_oof":7.64,"high_risk_prob":0.982,"ndvi":0.193,"lst_c":29.5,"reports":94,"landuse":"Коммерческая"}},{"type":"Feature","geometry":{"type":"Point","coordinates":[76.97495,43.27243]},"properties":{"hex_id":"H01230","district":"Ауэзов","ecorisk":7.44,"ecorisk_oof":7.15,"high_risk_prob":0.981,"ndvi":0.207,"lst_c":30.6,"reports":11,"landuse":"Пустырь"}},{"type":"Feature","geometry":{"type":"Point","coordinates":[76.98245,43.27243]},"properties":{"hex_id":"H01231","district":"Ауэзов","ecorisk":7.84,"ecorisk_oof":7.73,"high_risk_prob":0.994,"ndvi":0.218,"lst_c":29.0,"reports":38,"landuse":"Промышленная"}},{"type":"Feature","geometry":{"type":"Point","coordinates":[76.98995,43.27243]},"properties":{"hex_id":"H01232","district":"Ауэзов","ecorisk":6.84,"ecorisk_oof":7.21,"high_risk_prob":0.961,"ndvi":0.258,"lst_c":27.9,"reports":16,"landuse":"Транспорт"}},{"type":"Feature","geometry":{"type":"Point","coordinates":[76.99745,43.27243]},"properties":{"hex_id":"H01233","district":"Ауэзов","ecorisk":5.91,"ecorisk_oof":6.27,"high_risk_prob":0.135,"ndvi":0.291,"lst_c":30.2,"reports":63,"landuse":"Пустырь"}},{"type":"Feature","geometry":{"type":"Point","coordinates":[77.00494,43.27243]},"properties":{"hex_id":"H01234","district":"Ауэзов","ecorisk":6.69,"ecorisk_oof":6.23,"high_risk_prob":0.796,"ndvi":0.312,"lst_c":25.7,"reports":80,"landuse":"Промышленная"}},{"type":"Feature","geometry":{"type":"Point","coordinates":[77.01244,43.27243]},"properties":{"hex_id":"H01235","district":"Ауэзов","ecorisk":5.36,"ecorisk_oof":5.25,"high_risk_prob":0.005,"ndvi":0.363,"lst_c":24.7,"reports":11,"landuse":"Транспорт"}},{"type":"Feature","geometry":{"type":"Point","coordinates":[77.01994,43.27243]},"properties":{"hex_id":"H01236","district":"Ауэзов","ecorisk":4.49,"ecorisk_oof":4.48,"high_risk_prob":0.002,"ndvi":0.44,"lst_c":24.0,"reports":42,"landuse":"Пустырь"}},{"type":"Feature","geometry":{"type":"Point","coordinates":[77.02744,43.27243]},"properties":{"hex_id":"H01237","district":"Ауэзов","ecorisk":3.06,"ecorisk_oof":3.37,"high_risk_prob":0.0,"ndvi":0.477,"lst_c":23.7,"reports":3,"landuse":"Жилая"}},{"type":"Feature","geometry":{"type":"Point","coordinates":[77.03494,43.27243]},"properties":{"hex_id":"H01238","district":"Ауэзов","ecorisk":4.24,"ecorisk_oof":3.79,"high_risk_prob":0.0,"ndvi":0.375,"lst_c":24.1,"reports":3,"landuse":"Жилая"}},{"type":"Feature","geometry":{"type":"Point","coordinates":[77.04243,43.27243]},"properties":{"hex_id":"H01239","district":"Ауэзов","ecorisk":3.07,"ecorisk_oof":3.13,"high_risk_prob":0.0,"ndvi":0.474,"lst_c":22.0,"reports":0,"landuse":"Парк/сквер"}},{"type":"Feature","geometry":{"type":"Point","coordinates":[77.04993,43.27243]},"properties":{"hex_id":"H01240","district":"Ауэзов","ecorisk":4.02,"ecorisk_oof":4.11,"high_risk_prob":0.0,"ndvi":0.349,"lst_c":23.7,"reports":13,"landuse":"Транспорт"}},{"type":"Feature","geometry":{"type":"Point","coordinates":[77.05743,43.27243]},"properties":{"hex_id":"H01241","district":"Ауэзов","ecorisk":3.29,"ecorisk_oof":2.86,"high_risk_prob":0.0,"ndvi":0.502,"lst_c":21.9,"reports":2,"landuse":"Парк/сквер"}},{"type":"Feature","geometry":{"type":"Point","coordinates":[77.06493,43.27243]},"properties":{"hex_id":"H01242","district":"Ауэзов","ecorisk":2.82,"ecorisk_oof":2.7,"high_risk_prob":0.0,"ndvi":0.443,"lst_c":23.3,"reports":2,"landuse":"Парк/сквер"}},{"type":"Feature","geometry":{"type":"Point","coordinates":[77.07243,43.27243]},"properties":{"hex_id":"H01243","district":"Ауэзов","ecorisk":4.5,"ecorisk_oof":4.21,"high_risk_prob":0.0,"ndvi":0.449,"lst_c":20.7,"reports":14,"landuse":"Промышленная"}},{"type":"Feature","geometry":{"type":"Point","coordinates":[77.07993,43.27243]},"properties":{"hex_id":"H01244","district":"Ауэзов","ecorisk":4.48,"ecorisk_oof":4.12,"high_risk_prob":0.001,"ndvi":0.546,"lst_c":23.1,"reports":30,"landuse":"Транспорт"}},{"type":"Feature","geometry":{"type":"Point","coordinates":[77.08742,43.27243]},"properties":{"hex_id":"H01245","district":"Ауэзов","ecorisk":3.99,"ecorisk_oof":3.59,"high_risk_prob":0.0,"ndvi":0.389,"lst_c":22.2,"reports":12,"landuse":"Пустырь"}},{"type":"Feature","geometry":{"type":"Point","coordinates":[77.09492,43.27243]},"properties":{"hex_id":"H01246","district":"Ауэзов","ecorisk":4.18,"ecorisk_oof":4.15,"high_risk_prob":0.0,"ndvi":0.451,"lst_c":20.6,"reports":11,"landuse":"Жилая"}},{"type":"Feature","geometry":{"type":"Point","coordinates":[76.78375,43.27716]},"properties":{"hex_id":"H01247","district":"Наурызбай","ecorisk":4.82,"ecorisk_oof":4.74,"high_risk_prob":0.002,"ndvi":0.383,"lst_c":23.3,"reports":21,"landuse":"Пустырь"}},{"type":"Feature","geometry":{"type":"Point","coordinates":[76.79125,43.27716]},"properties":{"hex_id":"H01248","district":"Наурызбай","ecorisk":4.03,"ecorisk_oof":4.54,"high_risk_prob":0.001,"ndvi":0.315,"lst_c":24.7,"reports":3,"landuse":"Жилая"}},{"type":"Feature","geometry":{"type":"Point","coordinates":[76.79875,43.27716]},"properties":{"hex_id":"H01249","district":"Наурызбай","ecorisk":4.41,"ecorisk_oof":4.11,"high_risk_prob":0.005,"ndvi":0.385,"lst_c":26.7,"reports":20,"landuse":"Пустырь"}},{"type":"Feature","geometry":{"type":"Point","coordinates":[76.80624,43.27716]},"properties":{"hex_id":"H01250","district":"Наурызбай","ecorisk":4.63,"ecorisk_oof":4.54,"high_risk_prob":0.001,"ndvi":0.371,"lst_c":25.2,"reports":11,"landuse":"Пустырь"}},{"type":"Feature","geometry":{"type":"Point","coordinates":[76.81374,43.27716]},"properties":{"hex_id":"H01251","district":"Наурызбай","ecorisk":5.28,"ecorisk_oof":5.38,"high_risk_prob":0.16,"ndvi":0.31,"lst_c":25.5,"reports":2,"landuse":"Жилая"}},{"type":"Feature","geometry":{"type":"Point","coordinates":[76.82124,43.27716]},"properties":{"hex_id":"H01252","district":"Наурызбай","ecorisk":6.3,"ecorisk_oof":6.34,"high_risk_prob":0.618,"ndvi":0.286,"lst_c":26.9,"reports":32,"landuse":"Пустырь"}},{"type":"Feature","geometry":{"type":"Point","coordinates":[76.82874,43.27716]},"properties":{"hex_id":"H01253","district":"Наурызбай","ecorisk":5.43,"ecorisk_oof":5.3,"high_risk_prob":0.003,"ndvi":0.321,"lst_c":28.6,"reports":1,"landuse":"Транспорт"}},{"type":"Feature","geometry":{"type":"Point","coordinates":[76.83624,43.27716]},"properties":{"hex_id":"H01254","district":"Наурызбай","ecorisk":6.3,"ecorisk_oof":6.18,"high_risk_prob":0.251,"ndvi":0.36,"lst_c":25.7,"reports":26,"landuse":"Парк/сквер"}},{"type":"Feature","geometry":{"type":"Point","coordinates":[76.84373,43.27716]},"properties":{"hex_id":"H01255","district":"Наурызбай","ecorisk":8.17,"ecorisk_oof":7.85,"high_risk_prob":0.997,"ndvi":0.25,"lst_c":29.7,"reports":48,"landuse":"Пустырь"}},{"type":"Feature","geometry":{"type":"Point","coordinates":[76.85123,43.27716]},"properties":{"hex_id":"H01256","district":"Наурызбай","ecorisk":6.31,"ecorisk_oof":6.26,"high_risk_prob":0.471,"ndvi":0.268,"lst_c":29.1,"reports":10,"landuse":"Транспорт"}},{"type":"Feature","geometry":{"type":"Point","coordinates":[76.85873,43.27716]},"properties":{"hex_id":"H01257","district":"Наурызбай","ecorisk":7.37,"ecorisk_oof":7.91,"high_risk_prob":0.999,"ndvi":0.206,"lst_c":31.9,"reports":12,"landuse":"Парк/сквер"}},{"type":"Feature","geometry":{"type":"Point","coordinates":[76.86623,43.27716]},"properties":{"hex_id":"H01258","district":"Наурызбай","ecorisk":6.83,"ecorisk_oof":6.66,"high_risk_prob":0.731,"ndvi":0.226,"lst_c":30.5,"reports":9,"landuse":"Жилая"}},{"type":"Feature","geometry":{"type":"Point","coordinates":[76.87373,43.27716]},"properties":{"hex_id":"H01259","district":"Наурызбай","ecorisk":9.12,"ecorisk_oof":8.92,"high_risk_prob":1.0,"ndvi":0.148,"lst_c":31.1,"reports":46,"landuse":"Транспорт"}},{"type":"Feature","geometry":{"type":"Point","coordinates":[76.88122,43.27716]},"properties":{"hex_id":"H01260","district":"Жетысу","ecorisk":8.08,"ecorisk_oof":7.81,"high_risk_prob":0.827,"ndvi":0.144,"lst_c":34.7,"reports":7,"landuse":"Жилая"}},{"type":"Feature","geometry":{"type":"Point","coordinates":[76.88872,43.27716]},"properties":{"hex_id":"H01261","district":"Жетысу","ecorisk":9.15,"ecorisk_oof":9.18,"high_risk_prob":0.999,"ndvi":0.222,"lst_c":33.6,"reports":45,"landuse":"Коммерческая"}},{"type":"Feature","geometry":{"type":"Point","coordinates":[76.89622,43.27716]},"properties":{"hex_id":"H01262","district":"Жетысу","ecorisk":8.13,"ecorisk_oof":7.73,"high_risk_prob":0.998,"ndvi":0.143,"lst_c":31.5,"reports":14,"landuse":"Жилая"}},{"type":"Feature","geometry":{"type":"Point","coordinates":[76.90372,43.27716]},"properties":{"hex_id":"H01263","district":"Жетысу","ecorisk":8.2,"ecorisk_oof":8.31,"high_risk_prob":0.999,"ndvi":0.174,"lst_c":36.3,"reports":16,"landuse":"Транспорт"}},{"type":"Feature","geometry":{"type":"Point","coordinates":[76.91122,43.27716]},"properties":{"hex_id":"H01264","district":"Жетысу","ecorisk":8.24,"ecorisk_oof":7.66,"high_risk_prob":0.998,"ndvi":0.142,"lst_c":34.5,"reports":15,"landuse":"Жилая"}},{"type":"Feature","geometry":{"type":"Point","coordinates":[76.91872,43.27716]},"properties":{"hex_id":"H01265","district":"Жетысу","ecorisk":8.67,"ecorisk_oof":8.11,"high_risk_prob":1.0,"ndvi":0.186,"lst_c":34.4,"reports":11,"landuse":"Пустырь"}},{"type":"Feature","geometry":{"type":"Point","coordinates":[76.92621,43.27716]},"properties":{"hex_id":"H01266","district":"Жетысу","ecorisk":8.56,"ecorisk_oof":8.38,"high_risk_prob":0.999,"ndvi":0.085,"lst_c":38.4,"reports":47,"landuse":"Коммерческая"}},{"type":"Feature","geometry":{"type":"Point","coordinates":[76.93371,43.27716]},"properties":{"hex_id":"H01267","district":"Жетысу","ecorisk":9.1,"ecorisk_oof":8.78,"high_risk_prob":0.999,"ndvi":0.123,"lst_c":33.7,"reports":50,"landuse":"Парк/сквер"}},{"type":"Feature","geometry":{"type":"Point","coordinates":[76.94121,43.27716]},"properties":{"hex_id":"H01268","district":"Жетысу","ecorisk":8.27,"ecorisk_oof":8.26,"high_risk_prob":0.999,"ndvi":0.183,"lst_c":34.8,"reports":16,"landuse":"Жилая"}},{"type":"Feature","geometry":{"type":"Point","coordinates":[76.94871,43.27716]},"properties":{"hex_id":"H01269","district":"Жетысу","ecorisk":9.31,"ecorisk_oof":9.34,"high_risk_prob":1.0,"ndvi":0.124,"lst_c":32.9,"reports":40,"landuse":"Жилая"}},{"type":"Feature","geometry":{"type":"Point","coordinates":[76.95621,43.27716]},"properties":{"hex_id":"H01270","district":"Ауэзов","ecorisk":7.91,"ecorisk_oof":8.21,"high_risk_prob":0.998,"ndvi":0.229,"lst_c":32.5,"reports":45,"landuse":"Пустырь"}},{"type":"Feature","geometry":{"type":"Point","coordinates":[76.9637,43.27716]},"properties":{"hex_id":"H01271","district":"Ауэзов","ecorisk":7.83,"ecorisk_oof":7.99,"high_risk_prob":0.999,"ndvi":0.184,"lst_c":31.5,"reports":14,"landuse":"Пустырь"}},{"type":"Feature","geometry":{"type":"Point","coordinates":[76.9712,43.27716]},"properties":{"hex_id":"H01272","district":"Ауэзов","ecorisk":7.07,"ecorisk_oof":6.86,"high_risk_prob":0.9,"ndvi":0.235,"lst_c":31.3,"reports":12,"landuse":"Жилая"}},{"type":"Feature","geometry":{"type":"Point","coordinates":[76.9787,43.27716]},"properties":{"hex_id":"H01273","district":"Ауэзов","ecorisk":6.41,"ecorisk_oof":6.26,"high_risk_prob":0.548,"ndvi":0.272,"lst_c":31.0,"reports":15,"landuse":"Парк/сквер"}},{"type":"Feature","geometry":{"type":"Point","coordinates":[76.9862,43.27716]},"properties":{"hex_id":"H01274","district":"Ауэзов","ecorisk":6.49,"ecorisk_oof":6.56,"high_risk_prob":0.959,"ndvi":0.301,"lst_c":29.1,"reports":21,"landuse":"Жилая"}},{"type":"Feature","geometry":{"type":"Point","coordinates":[76.9937,43.27716]},"properties":{"hex_id":"H01275","district":"Ауэзов","ecorisk":5.83,"ecorisk_oof":6.19,"high_risk_prob":0.257,"ndvi":0.313,"lst_c":28.3,"reports":7,"landuse":"Транспорт"}},{"type":"Feature","geometry":{"type":"Point","coordinates":[77.00119,43.27716]},"properties":{"hex_id":"H01276","district":"Ауэзов","ecorisk":5.98,"ecorisk_oof":6.03,"high_risk_prob":0.026,"ndvi":0.224,"lst_c":27.0,"reports":9,"landuse":"Жилая"}},{"type":"Feature","geometry":{"type":"Point","coordinates":[77.00869,43.27716]},"properties":{"hex_id":"H01277","district":"Ауэзов","ecorisk":5.9,"ecorisk_oof":5.74,"high_risk_prob":0.228,"ndvi":0.359,"lst_c":25.5,"reports":68,"landuse":"Пустырь"}},{"type":"Feature","geometry":{"type":"Point","coordinates":[77.01619,43.27716]},"properties":{"hex_id":"H01278","district":"Ауэзов","ecorisk":4.5,"ecorisk_oof":4.14,"high_risk_prob":0.001,"ndvi":0.407,"lst_c":25.2,"reports":3,"landuse":"Коммерческая"}},{"type":"Feature","geometry":{"type":"Point","coordinates":[77.02369,43.27716]},"properties":{"hex_id":"H01279","district":"Ауэзов","ecorisk":5.17,"ecorisk_oof":4.85,"high_risk_prob":0.001,"ndvi":0.352,"lst_c":24.8,"reports":0,"landuse":"Парк/сквер"}},{"type":"Feature","geometry":{"type":"Point","coordinates":[77.03119,43.27716]},"properties":{"hex_id":"H01280","district":"Ауэзов","ecorisk":4.04,"ecorisk_oof":4.08,"high_risk_prob":0.0,"ndvi":0.422,"lst_c":24.2,"reports":5,"landuse":"Парк/сквер"}},{"type":"Feature","geometry":{"type":"Point","coordinates":[77.03869,43.27716]},"properties":{"hex_id":"H01281","district":"Ауэзов","ecorisk":4.03,"ecorisk_oof":3.97,"high_risk_prob":0.0,"ndvi":0.457,"lst_c":22.3,"reports":6,"landuse":"Пустырь"}},{"type":"Feature","geometry":{"type":"Point","coordinates":[77.04618,43.27716]},"properties":{"hex_id":"H01282","district":"Ауэзов","ecorisk":4.51,"ecorisk_oof":4.3,"high_risk_prob":0.002,"ndvi":0.436,"lst_c":24.5,"reports":22,"landuse":"Парк/сквер"}},{"type":"Feature","geometry":{"type":"Point","coordinates":[77.05368,43.27716]},"properties":{"hex_id":"H01283","district":"Ауэзов","ecorisk":3.74,"ecorisk_oof":3.56,"high_risk_prob":0.0,"ndvi":0.447,"lst_c":23.3,"reports":2,"landuse":"Жилая"}},{"type":"Feature","geometry":{"type":"Point","coordinates":[77.06118,43.27716]},"properties":{"hex_id":"H01284","district":"Ауэзов","ecorisk":2.97,"ecorisk_oof":3.19,"high_risk_prob":0.0,"ndvi":0.444,"lst_c":22.2,"reports":1,"landuse":"Коммерческая"}},{"type":"Feature","geometry":{"type":"Point","coordinates":[77.06868,43.27716]},"properties":{"hex_id":"H01285","district":"Ауэзов","ecorisk":5.32,"ecorisk_oof":4.85,"high_risk_prob":0.004,"ndvi":0.409,"lst_c":24.4,"reports":21,"landuse":"Парк/сквер"}},{"type":"Feature","geometry":{"type":"Point","coordinates":[77.07618,43.27716]},"properties":{"hex_id":"H01286","district":"Ауэзов","ecorisk":3.44,"ecorisk_oof":3.21,"high_risk_prob":0.0,"ndvi":0.428,"lst_c":23.5,"reports":3,"landuse":"Парк/сквер"}},{"type":"Feature","geometry":{"type":"Point","coordinates":[77.08367,43.27716]},"properties":{"hex_id":"H01287","district":"Ауэзов","ecorisk":4.44,"ecorisk_oof":3.87,"high_risk_prob":0.001,"ndvi":0.479,"lst_c":26.2,"reports":12,"landuse":"Парк/сквер"}},{"type":"Feature","geometry":{"type":"Point","coordinates":[77.09117,43.27716]},"properties":{"hex_id":"H01288","district":"Ауэзов","ecorisk":4.33,"ecorisk_oof":4.12,"high_risk_prob":0.0,"ndvi":0.482,"lst_c":20.6,"reports":25,"landuse":"Жилая"}},{"type":"Feature","geometry":{"type":"Point","coordinates":[77.09867,43.27716]},"properties":{"hex_id":"H01289","district":"Ауэзов","ecorisk":5.04,"ecorisk_oof":4.78,"high_risk_prob":0.022,"ndvi":0.489,"lst_c":22.5,"reports":17,"landuse":"Промышленная"}},{"type":"Feature","geometry":{"type":"Point","coordinates":[76.78,43.28189]},"properties":{"hex_id":"H01290","district":"Наурызбай","ecorisk":4.19,"ecorisk_oof":4.05,"high_risk_prob":0.002,"ndvi":0.424,"lst_c":24.0,"reports":19,"landuse":"Пустырь"}},{"type":"Feature","geometry":{"type":"Point","coordinates":[76.7875,43.28189]},"properties":{"hex_id":"H01291","district":"Наурызбай","ecorisk":4.79,"ecorisk_oof":4.53,"high_risk_prob":0.001,"ndvi":0.364,"lst_c":24.0,"reports":17,"landuse":"Пустырь"}},{"type":"Feature","geometry":{"type":"Point","coordinates":[76.795,43.28189]},"properties":{"hex_id":"H01292","district":"Наурызбай","ecorisk":5.5,"ecorisk_oof":5.4,"high_risk_prob":0.004,"ndvi":0.326,"lst_c":26.1,"reports":19,"landuse":"Пустырь"}},{"type":"Feature","geometry":{"type":"Point","coordinates":[76.80249,43.28189]},"properties":{"hex_id":"H01293","district":"Наурызбай","ecorisk":4.15,"ecorisk_oof":4.01,"high_risk_prob":0.001,"ndvi":0.391,"lst_c":24.3,"reports":1,"landuse":"Пустырь"}},{"type":"Feature","geometry":{"type":"Point","coordinates":[76.80999,43.28189]},"properties":{"hex_id":"H01294","district":"Наурызбай","ecorisk":4.81,"ecorisk_oof":4.52,"high_risk_prob":0.002,"ndvi":0.423,"lst_c":25.4,"reports":7,"landuse":"Пустырь"}},{"type":"Feature","geometry":{"type":"Point","coordinates":[76.81749,43.28189]},"properties":{"hex_id":"H01295","district":"Наурызбай","ecorisk":5.73,"ecorisk_oof":5.49,"high_risk_prob":0.016,"ndvi":0.317,"lst_c":27.6,"reports":31,"landuse":"Парк/сквер"}},{"type":"Feature","geometry":{"type":"Point","coordinates":[76.82499,43.28189]},"properties":{"hex_id":"H01296","district":"Наурызбай","ecorisk":6.01,"ecorisk_oof":6.01,"high_risk_prob":0.328,"ndvi":0.324,"lst_c":26.2,"reports":17,"landuse":"Пустырь"}},{"type":"Feature","geometry":{"type":"Point","coordinates":[76.83249,43.28189]},"properties":{"hex_id":"H01297","district":"Наурызбай","ecorisk":6.13,"ecorisk_oof":6.3,"high_risk_prob":0.381,"ndvi":0.268,"lst_c":26.9,"reports":30,"landuse":"Парк/сквер"}},{"type":"Feature","geometry":{"type":"Point","coordinates":[76.83999,43.28189]},"properties":{"hex_id":"H01298","district":"Наурызбай","ecorisk":7.56,"ecorisk_oof":7.32,"high_risk_prob":0.99,"ndvi":0.287,"lst_c":28.3,"reports":45,"landuse":"Пустырь"}},{"type":"Feature","geometry":{"type":"Point","coordinates":[76.84748,43.28189]},"properties":{"hex_id":"H01299","district":"Наурызбай","ecorisk":6.13,"ecorisk_oof":6.01,"high_risk_prob":0.074,"ndvi":0.311,"lst_c":27.8,"reports":22,"landuse":"Транспорт"}},{"type":"Feature","geometry":{"type":"Point","coordinates":[76.85498,43.28189]},"properties":{"hex_id":"H01300","district":"Наурызбай","ecorisk":5.79,"ecorisk_oof":6.04,"high_risk_prob":0.183,"ndvi":0.252,"lst_c":28.5,"reports":8,"landuse":"Жилая"}},{"type":"Feature","geometry":{"type":"Point","coordinates":[76.86248,43.28189]},"properties":{"hex_id":"H01301","district":"Наурызбай","ecorisk":6.72,"ecorisk_oof":7.26,"high_risk_prob":0.986,"ndvi":0.222,"lst_c":31.5,"reports":1,"landuse":"Жилая"}},{"type":"Feature","geometry":{"type":"Point","coordinates":[76.86998,43.28189]},"properties":{"hex_id":"H01302","district":"Наурызбай","ecorisk":6.98,"ecorisk_oof":7.08,"high_risk_prob":0.99,"ndvi":0.292,"lst_c":31.4,"reports":50,"landuse":"Пустырь"}},{"type":"Feature","geometry":{"type":"Point","coordinates":[76.87748,43.28189]},"properties":{"hex_id":"H01303","district":"Жетысу","ecorisk":7.76,"ecorisk_oof":7.4,"high_risk_prob":0.979,"ndvi":0.174,"lst_c":30.3,"reports":16,"landuse":"Жилая"}},{"type":"Feature","geometry":{"type":"Point","coordinates":[76.88497,43.28189]},"properties":{"hex_id":"H01304","district":"Жетысу","ecorisk":8.04,"ecorisk_oof":7.68,"high_risk_prob":0.999,"ndvi":0.241,"lst_c":32.2,"reports":13,"landuse":"Коммерческая"}},{"type":"Feature","geometry":{"type":"Point","coordinates":[76.89247,43.28189]},"properties":{"hex_id":"H01305","district":"Жетысу","ecorisk":8.33,"ecorisk_oof":7.86,"high_risk_prob":0.999,"ndvi":0.156,"lst_c":31.1,"reports":19,"landuse":"Транспорт"}},{"type":"Feature","geometry":{"type":"Point","coordinates":[76.89997,43.28189]},"properties":{"hex_id":"H01306","district":"Жетысу","ecorisk":8.25,"ecorisk_oof":8.01,"high_risk_prob":0.998,"ndvi":0.205,"lst_c":32.2,"reports":8,"landuse":"Жилая"}},{"type":"Feature","geometry":{"type":"Point","coordinates":[76.90747,43.28189]},"properties":{"hex_id":"H01307","district":"Жетысу","ecorisk":8.72,"ecorisk_oof":8.47,"high_risk_prob":1.0,"ndvi":0.215,"lst_c":34.4,"reports":54,"landuse":"Коммерческая"}},{"type":"Feature","geometry":{"type":"Point","coordinates":[76.91497,43.28189]},"properties":{"hex_id":"H01308","district":"Жетысу","ecorisk":8.72,"ecorisk_oof":8.55,"high_risk_prob":0.999,"ndvi":0.128,"lst_c":32.3,"reports":16,"landuse":"Коммерческая"}},{"type":"Feature","geometry":{"type":"Point","coordinates":[76.92246,43.28189]},"properties":{"hex_id":"H01309","district":"Жетысу","ecorisk":9.07,"ecorisk_oof":9.05,"high_risk_prob":1.0,"ndvi":0.096,"lst_c":34.6,"reports":38,"landuse":"Коммерческая"}},{"type":"Feature","geometry":{"type":"Point","coordinates":[76.92996,43.28189]},"properties":{"hex_id":"H01310","district":"Жетысу","ecorisk":8.03,"ecorisk_oof":8.16,"high_risk_prob":0.999,"ndvi":0.124,"lst_c":35.1,"reports":42,"landuse":"Транспорт"}},{"type":"Feature","geometry":{"type":"Point","coordinates":[76.93746,43.28189]},"properties":{"hex_id":"H01311","district":"Жетысу","ecorisk":7.92,"ecorisk_oof":7.66,"high_risk_prob":0.998,"ndvi":0.197,"lst_c":32.3,"reports":16,"landuse":"Транспорт"}},{"type":"Feature","geometry":{"type":"Point","coordinates":[76.94496,43.28189]},"properties":{"hex_id":"H01312","district":"Жетысу","ecorisk":9.38,"ecorisk_oof":9.28,"high_risk_prob":1.0,"ndvi":0.086,"lst_c":33.2,"reports":48,"landuse":"Парк/сквер"}},{"type":"Feature","geometry":{"type":"Point","coordinates":[76.95246,43.28189]},"properties":{"hex_id":"H01313","district":"Жетысу","ecorisk":6.17,"ecorisk_oof":6.16,"high_risk_prob":0.687,"ndvi":0.258,"lst_c":30.2,"reports":11,"landuse":"Жилая"}},{"type":"Feature","geometry":{"type":"Point","coordinates":[76.95996,43.28189]},"properties":{"hex_id":"H01314","district":"Ауэзов","ecorisk":7.94,"ecorisk_oof":7.72,"high_risk_prob":0.997,"ndvi":0.178,"lst_c":33.0,"reports":70,"landuse":"Пустырь"}},{"type":"Feature","geometry":{"type":"Point","coordinates":[76.96745,43.28189]},"properties":{"hex_id":"H01315","district":"Ауэзов","ecorisk":6.78,"ecorisk_oof":7.1,"high_risk_prob":0.964,"ndvi":0.234,"lst_c":29.5,"reports":38,"landuse":"Пустырь"}},{"type":"Feature","geometry":{"type":"Point","coordinates":[76.97495,43.28189]},"properties":{"hex_id":"H01316","district":"Ауэзов","ecorisk":6.64,"ecorisk_oof":6.91,"high_risk_prob":0.624,"ndvi":0.255,"lst_c":30.1,"reports":16,"landuse":"Жилая"}},{"type":"Feature","geometry":{"type":"Point","coordinates":[76.98245,43.28189]},"properties":{"hex_id":"H01317","district":"Ауэзов","ecorisk":5.49,"ecorisk_oof":5.72,"high_risk_prob":0.112,"ndvi":0.255,"lst_c":29.1,"reports":4,"landuse":"Парк/сквер"}},{"type":"Feature","geometry":{"type":"Point","coordinates":[76.98995,43.28189]},"properties":{"hex_id":"H01318","district":"Ауэзов","ecorisk":6.71,"ecorisk_oof":6.48,"high_risk_prob":0.988,"ndvi":0.338,"lst_c":26.9,"reports":62,"landuse":"Пустырь"}},{"type":"Feature","geometry":{"type":"Point","coordinates":[76.99745,43.28189]},"properties":{"hex_id":"H01319","district":"Ауэзов","ecorisk":4.59,"ecorisk_oof":4.53,"high_risk_prob":0.001,"ndvi":0.309,"lst_c":26.3,"reports":4,"landuse":"Транспорт"}},{"type":"Feature","geometry":{"type":"Point","coordinates":[77.00494,43.28189]},"properties":{"hex_id":"H01320","district":"Ауэзов","ecorisk":5.27,"ecorisk_oof":5.38,"high_risk_prob":0.001,"ndvi":0.325,"lst_c":27.3,"reports":16,"landuse":"Пустырь"}},{"type":"Feature","geometry":{"type":"Point","coordinates":[77.01244,43.28189]},"properties":{"hex_id":"H01321","district":"Ауэзов","ecorisk":4.64,"ecorisk_oof":4.64,"high_risk_prob":0.001,"ndvi":0.405,"lst_c":25.9,"reports":5,"landuse":"Жилая"}},{"type":"Feature","geometry":{"type":"Point","coordinates":[77.01994,43.28189]},"properties":{"hex_id":"H01322","district":"Ауэзов","ecorisk":4.74,"ecorisk_oof":4.67,"high_risk_prob":0.001,"ndvi":0.375,"lst_c":27.3,"reports":1,"landuse":"Пустырь"}},{"type":"Feature","geometry":{"type":"Point","coordinates":[77.02744,43.28189]},"properties":{"hex_id":"H01323","district":"Ауэзов","ecorisk":5.53,"ecorisk_oof":5.19,"high_risk_prob":0.016,"ndvi":0.435,"lst_c":21.7,"reports":32,"landuse":"Пустырь"}},{"type":"Feature","geometry":{"type":"Point","coordinates":[77.03494,43.28189]},"properties":{"hex_id":"H01324","district":"Ауэзов","ecorisk":4.34,"ecorisk_oof":4.25,"high_risk_prob":0.001,"ndvi":0.466,"lst_c":23.9,"reports":9,"landuse":"Пустырь"}},{"type":"Feature","geometry":{"type":"Point","coordinates":[77.04243,43.28189]},"properties":{"hex_id":"H01325","district":"Ауэзов","ecorisk":3.66,"ecorisk_oof":3.49,"high_risk_prob":0.0,"ndvi":0.372,"lst_c":22.3,"reports":1,"landuse":"Парк/сквер"}},{"type":"Feature","geometry":{"type":"Point","coordinates":[77.04993,43.28189]},"properties":{"hex_id":"H01326","district":"Ауэзов","ecorisk":4.32,"ecorisk_oof":4.29,"high_risk_prob":0.001,"ndvi":0.362,"lst_c":24.1,"reports":2,"landuse":"Пустырь"}},{"type":"Feature","geometry":{"type":"Point","coordinates":[77.05743,43.28189]},"properties":{"hex_id":"H01327","district":"Ауэзов","ecorisk":5.52,"ecorisk_oof":5.25,"high_risk_prob":0.008,"ndvi":0.404,"lst_c":24.1,"reports":14,"landuse":"Пустырь"}},{"type":"Feature","geometry":{"type":"Point","coordinates":[77.06493,43.28189]},"properties":{"hex_id":"H01328","district":"Ауэзов","ecorisk":3.55,"ecorisk_oof":3.59,"high_risk_prob":0.0,"ndvi":0.435,"lst_c":23.9,"reports":6,"landuse":"Пустырь"}},{"type":"Feature","geometry":{"type":"Point","coordinates":[77.07243,43.28189]},"properties":{"hex_id":"H01329","district":"Ауэзов","ecorisk":4.5,"ecorisk_oof":3.76,"high_risk_prob":0.0,"ndvi":0.369,"lst_c":23.0,"reports":9,"landuse":"Промышленная"}},{"type":"Feature","geometry":{"type":"Point","coordinates":[77.07993,43.28189]},"properties":{"hex_id":"H01330","district":"Ауэзов","ecorisk":3.16,"ecorisk_oof":3.21,"high_risk_prob":0.0,"ndvi":0.519,"lst_c":19.8,"reports":3,"landuse":"Пустырь"}},{"type":"Feature","geometry":{"type":"Point","coordinates":[77.08742,43.28189]},"properties":{"hex_id":"H01331","district":"Ауэзов","ecorisk":4.0,"ecorisk_oof":4.54,"high_risk_prob":0.004,"ndvi":0.43,"lst_c":22.3,"reports":3,"landuse":"Жилая"}},{"type":"Feature","geometry":{"type":"Point","coordinates":[77.09492,43.28189]},"properties":{"hex_id":"H01332","district":"Ауэзов","ecorisk":3.65,"ecorisk_oof":3.84,"high_risk_prob":0.0,"ndvi":0.432,"lst_c":22.9,"reports":9,"landuse":"Промышленная"}},{"type":"Feature","geometry":{"type":"Point","coordinates":[76.78375,43.28662]},"properties":{"hex_id":"H01333","district":"Наурызбай","ecorisk":4.53,"ecorisk_oof":4.59,"high_risk_prob":0.001,"ndvi":0.298,"lst_c":24.8,"reports":3,"landuse":"Жилая"}},{"type":"Feature","geometry":{"type":"Point","coordinates":[76.79125,43.28662]},"properties":{"hex_id":"H01334","district":"Наурызбай","ecorisk":4.15,"ecorisk_oof":4.3,"high_risk_prob":0.002,"ndvi":0.352,"lst_c":25.9,"reports":3,"landuse":"Парк/сквер"}},{"type":"Feature","geometry":{"type":"Point","coordinates":[76.79875,43.28662]},"properties":{"hex_id":"H01335","district":"Наурызбай","ecorisk":5.52,"ecorisk_oof":5.33,"high_risk_prob":0.019,"ndvi":0.318,"lst_c":25.9,"reports":14,"landuse":"Пустырь"}},{"type":"Feature","geometry":{"type":"Point","coordinates":[76.80624,43.28662]},"properties":{"hex_id":"H01336","district":"Наурызбай","ecorisk":5.34,"ecorisk_oof":5.23,"high_risk_prob":0.035,"ndvi":0.344,"lst_c":26.0,"reports":26,"landuse":"Пустырь"}},{"type":"Feature","geometry":{"type":"Point","coordinates":[76.81374,43.28662]},"properties":{"hex_id":"H01337","district":"Наурызбай","ecorisk":5.81,"ecorisk_oof":5.71,"high_risk_prob":0.032,"ndvi":0.366,"lst_c":24.0,"reports":29,"landuse":"Пустырь"}},{"type":"Feature","geometry":{"type":"Point","coordinates":[76.82124,43.28662]},"properties":{"hex_id":"H01338","district":"Наурызбай","ecorisk":5.92,"ecorisk_oof":5.87,"high_risk_prob":0.229,"ndvi":0.254,"lst_c":27.3,"reports":23,"landuse":"Пустырь"}},{"type":"Feature","geometry":{"type":"Point","coordinates":[76.82874,43.28662]},"properties":{"hex_id":"H01339","district":"Наурызбай","ecorisk":6.65,"ecorisk_oof":6.64,"high_risk_prob":0.909,"ndvi":0.29,"lst_c":26.0,"reports":45,"landuse":"Транспорт"}},{"type":"Feature","geometry":{"type":"Point","coordinates":[76.83624,43.28662]},"properties":{"hex_id":"H01340","district":"Наурызбай","ecorisk":6.28,"ecorisk_oof":5.84,"high_risk_prob":0.097,"ndvi":0.282,"lst_c":28.3,"reports":3,"landuse":"Парк/сквер"}},{"type":"Feature","geometry":{"type":"Point","coordinates":[76.84373,43.28662]},"properties":{"hex_id":"H01341","district":"Наурызбай","ecorisk":7.04,"ecorisk_oof":6.91,"high_risk_prob":0.992,"ndvi":0.252,"lst_c":26.9,"reports":33,"landuse":"Пустырь"}},{"type":"Feature","geometry":{"type":"Point","coordinates":[76.85123,43.28662]},"properties":{"hex_id":"H01342","district":"Наурызбай","ecorisk":6.18,"ecorisk_oof":6.34,"high_risk_prob":0.175,"ndvi":0.323,"lst_c":27.9,"reports":18,"landuse":"Жилая"}},{"type":"Feature","geometry":{"type":"Point","coordinates":[76.85873,43.28662]},"properties":{"hex_id":"H01343","district":"Наурызбай","ecorisk":6.91,"ecorisk_oof":6.66,"high_risk_prob":0.793,"ndvi":0.305,"lst_c":30.7,"reports":5,"landuse":"Коммерческая"}},{"type":"Feature","geometry":{"type":"Point","coordinates":[76.86623,43.28662]},"properties":{"hex_id":"H01344","district":"Наурызбай","ecorisk":7.52,"ecorisk_oof":7.51,"high_risk_prob":0.993,"ndvi":0.287,"lst_c":28.3,"reports":34,"landuse":"Жилая"}},{"type":"Feature","geometry":{"type":"Point","coordinates":[76.87373,43.28662]},"properties":{"hex_id":"H01345","district":"Наурызбай","ecorisk":7.22,"ecorisk_oof":7.24,"high_risk_prob":0.993,"ndvi":0.28,"lst_c":30.1,"reports":7,"landuse":"Жилая"}},{"type":"Feature","geometry":{"type":"Point","coordinates":[76.88122,43.28662]},"properties":{"hex_id":"H01346","district":"Жетысу","ecorisk":7.67,"ecorisk_oof":7.45,"high_risk_prob":0.976,"ndvi":0.191,"lst_c":30.4,"reports":11,"landuse":"Парк/сквер"}},{"type":"Feature","geometry":{"type":"Point","coordinates":[76.88872,43.28662]},"properties":{"hex_id":"H01347","district":"Жетысу","ecorisk":6.95,"ecorisk_oof":7.27,"high_risk_prob":0.862,"ndvi":0.265,"lst_c":29.7,"reports":7,"landuse":"Транспорт"}},{"type":"Feature","geometry":{"type":"Point","coordinates":[76.89622,43.28662]},"properties":{"hex_id":"H01348","district":"Жетысу","ecorisk":8.05,"ecorisk_oof":8.41,"high_risk_prob":0.999,"ndvi":0.205,"lst_c":33.0,"reports":12,"landuse":"Транспорт"}},{"type":"Feature","geometry":{"type":"Point","coordinates":[76.90372,43.28662]},"properties":{"hex_id":"H01349","district":"Жетысу","ecorisk":7.42,"ecorisk_oof":7.64,"high_risk_prob":0.997,"ndvi":0.172,"lst_c":32.1,"reports":6,"landuse":"Жилая"}},{"type":"Feature","geometry":{"type":"Point","coordinates":[76.91122,43.28662]},"properties":{"hex_id":"H01350","district":"Жетысу","ecorisk":8.78,"ecorisk_oof":8.77,"high_risk_prob":1.0,"ndvi":0.149,"lst_c":33.4,"reports":30,"landuse":"Коммерческая"}},{"type":"Feature","geometry":{"type":"Point","coordinates":[76.91872,43.28662]},"properties":{"hex_id":"H01351","district":"Жетысу","ecorisk":8.08,"ecorisk_oof":7.78,"high_risk_prob":0.98,"ndvi":0.216,"lst_c":32.2,"reports":7,"landuse":"Жилая"}},{"type":"Feature","geometry":{"type":"Point","coordinates":[76.92621,43.28662]},"properties":{"hex_id":"H01352","district":"Жетысу","ecorisk":8.32,"ecorisk_oof":7.7,"high_risk_prob":0.998,"ndvi":0.204,"lst_c":32.4,"reports":13,"landuse":"Жилая"}},{"type":"Feature","geometry":{"type":"Point","coordinates":[76.93371,43.28662]},"properties":{"hex_id":"H01353","district":"Жетысу","ecorisk":8.49,"ecorisk_oof":8.55,"high_risk_prob":1.0,"ndvi":0.247,"lst_c":32.5,"reports":48,"landuse":"Жилая"}},{"type":"Feature","geometry":{"type":"Point","coordinates":[76.94121,43.28662]},"properties":{"hex_id":"H01354","district":"Жетысу","ecorisk":7.18,"ecorisk_oof":7.47,"high_risk_prob":0.99,"ndvi":0.18,"lst_c":31.7,"reports":8,"landuse":"Пустырь"}},{"type":"Feature","geometry":{"type":"Point","coordinates":[76.94871,43.28662]},"properties":{"hex_id":"H01355","district":"Жетысу","ecorisk":8.18,"ecorisk_oof":8.3,"high_risk_prob":0.999,"ndvi":0.226,"lst_c":29.6,"reports":45,"landuse":"Жилая"}},{"type":"Feature","geometry":{"type":"Point","coordinates":[76.95621,43.28662]},"properties":{"hex_id":"H01356","district":"Ауэзов","ecorisk":8.01,"ecorisk_oof":8.1,"high_risk_prob":0.993,"ndvi":0.297,"lst_c":29.2,"reports":99,"landuse":"Пустырь"}},{"type":"Feature","geometry":{"type":"Point","coordinates":[76.9637,43.28662]},"properties":{"hex_id":"H01357","district":"Ауэзов","ecorisk":7.81,"ecorisk_oof":7.69,"high_risk_prob":0.998,"ndvi":0.284,"lst_c":28.7,"reports":73,"landuse":"Жилая"}},{"type":"Feature","geometry":{"type":"Point","coordinates":[76.9712,43.28662]},"properties":{"hex_id":"H01358","district":"Ауэзов","ecorisk":7.97,"ecorisk_oof":7.15,"high_risk_prob":0.998,"ndvi":0.28,"lst_c":27.3,"reports":62,"landuse":"Транспорт"}},{"type":"Feature","geometry":{"type":"Point","coordinates":[76.9787,43.28662]},"properties":{"hex_id":"H01359","district":"Ауэзов","ecorisk":7.65,"ecorisk_oof":7.72,"high_risk_prob":0.987,"ndvi":0.213,"lst_c":29.1,"reports":49,"landuse":"Парк/сквер"}},{"type":"Feature","geometry":{"type":"Point","coordinates":[76.9862,43.28662]},"properties":{"hex_id":"H01360","district":"Ауэзов","ecorisk":6.7,"ecorisk_oof":6.84,"high_risk_prob":0.966,"ndvi":0.288,"lst_c":29.6,"reports":47,"landuse":"Пустырь"}},{"type":"Feature","geometry":{"type":"Point","coordinates":[76.9937,43.28662]},"properties":{"hex_id":"H01361","district":"Ауэзов","ecorisk":5.25,"ecorisk_oof":5.41,"high_risk_prob":0.023,"ndvi":0.339,"lst_c":26.9,"reports":25,"landuse":"Пустырь"}},{"type":"Feature","geometry":{"type":"Point","coordinates":[77.00119,43.28662]},"properties":{"hex_id":"H01362","district":"Ауэзов","ecorisk":5.19,"ecorisk_oof":5.4,"high_risk_prob":0.012,"ndvi":0.333,"lst_c":26.3,"reports":15,"landuse":"Парк/сквер"}},{"type":"Feature","geometry":{"type":"Point","coordinates":[77.00869,43.28662]},"properties":{"hex_id":"H01363","district":"Ауэзов","ecorisk":4.99,"ecorisk_oof":4.74,"high_risk_prob":0.001,"ndvi":0.352,"lst_c":24.8,"reports":2,"landuse":"Жилая"}},{"type":"Feature","geometry":{"type":"Point","coordinates":[77.01619,43.28662]},"properties":{"hex_id":"H01364","district":"Ауэзов","ecorisk":3.58,"ecorisk_oof":3.89,"high_risk_prob":0.0,"ndvi":0.369,"lst_c":23.8,"reports":2,"landuse":"Парк/сквер"}},{"type":"Feature","geometry":{"type":"Point","coordinates":[77.02369,43.28662]},"properties":{"hex_id":"H01365","district":"Ауэзов","ecorisk":3.55,"ecorisk_oof":3.78,"high_risk_prob":0.001,"ndvi":0.405,"lst_c":23.4,"reports":1,"landuse":"Жилая"}},{"type":"Feature","geometry":{"type":"Point","coordinates":[77.03119,43.28662]},"properties":{"hex_id":"H01366","district":"Ауэзов","ecorisk":5.12,"ecorisk_oof":5.37,"high_risk_prob":0.001,"ndvi":0.431,"lst_c":22.7,"reports":56,"landuse":"Пустырь"}},{"type":"Feature","geometry":{"type":"Point","coordinates":[77.03869,43.28662]},"properties":{"hex_id":"H01367","district":"Ауэзов","ecorisk":4.61,"ecorisk_oof":4.65,"high_risk_prob":0.001,"ndvi":0.472,"lst_c":23.7,"reports":15,"landuse":"Пустырь"}},{"type":"Feature","geometry":{"type":"Point","coordinates":[77.04618,43.28662]},"properties":{"hex_id":"H01368","district":"Ауэзов","ecorisk":4.81,"ecorisk_oof":4.75,"high_risk_prob":0.001,"ndvi":0.399,"lst_c":25.0,"reports":21,"landuse":"Парк/сквер"}},{"type":"Feature","geometry":{"type":"Point","coordinates":[77.05368,43.28662]},"properties":{"hex_id":"H01369","district":"Ауэзов","ecorisk":5.9,"ecorisk_oof":5.82,"high_risk_prob":0.157,"ndvi":0.4,"lst_c":24.1,"reports":44,"landuse":"Пустырь"}},{"type":"Feature","geometry":{"type":"Point","coordinates":[77.06118,43.28662]},"properties":{"hex_id":"H01370","district":"Ауэзов","ecorisk":3.69,"ecorisk_oof":3.48,"high_risk_prob":0.0,"ndvi":0.386,"lst_c":22.1,"reports":0,"landuse":"Коммерческая"}},{"type":"Feature","geometry":{"type":"Point","coordinates":[77.06868,43.28662]},"properties":{"hex_id":"H01371","district":"Ауэзов","ecorisk":4.68,"ecorisk_oof":4.35,"high_risk_prob":0.001,"ndvi":0.452,"lst_c":21.8,"reports":37,"landuse":"Парк/сквер"}},{"type":"Feature","geometry":{"type":"Point","coordinates":[77.07618,43.28662]},"properties":{"hex_id":"H01372","district":"Ауэзов","ecorisk":4.79,"ecorisk_oof":4.96,"high_risk_prob":0.001,"ndvi":0.39,"lst_c":22.8,"reports":41,"landuse":"Пустырь"}},{"type":"Feature","geometry":{"type":"Point","coordinates":[77.08367,43.28662]},"properties":{"hex_id":"H01373","district":"Ауэзов","ecorisk":2.92,"ecorisk_oof":2.64,"high_risk_prob":0.0,"ndvi":0.452,"lst_c":19.8,"reports":2,"landuse":"Парк/сквер"}},{"type":"Feature","geometry":{"type":"Point","coordinates":[77.09117,43.28662]},"properties":{"hex_id":"H01374","district":"Ауэзов","ecorisk":4.1,"ecorisk_oof":3.7,"high_risk_prob":0.0,"ndvi":0.451,"lst_c":21.3,"reports":12,"landuse":"Пустырь"}},{"type":"Feature","geometry":{"type":"Point","coordinates":[77.09867,43.28662]},"properties":{"hex_id":"H01375","district":"Ауэзов","ecorisk":4.3,"ecorisk_oof":4.03,"high_risk_prob":0.002,"ndvi":0.513,"lst_c":21.8,"reports":15,"landuse":"Жилая"}},{"type":"Feature","geometry":{"type":"Point","coordinates":[76.78,43.29135]},"properties":{"hex_id":"H01376","district":"Наурызбай","ecorisk":4.96,"ecorisk_oof":4.72,"high_risk_prob":0.001,"ndvi":0.317,"lst_c":24.2,"reports":1,"landuse":"Пустырь"}},{"type":"Feature","geometry":{"type":"Point","coordinates":[76.7875,43.29135]},"properties":{"hex_id":"H01377","district":"Наурызбай","ecorisk":4.41,"ecorisk_oof":4.47,"high_risk_prob":0.0,"ndvi":0.369,"lst_c":24.3,"reports":5,"landuse":"Коммерческая"}},{"type":"Feature","geometry":{"type":"Point","coordinates":[76.795,43.29135]},"properties":{"hex_id":"H01378","district":"Наурызбай","ecorisk":4.27,"ecorisk_oof":4.23,"high_risk_prob":0.001,"ndvi":0.317,"lst_c":24.6,"reports":2,"landuse":"Парк/сквер"}},{"type":"Feature","geometry":{"type":"Point","coordinates":[76.80249,43.29135]},"properties":{"hex_id":"H01379","district":"Наурызбай","ecorisk":4.64,"ecorisk_oof":4.53,"high_risk_prob":0.001,"ndvi":0.351,"lst_c":23.9,"reports":4,"landuse":"Пустырь"}},{"type":"Feature","geometry":{"type":"Point","coordinates":[76.80999,43.29135]},"properties":{"hex_id":"H01380","district":"Наурызбай","ecorisk":6.53,"ecorisk_oof":6.48,"high_risk_prob":0.971,"ndvi":0.334,"lst_c":27.4,"reports":29,"landuse":"Пустырь"}},{"type":"Feature","geometry":{"type":"Point","coordinates":[76.81749,43.29135]},"properties":{"hex_id":"H01381","district":"Наурызбай","ecorisk":3.96,"ecorisk_oof":3.98,"high_risk_prob":0.001,"ndvi":0.335,"lst_c":23.8,"reports":3,"landuse":"Жилая"}},{"type":"Feature","geometry":{"type":"Point","coordinates":[76.82499,43.29135]},"properties":{"hex_id":"H01382","district":"Наурызбай","ecorisk":5.38,"ecorisk_oof":5.1,"high_risk_prob":0.003,"ndvi":0.349,"lst_c":25.9,"reports":6,"landuse":"Жилая"}},{"type":"Feature","geometry":{"type":"Point","coordinates":[76.83249,43.29135]},"properties":{"hex_id":"H01383","district":"Наурызбай","ecorisk":5.34,"ecorisk_oof":5.26,"high_risk_prob":0.004,"ndvi":0.256,"lst_c":26.2,"reports":2,"landuse":"Транспорт"}},{"type":"Feature","geometry":{"type":"Point","coordinates":[76.83999,43.29135]},"properties":{"hex_id":"H01384","district":"Наурызбай","ecorisk":5.58,"ecorisk_oof":5.44,"high_risk_prob":0.009,"ndvi":0.249,"lst_c":27.0,"reports":4,"landuse":"Коммерческая"}},{"type":"Feature","geometry":{"type":"Point","coordinates":[76.84748,43.29135]},"properties":{"hex_id":"H01385","district":"Наурызбай","ecorisk":6.59,"ecorisk_oof":6.62,"high_risk_prob":0.915,"ndvi":0.229,"lst_c":30.1,"reports":43,"landuse":"Пустырь"}},{"type":"Feature","geometry":{"type":"Point","coordinates":[76.85498,43.29135]},"properties":{"hex_id":"H01386","district":"Наурызбай","ecorisk":5.53,"ecorisk_oof":5.53,"high_risk_prob":0.056,"ndvi":0.329,"lst_c":28.5,"reports":19,"landuse":"Жилая"}},{"type":"Feature","geometry":{"type":"Point","coordinates":[76.86248,43.29135]},"properties":{"hex_id":"H01387","district":"Наурызбай","ecorisk":6.5,"ecorisk_oof":6.69,"high_risk_prob":0.972,"ndvi":0.263,"lst_c":29.7,"reports":24,"landuse":"Промышленная"}},{"type":"Feature","geometry":{"type":"Point","coordinates":[76.86998,43.29135]},"properties":{"hex_id":"H01388","district":"Наурызбай","ecorisk":6.31,"ecorisk_oof":6.62,"high_risk_prob":0.589,"ndvi":0.215,"lst_c":31.8,"reports":10,"landuse":"Транспорт"}},{"type":"Feature","geometry":{"type":"Point","coordinates":[76.87748,43.29135]},"properties":{"hex_id":"H01389","district":"Жетысу","ecorisk":8.35,"ecorisk_oof":8.19,"high_risk_prob":0.999,"ndvi":0.189,"lst_c":31.0,"reports":44,"landuse":"Жилая"}},{"type":"Feature","geometry":{"type":"Point","coordinates":[76.88497,43.29135]},"properties":{"hex_id":"H01390","district":"Жетысу","ecorisk":8.55,"ecorisk_oof":8.74,"high_risk_prob":0.999,"ndvi":0.14,"lst_c":30.8,"reports":78,"landuse":"Промышленная"}},{"type":"Feature","geometry":{"type":"Point","coordinates":[76.89247,43.29135]},"properties":{"hex_id":"H01391","district":"Жетысу","ecorisk":7.97,"ecorisk_oof":8.05,"high_risk_prob":0.998,"ndvi":0.238,"lst_c":31.3,"reports":12,"landuse":"Жилая"}},{"type":"Feature","geometry":{"type":"Point","coordinates":[76.89997,43.29135]},"properties":{"hex_id":"H01392","district":"Жетысу","ecorisk":7.95,"ecorisk_oof":8.15,"high_risk_prob":0.999,"ndvi":0.203,"lst_c":32.6,"reports":45,"landuse":"Жилая"}},{"type":"Feature","geometry":{"type":"Point","coordinates":[76.90747,43.29135]},"properties":{"hex_id":"H01393","district":"Жетысу","ecorisk":7.5,"ecorisk_oof":7.59,"high_risk_prob":0.996,"ndvi":0.208,"lst_c":32.0,"reports":9,"landuse":"Жилая"}},{"type":"Feature","geometry":{"type":"Point","coordinates":[76.91497,43.29135]},"properties":{"hex_id":"H01394","district":"Жетысу","ecorisk":9.03,"ecorisk_oof":8.98,"high_risk_prob":1.0,"ndvi":0.204,"lst_c":33.7,"reports":42,"landuse":"Пустырь"}},{"type":"Feature","geometry":{"type":"Point","coordinates":[76.92246,43.29135]},"properties":{"hex_id":"H01395","district":"Жетысу","ecorisk":8.09,"ecorisk_oof":8.17,"high_risk_prob":0.999,"ndvi":0.143,"lst_c":32.5,"reports":10,"landuse":"Транспорт"}},{"type":"Feature","geometry":{"type":"Point","coordinates":[76.92996,43.29135]},"properties":{"hex_id":"H01396","district":"Жетысу","ecorisk":7.88,"ecorisk_oof":8.24,"high_risk_prob":0.998,"ndvi":0.269,"lst_c":31.1,"reports":72,"landuse":"Транспорт"}},{"type":"Feature","geometry":{"type":"Point","coordinates":[76.93746,43.29135]},"properties":{"hex_id":"H01397","district":"Жетысу","ecorisk":8.11,"ecorisk_oof":8.39,"high_risk_prob":0.999,"ndvi":0.209,"lst_c":31.0,"reports":39,"landuse":"Пустырь"}},{"type":"Feature","geometry":{"type":"Point","coordinates":[76.94496,43.29135]},"properties":{"hex_id":"H01398","district":"Жетысу","ecorisk":7.75,"ecorisk_oof":8.16,"high_risk_prob":0.999,"ndvi":0.259,"lst_c":32.2,"reports":31,"landuse":"Транспорт"}},{"type":"Feature","geometry":{"type":"Point","coordinates":[76.95246,43.29135]},"properties":{"hex_id":"H01399","district":"Жетысу","ecorisk":7.93,"ecorisk_oof":7.6,"high_risk_prob":0.991,"ndvi":0.144,"lst_c":33.9,"reports":11,"landuse":"Жилая"}},{"type":"Feature","geometry":{"type":"Point","coordinates":[76.95996,43.29135]},"properties":{"hex_id":"H01400","district":"Ауэзов","ecorisk":7.93,"ecorisk_oof":8.01,"high_risk_prob":0.993,"ndvi":0.237,"lst_c":28.7,"reports":78,"landuse":"Пустырь"}},{"type":"Feature","geometry":{"type":"Point","coordinates":[76.96745,43.29135]},"properties":{"hex_id":"H01401","district":"Ауэзов","ecorisk":6.87,"ecorisk_oof":7.09,"high_risk_prob":0.966,"ndvi":0.229,"lst_c":28.3,"reports":7,"landuse":"Парк/сквер"}},{"type":"Feature","geometry":{"type":"Point","coordinates":[76.97495,43.29135]},"properties":{"hex_id":"H01402","district":"Ауэзов","ecorisk":6.54,"ecorisk_oof":6.32,"high_risk_prob":0.936,"ndvi":0.289,"lst_c":26.4,"reports":63,"landuse":"Пустырь"}},{"type":"Feature","geometry":{"type":"Point","coordinates":[76.98245,43.29135]},"properties":{"hex_id":"H01403","district":"Ауэзов","ecorisk":6.74,"ecorisk_oof":6.94,"high_risk_prob":0.956,"ndvi":0.282,"lst_c":28.9,"reports":49,"landuse":"Пустырь"}},{"type":"Feature","geometry":{"type":"Point","coordinates":[76.98995,43.29135]},"properties":{"hex_id":"H01404","district":"Ауэзов","ecorisk":5.67,"ecorisk_oof":5.89,"high_risk_prob":0.023,"ndvi":0.337,"lst_c":26.8,"reports":48,"landuse":"Парк/сквер"}},{"type":"Feature","geometry":{"type":"Point","coordinates":[76.99745,43.29135]},"properties":{"hex_id":"H01405","district":"Ауэзов","ecorisk":6.05,"ecorisk_oof":6.06,"high_risk_prob":0.03,"ndvi":0.359,"lst_c":26.9,"reports":67,"landuse":"Пустырь"}},{"type":"Feature","geometry":{"type":"Point","coordinates":[77.00494,43.29135]},"properties":{"hex_id":"H01406","district":"Ауэзов","ecorisk":5.52,"ecorisk_oof":5.61,"high_risk_prob":0.03,"ndvi":0.391,"lst_c":27.2,"reports":17,"landuse":"Пустырь"}},{"type":"Feature","geometry":{"type":"Point","coordinates":[77.01244,43.29135]},"properties":{"hex_id":"H01407","district":"Ауэзов","ecorisk":6.0,"ecorisk_oof":6.24,"high_risk_prob":0.016,"ndvi":0.378,"lst_c":22.7,"reports":80,"landuse":"Пустырь"}},{"type":"Feature","geometry":{"type":"Point","coordinates":[77.01994,43.29135]},"properties":{"hex_id":"H01408","district":"Ауэзов","ecorisk":5.12,"ecorisk_oof":4.8,"high_risk_prob":0.003,"ndvi":0.363,"lst_c":25.9,"reports":21,"landuse":"Жилая"}},{"type":"Feature","geometry":{"type":"Point","coordinates":[77.02744,43.29135]},"properties":{"hex_id":"H01409","district":"Ауэзов","ecorisk":3.47,"ecorisk_oof":3.26,"high_risk_prob":0.0,"ndvi":0.378,"lst_c":22.4,"reports":1,"landuse":"Жилая"}},{"type":"Feature","geometry":{"type":"Point","coordinates":[77.03494,43.29135]},"properties":{"hex_id":"H01410","district":"Ауэзов","ecorisk":5.0,"ecorisk_oof":5.27,"high_risk_prob":0.002,"ndvi":0.368,"lst_c":24.0,"reports":8,"landuse":"Жилая"}},{"type":"Feature","geometry":{"type":"Point","coordinates":[77.04243,43.29135]},"properties":{"hex_id":"H01411","district":"Ауэзов","ecorisk":3.95,"ecorisk_oof":3.73,"high_risk_prob":0.0,"ndvi":0.364,"lst_c":23.1,"reports":2,"landuse":"Парк/сквер"}},{"type":"Feature","geometry":{"type":"Point","coordinates":[77.04993,43.29135]},"properties":{"hex_id":"H01412","district":"Ауэзов","ecorisk":4.88,"ecorisk_oof":4.79,"high_risk_prob":0.001,"ndvi":0.469,"lst_c":23.3,"reports":77,"landuse":"Промышленная"}},{"type":"Feature","geometry":{"type":"Point","coordinates":[77.05743,43.29135]},"properties":{"hex_id":"H01413","district":"Ауэзов","ecorisk":4.66,"ecorisk_oof":4.55,"high_risk_prob":0.0,"ndvi":0.387,"lst_c":22.8,"reports":40,"landuse":"Пустырь"}},{"type":"Feature","geometry":{"type":"Point","coordinates":[77.06493,43.29135]},"properties":{"hex_id":"H01414","district":"Ауэзов","ecorisk":3.57,"ecorisk_oof":3.48,"high_risk_prob":0.0,"ndvi":0.4,"lst_c":23.3,"reports":3,"landuse":"Парк/сквер"}},{"type":"Feature","geometry":{"type":"Point","coordinates":[77.07243,43.29135]},"properties":{"hex_id":"H01415","district":"Ауэзов","ecorisk":3.51,"ecorisk_oof":3.56,"high_risk_prob":0.0,"ndvi":0.459,"lst_c":21.3,"reports":3,"landuse":"Жилая"}},{"type":"Feature","geometry":{"type":"Point","coordinates":[77.07993,43.29135]},"properties":{"hex_id":"H01416","district":"Ауэзов","ecorisk":4.48,"ecorisk_oof":4.45,"high_risk_prob":0.001,"ndvi":0.467,"lst_c":23.0,"reports":23,"landuse":"Пустырь"}},{"type":"Feature","geometry":{"type":"Point","coordinates":[77.08742,43.29135]},"properties":{"hex_id":"H01417","district":"Ауэзов","ecorisk":3.97,"ecorisk_oof":3.77,"high_risk_prob":0.0,"ndvi":0.383,"lst_c":20.8,"reports":0,"landuse":"Пустырь"}},{"type":"Feature","geometry":{"type":"Point","coordinates":[77.09492,43.29135]},"properties":{"hex_id":"H01418","district":"Ауэзов","ecorisk":3.28,"ecorisk_oof":3.15,"high_risk_prob":0.0,"ndvi":0.486,"lst_c":21.9,"reports":2,"landuse":"Пустырь"}},{"type":"Feature","geometry":{"type":"Point","coordinates":[76.78375,43.29608]},"properties":{"hex_id":"H01419","district":"Наурызбай","ecorisk":4.78,"ecorisk_oof":4.72,"high_risk_prob":0.002,"ndvi":0.352,"lst_c":23.9,"reports":16,"landuse":"Пустырь"}},{"type":"Feature","geometry":{"type":"Point","coordinates":[76.79125,43.29608]},"properties":{"hex_id":"H01420","district":"Наурызбай","ecorisk":4.15,"ecorisk_oof":4.33,"high_risk_prob":0.001,"ndvi":0.338,"lst_c":24.6,"reports":2,"landuse":"Пустырь"}},{"type":"Feature","geometry":{"type":"Point","coordinates":[76.79875,43.29608]},"properties":{"hex_id":"H01421","district":"Наурызбай","ecorisk":5.54,"ecorisk_oof":5.73,"high_risk_prob":0.012,"ndvi":0.339,"lst_c":24.4,"reports":26,"landuse":"Пустырь"}},{"type":"Feature","geometry":{"type":"Point","coordinates":[76.80624,43.29608]},"properties":{"hex_id":"H01422","district":"Наурызбай","ecorisk":5.4,"ecorisk_oof":5.55,"high_risk_prob":0.005,"ndvi":0.297,"lst_c":24.7,"reports":18,"landuse":"Пустырь"}},{"type":"Feature","geometry":{"type":"Point","coordinates":[76.81374,43.29608]},"properties":{"hex_id":"H01423","district":"Наурызбай","ecorisk":3.7,"ecorisk_oof":4.19,"high_risk_prob":0.001,"ndvi":0.37,"lst_c":24.1,"reports":1,"landuse":"Парк/сквер"}},{"type":"Feature","geometry":{"type":"Point","coordinates":[76.82124,43.29608]},"properties":{"hex_id":"H01424","district":"Наурызбай","ecorisk":6.1,"ecorisk_oof":6.02,"high_risk_prob":0.119,"ndvi":0.298,"lst_c":23.8,"reports":14,"landuse":"Промышленная"}},{"type":"Feature","geometry":{"type":"Point","coordinates":[76.82874,43.29608]},"properties":{"hex_id":"H01425","district":"Наурызбай","ecorisk":6.07,"ecorisk_oof":6.04,"high_risk_prob":0.04,"ndvi":0.316,"lst_c":23.0,"reports":19,"landuse":"Парк/сквер"}},{"type":"Feature","geometry":{"type":"Point","coordinates":[76.83624,43.29608]},"properties":{"hex_id":"H01426","district":"Наурызбай","ecorisk":4.67,"ecorisk_oof":4.44,"high_risk_prob":0.001,"ndvi":0.387,"lst_c":24.7,"reports":3,"landuse":"Пустырь"}},{"type":"Feature","geometry":{"type":"Point","coordinates":[76.84373,43.29608]},"properties":{"hex_id":"H01427","district":"Наурызбай","ecorisk":6.78,"ecorisk_oof":6.37,"high_risk_prob":0.989,"ndvi":0.286,"lst_c":25.8,"reports":22,"landuse":"Парк/сквер"}},{"type":"Feature","geometry":{"type":"Point","coordinates":[76.85123,43.29608]},"properties":{"hex_id":"H01428","district":"Наурызбай","ecorisk":6.97,"ecorisk_oof":6.66,"high_risk_prob":0.971,"ndvi":0.323,"lst_c":30.0,"reports":37,"landuse":"Промышленная"}},{"type":"Feature","geometry":{"type":"Point","coordinates":[76.85873,43.29608]},"properties":{"hex_id":"H01429","district":"Наурызбай","ecorisk":6.23,"ecorisk_oof":5.99,"high_risk_prob":0.088,"ndvi":0.28,"lst_c":29.3,"reports":22,"landuse":"Промышленная"}},{"type":"Feature","geometry":{"type":"Point","coordinates":[76.86623,43.29608]},"properties":{"hex_id":"H01430","district":"Наурызбай","ecorisk":6.61,"ecorisk_oof":7.04,"high_risk_prob":0.817,"ndvi":0.307,"lst_c":29.4,"reports":3,"landuse":"Транспорт"}},{"type":"Feature","geometry":{"type":"Point","coordinates":[76.87373,43.29608]},"properties":{"hex_id":"H01431","district":"Наурызбай","ecorisk":5.76,"ecorisk_oof":6.39,"high_risk_prob":0.389,"ndvi":0.27,"lst_c":28.9,"reports":4,"landuse":"Транспорт"}},{"type":"Feature","geometry":{"type":"Point","coordinates":[76.88122,43.29608]},"properties":{"hex_id":"H01432","district":"Жетысу","ecorisk":6.89,"ecorisk_oof":6.94,"high_risk_prob":0.965,"ndvi":0.245,"lst_c":28.2,"reports":19,"landuse":"Промышленная"}},{"type":"Feature","geometry":{"type":"Point","coordinates":[76.88872,43.29608]},"properties":{"hex_id":"H01433","district":"Жетысу","ecorisk":7.33,"ecorisk_oof":7.42,"high_risk_prob":0.975,"ndvi":0.175,"lst_c":28.9,"reports":4,"landuse":"Промышленная"}},{"type":"Feature","geometry":{"type":"Point","coordinates":[76.89622,43.29608]},"properties":{"hex_id":"H01434","district":"Жетысу","ecorisk":8.74,"ecorisk_oof":8.61,"high_risk_prob":0.998,"ndvi":0.206,"lst_c":29.3,"reports":87,"landuse":"Коммерческая"}},{"type":"Feature","geometry":{"type":"Point","coordinates":[76.90372,43.29608]},"properties":{"hex_id":"H01435","district":"Жетысу","ecorisk":6.05,"ecorisk_oof":6.23,"high_risk_prob":0.814,"ndvi":0.23,"lst_c":31.7,"reports":7,"landuse":"Жилая"}},{"type":"Feature","geometry":{"type":"Point","coordinates":[76.91122,43.29608]},"properties":{"hex_id":"H01436","district":"Жетысу","ecorisk":7.29,"ecorisk_oof":6.88,"high_risk_prob":0.991,"ndvi":0.195,"lst_c":32.9,"reports":12,"landuse":"Жилая"}},{"type":"Feature","geometry":{"type":"Point","coordinates":[76.91872,43.29608]},"properties":{"hex_id":"H01437","district":"Жетысу","ecorisk":6.02,"ecorisk_oof":5.97,"high_risk_prob":0.227,"ndvi":0.311,"lst_c":29.1,"reports":6,"landuse":"Жилая"}},{"type":"Feature","geometry":{"type":"Point","coordinates":[76.92621,43.29608]},"properties":{"hex_id":"H01438","district":"Жетысу","ecorisk":8.57,"ecorisk_oof":8.27,"high_risk_prob":0.997,"ndvi":0.229,"lst_c":30.4,"reports":44,"landuse":"Промышленная"}},{"type":"Feature","geometry":{"type":"Point","coordinates":[76.93371,43.29608]},"properties":{"hex_id":"H01439","district":"Жетысу","ecorisk":7.12,"ecorisk_oof":7.38,"high_risk_prob":0.985,"ndvi":0.211,"lst_c":31.7,"reports":8,"landuse":"Пустырь"}},{"type":"Feature","geometry":{"type":"Point","coordinates":[76.94121,43.29608]},"properties":{"hex_id":"H01440","district":"Жетысу","ecorisk":6.9,"ecorisk_oof":7.08,"high_risk_prob":0.985,"ndvi":0.287,"lst_c":31.3,"reports":11,"landuse":"Жилая"}},{"type":"Feature","geometry":{"type":"Point","coordinates":[76.94871,43.29608]},"properties":{"hex_id":"H01441","district":"Жетысу","ecorisk":7.06,"ecorisk_oof":7.27,"high_risk_prob":0.996,"ndvi":0.264,"lst_c":30.4,"reports":19,"landuse":"Пустырь"}},{"type":"Feature","geometry":{"type":"Point","coordinates":[76.95621,43.29608]},"properties":{"hex_id":"H01442","district":"Ауэзов","ecorisk":7.74,"ecorisk_oof":7.58,"high_risk_prob":0.99,"ndvi":0.235,"lst_c":31.1,"reports":51,"landuse":"Пустырь"}},{"type":"Feature","geometry":{"type":"Point","coordinates":[76.9637,43.29608]},"properties":{"hex_id":"H01443","district":"Ауэзов","ecorisk":6.39,"ecorisk_oof":6.52,"high_risk_prob":0.711,"ndvi":0.213,"lst_c":30.2,"reports":7,"landuse":"Коммерческая"}},{"type":"Feature","geometry":{"type":"Point","coordinates":[76.9712,43.29608]},"properties":{"hex_id":"H01444","district":"Ауэзов","ecorisk":5.93,"ecorisk_oof":5.62,"high_risk_prob":0.023,"ndvi":0.29,"lst_c":27.8,"reports":3,"landuse":"Парк/сквер"}},{"type":"Feature","geometry":{"type":"Point","coordinates":[76.9787,43.29608]},"properties":{"hex_id":"H01445","district":"Ауэзов","ecorisk":4.81,"ecorisk_oof":5.1,"high_risk_prob":0.008,"ndvi":0.354,"lst_c":26.1,"reports":9,"landuse":"Жилая"}},{"type":"Feature","geometry":{"type":"Point","coordinates":[76.9862,43.29608]},"properties":{"hex_id":"H01446","district":"Ауэзов","ecorisk":4.87,"ecorisk_oof":4.95,"high_risk_prob":0.002,"ndvi":0.396,"lst_c":25.7,"reports":0,"landuse":"Парк/сквер"}},{"type":"Feature","geometry":{"type":"Point","coordinates":[76.9937,43.29608]},"properties":{"hex_id":"H01447","district":"Ауэзов","ecorisk":5.36,"ecorisk_oof":5.18,"high_risk_prob":0.001,"ndvi":0.31,"lst_c":25.8,"reports":3,"landuse":"Промышленная"}},{"type":"Feature","geometry":{"type":"Point","coordinates":[77.00119,43.29608]},"properties":{"hex_id":"H01448","district":"Ауэзов","ecorisk":4.22,"ecorisk_oof":4.24,"high_risk_prob":0.0,"ndvi":0.355,"lst_c":24.4,"reports":3,"landuse":"Жилая"}},{"type":"Feature","geometry":{"type":"Point","coordinates":[77.00869,43.29608]},"properties":{"hex_id":"H01449","district":"Ауэзов","ecorisk":5.27,"ecorisk_oof":5.2,"high_risk_prob":0.002,"ndvi":0.379,"lst_c":26.2,"reports":27,"landuse":"Жилая"}},{"type":"Feature","geometry":{"type":"Point","coordinates":[77.01619,43.29608]},"properties":{"hex_id":"H01450","district":"Ауэзов","ecorisk":3.63,"ecorisk_oof":3.38,"high_risk_prob":0.001,"ndvi":0.425,"lst_c":27.0,"reports":3,"landuse":"Жилая"}},{"type":"Feature","geometry":{"type":"Point","coordinates":[77.02369,43.29608]},"properties":{"hex_id":"H01451","district":"Ауэзов","ecorisk":5.0,"ecorisk_oof":5.0,"high_risk_prob":0.002,"ndvi":0.381,"lst_c":22.9,"reports":30,"landuse":"Промышленная"}},{"type":"Feature","geometry":{"type":"Point","coordinates":[77.03119,43.29608]},"properties":{"hex_id":"H01452","district":"Ауэзов","ecorisk":4.19,"ecorisk_oof":4.06,"high_risk_prob":0.0,"ndvi":0.36,"lst_c":23.2,"reports":7,"landuse":"Пустырь"}},{"type":"Feature","geometry":{"type":"Point","coordinates":[77.03869,43.29608]},"properties":{"hex_id":"H01453","district":"Ауэзов","ecorisk":4.98,"ecorisk_oof":4.86,"high_risk_prob":0.011,"ndvi":0.391,"lst_c":24.7,"reports":1,"landuse":"Коммерческая"}},{"type":"Feature","geometry":{"type":"Point","coordinates":[77.04618,43.29608]},"properties":{"hex_id":"H01454","district":"Ауэзов","ecorisk":3.77,"ecorisk_oof":3.46,"high_risk_prob":0.0,"ndvi":0.369,"lst_c":22.1,"reports":3,"landuse":"Жилая"}},{"type":"Feature","geometry":{"type":"Point","coordinates":[77.05368,43.29608]},"properties":{"hex_id":"H01455","district":"Ауэзов","ecorisk":3.61,"ecorisk_oof":3.68,"high_risk_prob":0.0,"ndvi":0.345,"lst_c":23.5,"reports":1,"landuse":"Парк/сквер"}},{"type":"Feature","geometry":{"type":"Point","coordinates":[77.06118,43.29608]},"properties":{"hex_id":"H01456","district":"Ауэзов","ecorisk":4.26,"ecorisk_oof":4.23,"high_risk_prob":0.0,"ndvi":0.45,"lst_c":23.7,"reports":31,"landuse":"Промышленная"}},{"type":"Feature","geometry":{"type":"Point","coordinates":[77.06868,43.29608]},"properties":{"hex_id":"H01457","district":"Ауэзов","ecorisk":3.47,"ecorisk_oof":3.66,"high_risk_prob":0.0,"ndvi":0.36,"lst_c":23.2,"reports":2,"landuse":"Жилая"}},{"type":"Feature","geometry":{"type":"Point","coordinates":[77.07618,43.29608]},"properties":{"hex_id":"H01458","district":"Ауэзов","ecorisk":4.02,"ecorisk_oof":3.84,"high_risk_prob":0.0,"ndvi":0.369,"lst_c":25.0,"reports":2,"landuse":"Пустырь"}},{"type":"Feature","geometry":{"type":"Point","coordinates":[77.08367,43.29608]},"properties":{"hex_id":"H01459","district":"Ауэзов","ecorisk":4.36,"ecorisk_oof":4.05,"high_risk_prob":0.0,"ndvi":0.402,"lst_c":24.6,"reports":8,"landuse":"Парк/сквер"}},{"type":"Feature","geometry":{"type":"Point","coordinates":[77.09117,43.29608]},"properties":{"hex_id":"H01460","district":"Ауэзов","ecorisk":3.54,"ecorisk_oof":3.56,"high_risk_prob":0.0,"ndvi":0.508,"lst_c":22.1,"reports":12,"landuse":"Пустырь"}},{"type":"Feature","geometry":{"type":"Point","coordinates":[77.09867,43.29608]},"properties":{"hex_id":"H01461","district":"Ауэзов","ecorisk":3.48,"ecorisk_oof":3.41,"high_risk_prob":0.0,"ndvi":0.434,"lst_c":23.7,"reports":3,"landuse":"Транспорт"}},{"type":"Feature","geometry":{"type":"Point","coordinates":[76.78,43.30081]},"properties":{"hex_id":"H01462","district":"Наурызбай","ecorisk":3.78,"ecorisk_oof":4.22,"high_risk_prob":0.003,"ndvi":0.317,"lst_c":24.4,"reports":1,"landuse":"Жилая"}},{"type":"Feature","geometry":{"type":"Point","coordinates":[76.7875,43.30081]},"properties":{"hex_id":"H01463","district":"Наурызбай","ecorisk":4.49,"ecorisk_oof":4.45,"high_risk_prob":0.007,"ndvi":0.319,"lst_c":24.0,"reports":2,"landuse":"Пустырь"}},{"type":"Feature","geometry":{"type":"Point","coordinates":[76.795,43.30081]},"properties":{"hex_id":"H01464","district":"Наурызбай","ecorisk":5.45,"ecorisk_oof":5.21,"high_risk_prob":0.002,"ndvi":0.298,"lst_c":25.9,"reports":5,"landuse":"Транспорт"}},{"type":"Feature","geometry":{"type":"Point","coordinates":[76.80249,43.30081]},"properties":{"hex_id":"H01465","district":"Наурызбай","ecorisk":5.16,"ecorisk_oof":5.05,"high_risk_prob":0.004,"ndvi":0.206,"lst_c":27.7,"reports":3,"landuse":"Парк/сквер"}},{"type":"Feature","geometry":{"type":"Point","coordinates":[76.80999,43.30081]},"properties":{"hex_id":"H01466","district":"Наурызбай","ecorisk":4.67,"ecorisk_oof":4.76,"high_risk_prob":0.004,"ndvi":0.316,"lst_c":25.6,"reports":2,"landuse":"Парк/сквер"}},{"type":"Feature","geometry":{"type":"Point","coordinates":[76.81749,43.30081]},"properties":{"hex_id":"H01467","district":"Наурызбай","ecorisk":4.95,"ecorisk_oof":5.1,"high_risk_prob":0.001,"ndvi":0.363,"lst_c":24.1,"reports":7,"landuse":"Транспорт"}},{"type":"Feature","geometry":{"type":"Point","coordinates":[76.82499,43.30081]},"properties":{"hex_id":"H01468","district":"Наурызбай","ecorisk":4.74,"ecorisk_oof":5.16,"high_risk_prob":0.004,"ndvi":0.368,"lst_c":26.6,"reports":4,"landuse":"Транспорт"}},{"type":"Feature","geometry":{"type":"Point","coordinates":[76.83249,43.30081]},"properties":{"hex_id":"H01469","district":"Наурызбай","ecorisk":5.12,"ecorisk_oof":4.9,"high_risk_prob":0.001,"ndvi":0.303,"lst_c":25.3,"reports":0,"landuse":"Транспорт"}},{"type":"Feature","geometry":{"type":"Point","coordinates":[76.83999,43.30081]},"properties":{"hex_id":"H01470","district":"Наурызбай","ecorisk":5.46,"ecorisk_oof":5.1,"high_risk_prob":0.002,"ndvi":0.288,"lst_c":25.8,"reports":1,"landuse":"Промышленная"}},{"type":"Feature","geometry":{"type":"Point","coordinates":[76.84748,43.30081]},"properties":{"hex_id":"H01471","district":"Наурызбай","ecorisk":5.55,"ecorisk_oof":5.68,"high_risk_prob":0.052,"ndvi":0.356,"lst_c":28.0,"reports":3,"landuse":"Пустырь"}},{"type":"Feature","geometry":{"type":"Point","coordinates":[76.85498,43.30081]},"properties":{"hex_id":"H01472","district":"Наурызбай","ecorisk":6.38,"ecorisk_oof":6.32,"high_risk_prob":0.113,"ndvi":0.296,"lst_c":29.6,"reports":36,"landuse":"Жилая"}},{"type":"Feature","geometry":{"type":"Point","coordinates":[76.86248,43.30081]},"properties":{"hex_id":"H01473","district":"Наурызбай","ecorisk":5.57,"ecorisk_oof":5.9,"high_risk_prob":0.012,"ndvi":0.291,"lst_c":27.7,"reports":3,"landuse":"Промышленная"}},{"type":"Feature","geometry":{"type":"Point","coordinates":[76.86998,43.30081]},"properties":{"hex_id":"H01474","district":"Наурызбай","ecorisk":6.21,"ecorisk_oof":5.99,"high_risk_prob":0.134,"ndvi":0.257,"lst_c":28.2,"reports":4,"landuse":"Жилая"}},{"type":"Feature","geometry":{"type":"Point","coordinates":[76.87748,43.30081]},"properties":{"hex_id":"H01475","district":"Жетысу","ecorisk":6.51,"ecorisk_oof":6.64,"high_risk_prob":0.935,"ndvi":0.277,"lst_c":28.9,"reports":1,"landuse":"Транспорт"}},{"type":"Feature","geometry":{"type":"Point","coordinates":[76.88497,43.30081]},"properties":{"hex_id":"H01476","district":"Жетысу","ecorisk":6.22,"ecorisk_oof":6.22,"high_risk_prob":0.425,"ndvi":0.169,"lst_c":32.1,"reports":7,"landuse":"Транспорт"}},{"type":"Feature","geometry":{"type":"Point","coordinates":[76.89247,43.30081]},"properties":{"hex_id":"H01477","district":"Жетысу","ecorisk":6.86,"ecorisk_oof":6.72,"high_risk_prob":0.746,"ndvi":0.262,"lst_c":30.1,"reports":8,"landuse":"Транспорт"}},{"type":"Feature","geometry":{"type":"Point","coordinates":[76.89997,43.30081]},"properties":{"hex_id":"H01478","district":"Жетысу","ecorisk":7.72,"ecorisk_oof":8.13,"high_risk_prob":0.995,"ndvi":0.189,"lst_c":30.8,"reports":44,"landuse":"Промышленная"}},{"type":"Feature","geometry":{"type":"Point","coordinates":[76.90747,43.30081]},"properties":{"hex_id":"H01479","district":"Жетысу","ecorisk":8.0,"ecorisk_oof":7.86,"high_risk_prob":0.997,"ndvi":0.183,"lst_c":31.0,"reports":48,"landuse":"Промышленная"}},{"type":"Feature","geometry":{"type":"Point","coordinates":[76.91497,43.30081]},"properties":{"hex_id":"H01480","district":"Жетысу","ecorisk":7.7,"ecorisk_oof":7.63,"high_risk_prob":0.994,"ndvi":0.228,"lst_c":29.7,"reports":38,"landuse":"Жилая"}},{"type":"Feature","geometry":{"type":"Point","coordinates":[76.92246,43.30081]},"properties":{"hex_id":"H01481","district":"Жетысу","ecorisk":7.27,"ecorisk_oof":7.28,"high_risk_prob":0.995,"ndvi":0.234,"lst_c":29.2,"reports":23,"landuse":"Пустырь"}},{"type":"Feature","geometry":{"type":"Point","coordinates":[76.92996,43.30081]},"properties":{"hex_id":"H01482","district":"Жетысу","ecorisk":7.52,"ecorisk_oof":7.3,"high_risk_prob":0.998,"ndvi":0.206,"lst_c":32.4,"reports":6,"landuse":"Транспорт"}},{"type":"Feature","geometry":{"type":"Point","coordinates":[76.93746,43.30081]},"properties":{"hex_id":"H01483","district":"Жетысу","ecorisk":7.51,"ecorisk_oof":7.51,"high_risk_prob":0.989,"ndvi":0.243,"lst_c":31.2,"reports":20,"landuse":"Жилая"}},{"type":"Feature","geometry":{"type":"Point","coordinates":[76.94496,43.30081]},"properties":{"hex_id":"H01484","district":"Жетысу","ecorisk":6.18,"ecorisk_oof":6.69,"high_risk_prob":0.639,"ndvi":0.22,"lst_c":29.5,"reports":2,"landuse":"Парк/сквер"}},{"type":"Feature","geometry":{"type":"Point","coordinates":[76.95246,43.30081]},"properties":{"hex_id":"H01485","district":"Жетысу","ecorisk":7.95,"ecorisk_oof":7.71,"high_risk_prob":0.999,"ndvi":0.274,"lst_c":27.9,"reports":50,"landuse":"Жилая"}},{"type":"Feature","geometry":{"type":"Point","coordinates":[76.95996,43.30081]},"properties":{"hex_id":"H01486","district":"Ауэзов","ecorisk":6.17,"ecorisk_oof":6.1,"high_risk_prob":0.529,"ndvi":0.329,"lst_c":26.0,"reports":17,"landuse":"Коммерческая"}},{"type":"Feature","geometry":{"type":"Point","coordinates":[76.96745,43.30081]},"properties":{"hex_id":"H01487","district":"Ауэзов","ecorisk":5.72,"ecorisk_oof":5.28,"high_risk_prob":0.048,"ndvi":0.339,"lst_c":26.8,"reports":1,"landuse":"Жилая"}},{"type":"Feature","geometry":{"type":"Point","coordinates":[76.97495,43.30081]},"properties":{"hex_id":"H01488","district":"Ауэзов","ecorisk":5.8,"ecorisk_oof":6.0,"high_risk_prob":0.079,"ndvi":0.301,"lst_c":26.6,"reports":19,"landuse":"Парк/сквер"}},{"type":"Feature","geometry":{"type":"Point","coordinates":[76.98245,43.30081]},"properties":{"hex_id":"H01489","district":"Ауэзов","ecorisk":5.85,"ecorisk_oof":5.42,"high_risk_prob":0.041,"ndvi":0.28,"lst_c":25.5,"reports":6,"landuse":"Жилая"}},{"type":"Feature","geometry":{"type":"Point","coordinates":[76.98995,43.30081]},"properties":{"hex_id":"H01490","district":"Ауэзов","ecorisk":5.98,"ecorisk_oof":6.12,"high_risk_prob":0.067,"ndvi":0.303,"lst_c":28.8,"reports":9,"landuse":"Жилая"}},{"type":"Feature","geometry":{"type":"Point","coordinates":[76.99745,43.30081]},"properties":{"hex_id":"H01491","district":"Ауэзов","ecorisk":5.01,"ecorisk_oof":4.78,"high_risk_prob":0.003,"ndvi":0.341,"lst_c":26.3,"reports":6,"landuse":"Жилая"}},{"type":"Feature","geometry":{"type":"Point","coordinates":[77.00494,43.30081]},"properties":{"hex_id":"H01492","district":"Ауэзов","ecorisk":4.48,"ecorisk_oof":4.56,"high_risk_prob":0.002,"ndvi":0.337,"lst_c":26.6,"reports":3,"landuse":"Жилая"}},{"type":"Feature","geometry":{"type":"Point","coordinates":[77.01244,43.30081]},"properties":{"hex_id":"H01493","district":"Ауэзов","ecorisk":4.06,"ecorisk_oof":4.47,"high_risk_prob":0.001,"ndvi":0.409,"lst_c":25.0,"reports":1,"landuse":"Коммерческая"}},{"type":"Feature","geometry":{"type":"Point","coordinates":[77.01994,43.30081]},"properties":{"hex_id":"H01494","district":"Ауэзов","ecorisk":4.64,"ecorisk_oof":4.71,"high_risk_prob":0.001,"ndvi":0.381,"lst_c":26.3,"reports":19,"landuse":"Промышленная"}},{"type":"Feature","geometry":{"type":"Point","coordinates":[77.02744,43.30081]},"properties":{"hex_id":"H01495","district":"Ауэзов","ecorisk":4.7,"ecorisk_oof":4.82,"high_risk_prob":0.001,"ndvi":0.348,"lst_c":24.7,"reports":4,"landuse":"Жилая"}},{"type":"Feature","geometry":{"type":"Point","coordinates":[77.03494,43.30081]},"properties":{"hex_id":"H01496","district":"Ауэзов","ecorisk":3.76,"ecorisk_oof":3.73,"high_risk_prob":0.0,"ndvi":0.389,"lst_c":21.3,"reports":0,"landuse":"Парк/сквер"}},{"type":"Feature","geometry":{"type":"Point","coordinates":[77.04243,43.30081]},"properties":{"hex_id":"H01497","district":"Ауэзов","ecorisk":4.49,"ecorisk_oof":4.8,"high_risk_prob":0.0,"ndvi":0.415,"lst_c":24.4,"reports":14,"landuse":"Парк/сквер"}},{"type":"Feature","geometry":{"type":"Point","coordinates":[77.04993,43.30081]},"properties":{"hex_id":"H01498","district":"Ауэзов","ecorisk":3.83,"ecorisk_oof":3.72,"high_risk_prob":0.0,"ndvi":0.481,"lst_c":22.5,"reports":17,"landuse":"Пустырь"}},{"type":"Feature","geometry":{"type":"Point","coordinates":[77.05743,43.30081]},"properties":{"hex_id":"H01499","district":"Ауэзов","ecorisk":4.79,"ecorisk_oof":4.73,"high_risk_prob":0.001,"ndvi":0.354,"lst_c":21.6,"reports":54,"landuse":"Пустырь"}},{"type":"Feature","geometry":{"type":"Point","coordinates":[77.06493,43.30081]},"properties":{"hex_id":"H01500","district":"Ауэзов","ecorisk":4.7,"ecorisk_oof":4.63,"high_risk_prob":0.001,"ndvi":0.41,"lst_c":22.2,"reports":36,"landuse":"Пустырь"}},{"type":"Feature","geometry":{"type":"Point","coordinates":[77.07243,43.30081]},"properties":{"hex_id":"H01501","district":"Ауэзов","ecorisk":4.09,"ecorisk_oof":3.78,"high_risk_prob":0.0,"ndvi":0.444,"lst_c":23.6,"reports":2,"landuse":"Транспорт"}},{"type":"Feature","geometry":{"type":"Point","coordinates":[77.07993,43.30081]},"properties":{"hex_id":"H01502","district":"Ауэзов","ecorisk":3.67,"ecorisk_oof":3.68,"high_risk_prob":0.0,"ndvi":0.402,"lst_c":23.6,"reports":6,"landuse":"Парк/сквер"}},{"type":"Feature","geometry":{"type":"Point","coordinates":[77.08742,43.30081]},"properties":{"hex_id":"H01503","district":"Ауэзов","ecorisk":4.35,"ecorisk_oof":4.53,"high_risk_prob":0.001,"ndvi":0.426,"lst_c":23.6,"reports":35,"landuse":"Промышленная"}},{"type":"Feature","geometry":{"type":"Point","coordinates":[77.09492,43.30081]},"properties":{"hex_id":"H01504","district":"Ауэзов","ecorisk":4.39,"ecorisk_oof":3.53,"high_risk_prob":0.0,"ndvi":0.46,"lst_c":22.5,"reports":13,"landuse":"Пустырь"}},{"type":"Feature","geometry":{"type":"Point","coordinates":[76.78375,43.30554]},"properties":{"hex_id":"H01505","district":"Алатау","ecorisk":4.24,"ecorisk_oof":4.04,"high_risk_prob":0.001,"ndvi":0.351,"lst_c":23.2,"reports":7,"landuse":"Жилая"}},{"type":"Feature","geometry":{"type":"Point","coordinates":[76.79125,43.30554]},"properties":{"hex_id":"H01506","district":"Алатау","ecorisk":5.2,"ecorisk_oof":5.33,"high_risk_prob":0.002,"ndvi":0.295,"lst_c":23.8,"reports":12,"landuse":"Пустырь"}},{"type":"Feature","geometry":{"type":"Point","coordinates":[76.79875,43.30554]},"properties":{"hex_id":"H01507","district":"Алатау","ecorisk":5.32,"ecorisk_oof":5.32,"high_risk_prob":0.034,"ndvi":0.351,"lst_c":24.1,"reports":21,"landuse":"Пустырь"}},{"type":"Feature","geometry":{"type":"Point","coordinates":[76.80624,43.30554]},"properties":{"hex_id":"H01508","district":"Алатау","ecorisk":4.07,"ecorisk_oof":3.99,"high_risk_prob":0.0,"ndvi":0.359,"lst_c":24.0,"reports":0,"landuse":"Транспорт"}},{"type":"Feature","geometry":{"type":"Point","coordinates":[76.81374,43.30554]},"properties":{"hex_id":"H01509","district":"Алатау","ecorisk":4.28,"ecorisk_oof":4.05,"high_risk_prob":0.001,"ndvi":0.41,"lst_c":25.6,"reports":8,"landuse":"Парк/сквер"}},{"type":"Feature","geometry":{"type":"Point","coordinates":[76.82124,43.30554]},"properties":{"hex_id":"H01510","district":"Алатау","ecorisk":4.59,"ecorisk_oof":4.96,"high_risk_prob":0.001,"ndvi":0.358,"lst_c":23.3,"reports":3,"landuse":"Парк/сквер"}},{"type":"Feature","geometry":{"type":"Point","coordinates":[76.82874,43.30554]},"properties":{"hex_id":"H01511","district":"Алатау","ecorisk":5.83,"ecorisk_oof":5.64,"high_risk_prob":0.077,"ndvi":0.411,"lst_c":25.6,"reports":14,"landuse":"Пустырь"}},{"type":"Feature","geometry":{"type":"Point","coordinates":[76.83624,43.30554]},"properties":{"hex_id":"H01512","district":"Алатау","ecorisk":4.66,"ecorisk_oof":4.47,"high_risk_prob":0.001,"ndvi":0.353,"lst_c":24.0,"reports":0,"landuse":"Транспорт"}},{"type":"Feature","geometry":{"type":"Point","coordinates":[76.84373,43.30554]},"properties":{"hex_id":"H01513","district":"Алатау","ecorisk":5.71,"ecorisk_oof":5.83,"high_risk_prob":0.006,"ndvi":0.312,"lst_c":26.4,"reports":11,"landuse":"Промышленная"}},{"type":"Feature","geometry":{"type":"Point","coordinates":[76.85123,43.30554]},"properties":{"hex_id":"H01514","district":"Алатау","ecorisk":5.87,"ecorisk_oof":5.8,"high_risk_prob":0.051,"ndvi":0.289,"lst_c":24.6,"reports":21,"landuse":"Пустырь"}},{"type":"Feature","geometry":{"type":"Point","coordinates":[76.85873,43.30554]},"properties":{"hex_id":"H01515","district":"Алатау","ecorisk":4.81,"ecorisk_oof":4.87,"high_risk_prob":0.006,"ndvi":0.362,"lst_c":29.8,"reports":2,"landuse":"Жилая"}},{"type":"Feature","geometry":{"type":"Point","coordinates":[76.86623,43.30554]},"properties":{"hex_id":"H01516","district":"Алатау","ecorisk":5.5,"ecorisk_oof":5.5,"high_risk_prob":0.005,"ndvi":0.316,"lst_c":27.4,"reports":2,"landuse":"Промышленная"}},{"type":"Feature","geometry":{"type":"Point","coordinates":[76.87373,43.30554]},"properties":{"hex_id":"H01517","district":"Алатау","ecorisk":7.02,"ecorisk_oof":6.08,"high_risk_prob":0.105,"ndvi":0.237,"lst_c":27.5,"reports":2,"landuse":"Парк/сквер"}},{"type":"Feature","geometry":{"type":"Point","coordinates":[76.88122,43.30554]},"properties":{"hex_id":"H01518","district":"Алатау","ecorisk":6.08,"ecorisk_oof":5.73,"high_risk_prob":0.07,"ndvi":0.253,"lst_c":30.5,"reports":5,"landuse":"Парк/сквер"}},{"type":"Feature","geometry":{"type":"Point","coordinates":[76.88872,43.30554]},"properties":{"hex_id":"H01519","district":"Алатау","ecorisk":6.7,"ecorisk_oof":6.56,"high_risk_prob":0.988,"ndvi":0.285,"lst_c":29.3,"reports":32,"landuse":"Пустырь"}},{"type":"Feature","geometry":{"type":"Point","coordinates":[76.89622,43.30554]},"properties":{"hex_id":"H01520","district":"Алатау","ecorisk":7.13,"ecorisk_oof":7.12,"high_risk_prob":0.987,"ndvi":0.267,"lst_c":28.8,"reports":11,"landuse":"Транспорт"}},{"type":"Feature","geometry":{"type":"Point","coordinates":[76.90372,43.30554]},"properties":{"hex_id":"H01521","district":"Алатау","ecorisk":6.19,"ecorisk_oof":6.27,"high_risk_prob":0.899,"ndvi":0.274,"lst_c":31.1,"reports":12,"landuse":"Пустырь"}},{"type":"Feature","geometry":{"type":"Point","coordinates":[76.91122,43.30554]},"properties":{"hex_id":"H01522","district":"Алатау","ecorisk":7.75,"ecorisk_oof":7.96,"high_risk_prob":0.997,"ndvi":0.202,"lst_c":30.0,"reports":43,"landuse":"Парк/сквер"}},{"type":"Feature","geometry":{"type":"Point","coordinates":[76.91872,43.30554]},"properties":{"hex_id":"H01523","district":"Алатау","ecorisk":6.92,"ecorisk_oof":7.05,"high_risk_prob":0.969,"ndvi":0.285,"lst_c":29.9,"reports":7,"landuse":"Жилая"}},{"type":"Feature","geometry":{"type":"Point","coordinates":[76.92621,43.30554]},"properties":{"hex_id":"H01524","district":"Турксиб","ecorisk":6.97,"ecorisk_oof":7.38,"high_risk_prob":0.832,"ndvi":0.21,"lst_c":31.4,"reports":7,"landuse":"Жилая"}},{"type":"Feature","geometry":{"type":"Point","coordinates":[76.93371,43.30554]},"properties":{"hex_id":"H01525","district":"Турксиб","ecorisk":7.66,"ecorisk_oof":7.71,"high_risk_prob":0.997,"ndvi":0.181,"lst_c":30.6,"reports":32,"landuse":"Парк/сквер"}},{"type":"Feature","geometry":{"type":"Point","coordinates":[76.94121,43.30554]},"properties":{"hex_id":"H01526","district":"Турксиб","ecorisk":7.44,"ecorisk_oof":7.28,"high_risk_prob":0.992,"ndvi":0.218,"lst_c":32.2,"reports":29,"landuse":"Парк/сквер"}},{"type":"Feature","geometry":{"type":"Point","coordinates":[76.94871,43.30554]},"properties":{"hex_id":"H01527","district":"Турксиб","ecorisk":6.21,"ecorisk_oof":6.47,"high_risk_prob":0.442,"ndvi":0.305,"lst_c":30.5,"reports":5,"landuse":"Транспорт"}},{"type":"Feature","geometry":{"type":"Point","coordinates":[76.95621,43.30554]},"properties":{"hex_id":"H01528","district":"Турксиб","ecorisk":6.52,"ecorisk_oof":6.25,"high_risk_prob":0.457,"ndvi":0.299,"lst_c":27.0,"reports":12,"landuse":"Промышленная"}},{"type":"Feature","geometry":{"type":"Point","coordinates":[76.9637,43.30554]},"properties":{"hex_id":"H01529","district":"Турксиб","ecorisk":5.29,"ecorisk_oof":5.75,"high_risk_prob":0.074,"ndvi":0.253,"lst_c":29.1,"reports":6,"landuse":"Транспорт"}},{"type":"Feature","geometry":{"type":"Point","coordinates":[76.9712,43.30554]},"properties":{"hex_id":"H01530","district":"Турксиб","ecorisk":5.53,"ecorisk_oof":5.81,"high_risk_prob":0.023,"ndvi":0.363,"lst_c":25.2,"reports":17,"landuse":"Пустырь"}},{"type":"Feature","geometry":{"type":"Point","coordinates":[76.9787,43.30554]},"properties":{"hex_id":"H01531","district":"Турксиб","ecorisk":5.99,"ecorisk_oof":6.25,"high_risk_prob":0.718,"ndvi":0.276,"lst_c":27.5,"reports":24,"landuse":"Коммерческая"}},{"type":"Feature","geometry":{"type":"Point","coordinates":[76.9862,43.30554]},"properties":{"hex_id":"H01532","district":"Турксиб","ecorisk":4.94,"ecorisk_oof":5.12,"high_risk_prob":0.005,"ndvi":0.312,"lst_c":26.7,"reports":3,"landuse":"Парк/сквер"}},{"type":"Feature","geometry":{"type":"Point","coordinates":[76.9937,43.30554]},"properties":{"hex_id":"H01533","district":"Турксиб","ecorisk":5.0,"ecorisk_oof":5.07,"high_risk_prob":0.001,"ndvi":0.337,"lst_c":25.8,"reports":2,"landuse":"Коммерческая"}},{"type":"Feature","geometry":{"type":"Point","coordinates":[77.00119,43.30554]},"properties":{"hex_id":"H01534","district":"Турксиб","ecorisk":5.16,"ecorisk_oof":5.51,"high_risk_prob":0.008,"ndvi":0.385,"lst_c":26.0,"reports":12,"landuse":"Жилая"}},{"type":"Feature","geometry":{"type":"Point","coordinates":[77.00869,43.30554]},"properties":{"hex_id":"H01535","district":"Турксиб","ecorisk":4.66,"ecorisk_oof":4.47,"high_risk_prob":0.002,"ndvi":0.403,"lst_c":26.2,"reports":20,"landuse":"Пустырь"}},{"type":"Feature","geometry":{"type":"Point","coordinates":[77.01619,43.30554]},"properties":{"hex_id":"H01536","district":"Турксиб","ecorisk":4.48,"ecorisk_oof":4.74,"high_risk_prob":0.001,"ndvi":0.365,"lst_c":25.0,"reports":3,"landuse":"Парк/сквер"}},{"type":"Feature","geometry":{"type":"Point","coordinates":[77.02369,43.30554]},"properties":{"hex_id":"H01537","district":"Турксиб","ecorisk":4.91,"ecorisk_oof":5.15,"high_risk_prob":0.001,"ndvi":0.362,"lst_c":23.1,"reports":26,"landuse":"Пустырь"}},{"type":"Feature","geometry":{"type":"Point","coordinates":[77.03119,43.30554]},"properties":{"hex_id":"H01538","district":"Турксиб","ecorisk":4.87,"ecorisk_oof":4.82,"high_risk_prob":0.001,"ndvi":0.378,"lst_c":23.9,"reports":10,"landuse":"Пустырь"}},{"type":"Feature","geometry":{"type":"Point","coordinates":[77.03869,43.30554]},"properties":{"hex_id":"H01539","district":"Турксиб","ecorisk":3.78,"ecorisk_oof":3.55,"high_risk_prob":0.002,"ndvi":0.456,"lst_c":25.2,"reports":1,"landuse":"Парк/сквер"}},{"type":"Feature","geometry":{"type":"Point","coordinates":[77.04618,43.30554]},"properties":{"hex_id":"H01540","district":"Турксиб","ecorisk":5.38,"ecorisk_oof":5.29,"high_risk_prob":0.001,"ndvi":0.319,"lst_c":23.1,"reports":14,"landuse":"Пустырь"}},{"type":"Feature","geometry":{"type":"Point","coordinates":[77.05368,43.30554]},"properties":{"hex_id":"H01541","district":"Турксиб","ecorisk":4.27,"ecorisk_oof":4.08,"high_risk_prob":0.0,"ndvi":0.437,"lst_c":23.7,"reports":18,"landuse":"Промышленная"}},{"type":"Feature","geometry":{"type":"Point","coordinates":[77.06118,43.30554]},"properties":{"hex_id":"H01542","district":"Турксиб","ecorisk":4.57,"ecorisk_oof":4.48,"high_risk_prob":0.0,"ndvi":0.404,"lst_c":23.5,"reports":9,"landuse":"Промышленная"}},{"type":"Feature","geometry":{"type":"Point","coordinates":[77.06868,43.30554]},"properties":{"hex_id":"H01543","district":"Турксиб","ecorisk":4.55,"ecorisk_oof":4.4,"high_risk_prob":0.001,"ndvi":0.357,"lst_c":24.1,"reports":10,"landuse":"Пустырь"}},{"type":"Feature","geometry":{"type":"Point","coordinates":[77.07618,43.30554]},"properties":{"hex_id":"H01544","district":"Турксиб","ecorisk":3.78,"ecorisk_oof":3.56,"high_risk_prob":0.0,"ndvi":0.478,"lst_c":23.4,"reports":2,"landuse":"Парк/сквер"}},{"type":"Feature","geometry":{"type":"Point","coordinates":[77.08367,43.30554]},"properties":{"hex_id":"H01545","district":"Турксиб","ecorisk":3.52,"ecorisk_oof":3.61,"high_risk_prob":0.0,"ndvi":0.407,"lst_c":23.8,"reports":3,"landuse":"Парк/сквер"}},{"type":"Feature","geometry":{"type":"Point","coordinates":[77.09117,43.30554]},"properties":{"hex_id":"H01546","district":"Турксиб","ecorisk":4.75,"ecorisk_oof":4.79,"high_risk_prob":0.001,"ndvi":0.402,"lst_c":22.9,"reports":15,"landuse":"Пустырь"}},{"type":"Feature","geometry":{"type":"Point","coordinates":[77.09867,43.30554]},"properties":{"hex_id":"H01547","district":"Турксиб","ecorisk":4.8,"ecorisk_oof":5.22,"high_risk_prob":0.001,"ndvi":0.434,"lst_c":23.8,"reports":8,"landuse":"Парк/сквер"}},{"type":"Feature","geometry":{"type":"Point","coordinates":[76.78,43.31027]},"properties":{"hex_id":"H01548","district":"Алатау","ecorisk":5.41,"ecorisk_oof":5.19,"high_risk_prob":0.001,"ndvi":0.36,"lst_c":25.1,"reports":8,"landuse":"Пустырь"}},{"type":"Feature","geometry":{"type":"Point","coordinates":[76.7875,43.31027]},"properties":{"hex_id":"H01549","district":"Алатау","ecorisk":4.9,"ecorisk_oof":5.01,"high_risk_prob":0.001,"ndvi":0.411,"lst_c":24.2,"reports":23,"landuse":"Пустырь"}},{"type":"Feature","geometry":{"type":"Point","coordinates":[76.795,43.31027]},"properties":{"hex_id":"H01550","district":"Алатау","ecorisk":4.71,"ecorisk_oof":4.84,"high_risk_prob":0.005,"ndvi":0.337,"lst_c":25.3,"reports":20,"landuse":"Пустырь"}},{"type":"Feature","geometry":{"type":"Point","coordinates":[76.80249,43.31027]},"properties":{"hex_id":"H01551","district":"Алатау","ecorisk":5.23,"ecorisk_oof":4.92,"high_risk_prob":0.005,"ndvi":0.302,"lst_c":26.2,"reports":1,"landuse":"Транспорт"}},{"type":"Feature","geometry":{"type":"Point","coordinates":[76.80999,43.31027]},"properties":{"hex_id":"H01552","district":"Алатау","ecorisk":5.11,"ecorisk_oof":4.78,"high_risk_prob":0.004,"ndvi":0.419,"lst_c":22.7,"reports":20,"landuse":"Жилая"}},{"type":"Feature","geometry":{"type":"Point","coordinates":[76.81749,43.31027]},"properties":{"hex_id":"H01553","district":"Алатау","ecorisk":4.38,"ecorisk_oof":4.34,"high_risk_prob":0.001,"ndvi":0.447,"lst_c":24.6,"reports":6,"landuse":"Парк/сквер"}},{"type":"Feature","geometry":{"type":"Point","coordinates":[76.82499,43.31027]},"properties":{"hex_id":"H01554","district":"Алатау","ecorisk":5.49,"ecorisk_oof":5.26,"high_risk_prob":0.025,"ndvi":0.376,"lst_c":24.1,"reports":21,"landuse":"Пустырь"}},{"type":"Feature","geometry":{"type":"Point","coordinates":[76.83249,43.31027]},"properties":{"hex_id":"H01555","district":"Алатау","ecorisk":5.3,"ecorisk_oof":5.55,"high_risk_prob":0.005,"ndvi":0.332,"lst_c":27.1,"reports":16,"landuse":"Пустырь"}},{"type":"Feature","geometry":{"type":"Point","coordinates":[76.83999,43.31027]},"properties":{"hex_id":"H01556","district":"Алатау","ecorisk":5.08,"ecorisk_oof":4.79,"high_risk_prob":0.002,"ndvi":0.359,"lst_c":27.2,"reports":3,"landuse":"Пустырь"}},{"type":"Feature","geometry":{"type":"Point","coordinates":[76.84748,43.31027]},"properties":{"hex_id":"H01557","district":"Алатау","ecorisk":5.66,"ecorisk_oof":5.67,"high_risk_prob":0.017,"ndvi":0.36,"lst_c":27.0,"reports":22,"landuse":"Пустырь"}},{"type":"Feature","geometry":{"type":"Point","coordinates":[76.85498,43.31027]},"properties":{"hex_id":"H01558","district":"Алатау","ecorisk":4.92,"ecorisk_oof":4.82,"high_risk_prob":0.005,"ndvi":0.366,"lst_c":27.5,"reports":0,"landuse":"Жилая"}},{"type":"Feature","geometry":{"type":"Point","coordinates":[76.86248,43.31027]},"properties":{"hex_id":"H01559","district":"Алатау","ecorisk":5.99,"ecorisk_oof":6.08,"high_risk_prob":0.264,"ndvi":0.295,"lst_c":26.4,"reports":26,"landuse":"Промышленная"}},{"type":"Feature","geometry":{"type":"Point","coordinates":[76.86998,43.31027]},"properties":{"hex_id":"H01560","district":"Алатау","ecorisk":5.76,"ecorisk_oof":5.55,"high_risk_prob":0.019,"ndvi":0.253,"lst_c":29.0,"reports":5,"landuse":"Жилая"}},{"type":"Feature","geometry":{"type":"Point","coordinates":[76.87748,43.31027]},"properties":{"hex_id":"H01561","district":"Алатау","ecorisk":6.37,"ecorisk_oof":6.25,"high_risk_prob":0.531,"ndvi":0.339,"lst_c":28.5,"reports":5,"landuse":"Жилая"}},{"type":"Feature","geometry":{"type":"Point","coordinates":[76.88497,43.31027]},"properties":{"hex_id":"H01562","district":"Алатау","ecorisk":5.91,"ecorisk_oof":5.92,"high_risk_prob":0.102,"ndvi":0.254,"lst_c":29.6,"reports":6,"landuse":"Коммерческая"}},{"type":"Feature","geometry":{"type":"Point","coordinates":[76.89247,43.31027]},"properties":{"hex_id":"H01563","district":"Алатау","ecorisk":6.34,"ecorisk_oof":6.15,"high_risk_prob":0.224,"ndvi":0.233,"lst_c":26.9,"reports":10,"landuse":"Пустырь"}},{"type":"Feature","geometry":{"type":"Point","coordinates":[76.89997,43.31027]},"properties":{"hex_id":"H01564","district":"Алатау","ecorisk":7.03,"ecorisk_oof":7.26,"high_risk_prob":0.985,"ndvi":0.179,"lst_c":29.4,"reports":11,"landuse":"Транспорт"}},{"type":"Feature","geometry":{"type":"Point","coordinates":[76.90747,43.31027]},"properties":{"hex_id":"H01565","district":"Алатау","ecorisk":6.11,"ecorisk_oof":5.84,"high_risk_prob":0.021,"ndvi":0.25,"lst_c":29.8,"reports":6,"landuse":"Жилая"}},{"type":"Feature","geometry":{"type":"Point","coordinates":[76.91497,43.31027]},"properties":{"hex_id":"H01566","district":"Алатау","ecorisk":6.87,"ecorisk_oof":6.87,"high_risk_prob":0.899,"ndvi":0.268,"lst_c":28.5,"reports":9,"landuse":"Парк/сквер"}},{"type":"Feature","geometry":{"type":"Point","coordinates":[76.92246,43.31027]},"properties":{"hex_id":"H01567","district":"Алатау","ecorisk":7.29,"ecorisk_oof":6.7,"high_risk_prob":0.834,"ndvi":0.239,"lst_c":28.2,"reports":3,"landuse":"Жилая"}},{"type":"Feature","geometry":{"type":"Point","coordinates":[76.92996,43.31027]},"properties":{"hex_id":"H01568","district":"Турксиб","ecorisk":6.82,"ecorisk_oof":6.93,"high_risk_prob":0.995,"ndvi":0.311,"lst_c":29.6,"reports":34,"landuse":"Пустырь"}},{"type":"Feature","geometry":{"type":"Point","coordinates":[76.93746,43.31027]},"properties":{"hex_id":"H01569","district":"Турксиб","ecorisk":6.41,"ecorisk_oof":6.15,"high_risk_prob":0.046,"ndvi":0.233,"lst_c":28.7,"reports":10,"landuse":"Пустырь"}},{"type":"Feature","geometry":{"type":"Point","coordinates":[76.94496,43.31027]},"properties":{"hex_id":"H01570","district":"Турксиб","ecorisk":5.95,"ecorisk_oof":5.54,"high_risk_prob":0.177,"ndvi":0.226,"lst_c":27.2,"reports":2,"landuse":"Жилая"}},{"type":"Feature","geometry":{"type":"Point","coordinates":[76.95246,43.31027]},"properties":{"hex_id":"H01571","district":"Турксиб","ecorisk":5.62,"ecorisk_oof":5.42,"high_risk_prob":0.041,"ndvi":0.223,"lst_c":26.6,"reports":5,"landuse":"Транспорт"}},{"type":"Feature","geometry":{"type":"Point","coordinates":[76.95996,43.31027]},"properties":{"hex_id":"H01572","district":"Турксиб","ecorisk":5.32,"ecorisk_oof":5.34,"high_risk_prob":0.008,"ndvi":0.34,"lst_c":27.1,"reports":4,"landuse":"Парк/сквер"}},{"type":"Feature","geometry":{"type":"Point","coordinates":[76.96745,43.31027]},"properties":{"hex_id":"H01573","district":"Турксиб","ecorisk":7.06,"ecorisk_oof":6.94,"high_risk_prob":0.992,"ndvi":0.273,"lst_c":27.4,"reports":30,"landuse":"Пустырь"}},{"type":"Feature","geometry":{"type":"Point","coordinates":[76.97495,43.31027]},"properties":{"hex_id":"H01574","district":"Турксиб","ecorisk":4.65,"ecorisk_oof":4.8,"high_risk_prob":0.001,"ndvi":0.343,"lst_c":27.1,"reports":11,"landuse":"Промышленная"}},{"type":"Feature","geometry":{"type":"Point","coordinates":[76.98245,43.31027]},"properties":{"hex_id":"H01575","district":"Турксиб","ecorisk":5.57,"ecorisk_oof":5.36,"high_risk_prob":0.023,"ndvi":0.357,"lst_c":24.4,"reports":5,"landuse":"Пустырь"}},{"type":"Feature","geometry":{"type":"Point","coordinates":[76.98995,43.31027]},"properties":{"hex_id":"H01576","district":"Турксиб","ecorisk":4.27,"ecorisk_oof":4.4,"high_risk_prob":0.001,"ndvi":0.398,"lst_c":23.7,"reports":3,"landuse":"Жилая"}},{"type":"Feature","geometry":{"type":"Point","coordinates":[76.99745,43.31027]},"properties":{"hex_id":"H01577","district":"Турксиб","ecorisk":3.85,"ecorisk_oof":3.84,"high_risk_prob":0.0,"ndvi":0.395,"lst_c":22.1,"reports":1,"landuse":"Пустырь"}},{"type":"Feature","geometry":{"type":"Point","coordinates":[77.00494,43.31027]},"properties":{"hex_id":"H01578","district":"Турксиб","ecorisk":4.89,"ecorisk_oof":4.57,"high_risk_prob":0.001,"ndvi":0.349,"lst_c":25.4,"reports":11,"landuse":"Парк/сквер"}},{"type":"Feature","geometry":{"type":"Point","coordinates":[77.01244,43.31027]},"properties":{"hex_id":"H01579","district":"Турксиб","ecorisk":3.92,"ecorisk_oof":3.64,"high_risk_prob":0.0,"ndvi":0.355,"lst_c":22.7,"reports":0,"landuse":"Парк/сквер"}},{"type":"Feature","geometry":{"type":"Point","coordinates":[77.01994,43.31027]},"properties":{"hex_id":"H01580","district":"Турксиб","ecorisk":4.2,"ecorisk_oof":4.22,"high_risk_prob":0.0,"ndvi":0.386,"lst_c":24.1,"reports":3,"landuse":"Жилая"}},{"type":"Feature","geometry":{"type":"Point","coordinates":[77.02744,43.31027]},"properties":{"hex_id":"H01581","district":"Турксиб","ecorisk":4.42,"ecorisk_oof":4.47,"high_risk_prob":0.002,"ndvi":0.403,"lst_c":23.8,"reports":14,"landuse":"Пустырь"}},{"type":"Feature","geometry":{"type":"Point","coordinates":[77.03494,43.31027]},"properties":{"hex_id":"H01582","district":"Турксиб","ecorisk":4.53,"ecorisk_oof":4.39,"high_risk_prob":0.001,"ndvi":0.42,"lst_c":22.8,"reports":4,"landuse":"Жилая"}},{"type":"Feature","geometry":{"type":"Point","coordinates":[77.04243,43.31027]},"properties":{"hex_id":"H01583","district":"Турксиб","ecorisk":5.05,"ecorisk_oof":5.1,"high_risk_prob":0.001,"ndvi":0.418,"lst_c":24.7,"reports":10,"landuse":"Парк/сквер"}},{"type":"Feature","geometry":{"type":"Point","coordinates":[77.04993,43.31027]},"properties":{"hex_id":"H01584","district":"Турксиб","ecorisk":4.4,"ecorisk_oof":4.13,"high_risk_prob":0.001,"ndvi":0.418,"lst_c":24.8,"reports":2,"landuse":"Пустырь"}},{"type":"Feature","geometry":{"type":"Point","coordinates":[77.05743,43.31027]},"properties":{"hex_id":"H01585","district":"Турксиб","ecorisk":5.01,"ecorisk_oof":5.13,"high_risk_prob":0.001,"ndvi":0.335,"lst_c":22.9,"reports":7,"landuse":"Жилая"}},{"type":"Feature","geometry":{"type":"Point","coordinates":[77.06493,43.31027]},"properties":{"hex_id":"H01586","district":"Турксиб","ecorisk":3.99,"ecorisk_oof":4.3,"high_risk_prob":0.0,"ndvi":0.351,"lst_c":22.0,"reports":17,"landuse":"Жилая"}},{"type":"Feature","geometry":{"type":"Point","coordinates":[77.07243,43.31027]},"properties":{"hex_id":"H01587","district":"Турксиб","ecorisk":4.08,"ecorisk_oof":4.06,"high_risk_prob":0.001,"ndvi":0.365,"lst_c":24.8,"reports":3,"landuse":"Парк/сквер"}},{"type":"Feature","geometry":{"type":"Point","coordinates":[77.07993,43.31027]},"properties":{"hex_id":"H01588","district":"Турксиб","ecorisk":3.73,"ecorisk_oof":3.91,"high_risk_prob":0.0,"ndvi":0.416,"lst_c":24.3,"reports":3,"landuse":"Промышленная"}},{"type":"Feature","geometry":{"type":"Point","coordinates":[77.08742,43.31027]},"properties":{"hex_id":"H01589","district":"Турксиб","ecorisk":4.25,"ecorisk_oof":4.63,"high_risk_prob":0.0,"ndvi":0.353,"lst_c":22.1,"reports":8,"landuse":"Пустырь"}},{"type":"Feature","geometry":{"type":"Point","coordinates":[77.09492,43.31027]},"properties":{"hex_id":"H01590","district":"Турксиб","ecorisk":3.78,"ecorisk_oof":3.79,"high_risk_prob":0.001,"ndvi":0.544,"lst_c":23.1,"reports":1,"landuse":"Пустырь"}},{"type":"Feature","geometry":{"type":"Point","coordinates":[76.78375,43.315]},"properties":{"hex_id":"H01591","district":"Алатау","ecorisk":4.45,"ecorisk_oof":4.61,"high_risk_prob":0.002,"ndvi":0.342,"lst_c":22.4,"reports":1,"landuse":"Пустырь"}},{"type":"Feature","geometry":{"type":"Point","coordinates":[76.79125,43.315]},"properties":{"hex_id":"H01592","district":"Алатау","ecorisk":4.78,"ecorisk_oof":4.89,"high_risk_prob":0.005,"ndvi":0.337,"lst_c":25.3,"reports":14,"landuse":"Коммерческая"}},{"type":"Feature","geometry":{"type":"Point","coordinates":[76.79875,43.315]},"properties":{"hex_id":"H01593","district":"Алатау","ecorisk":5.86,"ecorisk_oof":5.76,"high_risk_prob":0.006,"ndvi":0.298,"lst_c":26.6,"reports":27,"landuse":"Пустырь"}},{"type":"Feature","geometry":{"type":"Point","coordinates":[76.80624,43.315]},"properties":{"hex_id":"H01594","district":"Алатау","ecorisk":4.79,"ecorisk_oof":4.61,"high_risk_prob":0.004,"ndvi":0.38,"lst_c":21.5,"reports":1,"landuse":"Парк/сквер"}},{"type":"Feature","geometry":{"type":"Point","coordinates":[76.81374,43.315]},"properties":{"hex_id":"H01595","district":"Алатау","ecorisk":3.8,"ecorisk_oof":3.88,"high_risk_prob":0.001,"ndvi":0.425,"lst_c":22.3,"reports":2,"landuse":"Транспорт"}},{"type":"Feature","geometry":{"type":"Point","coordinates":[76.82124,43.315]},"properties":{"hex_id":"H01596","district":"Алатау","ecorisk":4.96,"ecorisk_oof":5.14,"high_risk_prob":0.001,"ndvi":0.358,"lst_c":24.0,"reports":3,"landuse":"Пустырь"}},{"type":"Feature","geometry":{"type":"Point","coordinates":[76.82874,43.315]},"properties":{"hex_id":"H01597","district":"Алатау","ecorisk":4.85,"ecorisk_oof":5.29,"high_risk_prob":0.003,"ndvi":0.325,"lst_c":25.3,"reports":4,"landuse":"Жилая"}},{"type":"Feature","geometry":{"type":"Point","coordinates":[76.83624,43.315]},"properties":{"hex_id":"H01598","district":"Алатау","ecorisk":5.58,"ecorisk_oof":5.61,"high_risk_prob":0.295,"ndvi":0.286,"lst_c":25.5,"reports":14,"landuse":"Транспорт"}},{"type":"Feature","geometry":{"type":"Point","coordinates":[76.84373,43.315]},"properties":{"hex_id":"H01599","district":"Алатау","ecorisk":5.3,"ecorisk_oof":5.21,"high_risk_prob":0.006,"ndvi":0.304,"lst_c":26.2,"reports":2,"landuse":"Пустырь"}},{"type":"Feature","geometry":{"type":"Point","coordinates":[76.85123,43.315]},"properties":{"hex_id":"H01600","district":"Алатау","ecorisk":5.74,"ecorisk_oof":5.59,"high_risk_prob":0.017,"ndvi":0.322,"lst_c":25.9,"reports":6,"landuse":"Пустырь"}},{"type":"Feature","geometry":{"type":"Point","coordinates":[76.85873,43.315]},"properties":{"hex_id":"H01601","district":"Алатау","ecorisk":5.48,"ecorisk_oof":5.24,"high_risk_prob":0.013,"ndvi":0.335,"lst_c":26.2,"reports":21,"landuse":"Пустырь"}},{"type":"Feature","geometry":{"type":"Point","coordinates":[76.86623,43.315]},"properties":{"hex_id":"H01602","district":"Алатау","ecorisk":6.78,"ecorisk_oof":6.39,"high_risk_prob":0.939,"ndvi":0.275,"lst_c":30.4,"reports":10,"landuse":"Промышленная"}},{"type":"Feature","geometry":{"type":"Point","coordinates":[76.87373,43.315]},"properties":{"hex_id":"H01603","district":"Алатау","ecorisk":5.37,"ecorisk_oof":5.31,"high_risk_prob":0.003,"ndvi":0.335,"lst_c":27.3,"reports":10,"landuse":"Парк/сквер"}},{"type":"Feature","geometry":{"type":"Point","coordinates":[76.88122,43.315]},"properties":{"hex_id":"H01604","district":"Алатау","ecorisk":6.3,"ecorisk_oof":5.82,"high_risk_prob":0.053,"ndvi":0.258,"lst_c":28.2,"reports":12,"landuse":"Жилая"}},{"type":"Feature","geometry":{"type":"Point","coordinates":[76.88872,43.315]},"properties":{"hex_id":"H01605","district":"Алатау","ecorisk":6.3,"ecorisk_oof":6.22,"high_risk_prob":0.647,"ndvi":0.22,"lst_c":29.7,"reports":4,"landuse":"Промышленная"}},{"type":"Feature","geometry":{"type":"Point","coordinates":[76.89622,43.315]},"properties":{"hex_id":"H01606","district":"Алатау","ecorisk":6.41,"ecorisk_oof":6.37,"high_risk_prob":0.627,"ndvi":0.251,"lst_c":29.2,"reports":20,"landuse":"Пустырь"}},{"type":"Feature","geometry":{"type":"Point","coordinates":[76.90372,43.315]},"properties":{"hex_id":"H01607","district":"Алатау","ecorisk":7.01,"ecorisk_oof":6.5,"high_risk_prob":0.958,"ndvi":0.273,"lst_c":28.3,"reports":11,"landuse":"Жилая"}},{"type":"Feature","geometry":{"type":"Point","coordinates":[76.91122,43.315]},"properties":{"hex_id":"H01608","district":"Алатау","ecorisk":6.31,"ecorisk_oof":6.28,"high_risk_prob":0.898,"ndvi":0.361,"lst_c":28.0,"reports":17,"landuse":"Промышленная"}},{"type":"Feature","geometry":{"type":"Point","coordinates":[76.91872,43.315]},"properties":{"hex_id":"H01609","district":"Алатау","ecorisk":6.09,"ecorisk_oof":6.0,"high_risk_prob":0.254,"ndvi":0.328,"lst_c":27.9,"reports":3,"landuse":"Жилая"}},{"type":"Feature","geometry":{"type":"Point","coordinates":[76.92621,43.315]},"properties":{"hex_id":"H01610","district":"Турксиб","ecorisk":6.1,"ecorisk_oof":6.38,"high_risk_prob":0.364,"ndvi":0.272,"lst_c":27.6,"reports":6,"landuse":"Транспорт"}},{"type":"Feature","geometry":{"type":"Point","coordinates":[76.93371,43.315]},"properties":{"hex_id":"H01611","district":"Турксиб","ecorisk":6.03,"ecorisk_oof":6.14,"high_risk_prob":0.037,"ndvi":0.29,"lst_c":27.5,"reports":36,"landuse":"Промышленная"}},{"type":"Feature","geometry":{"type":"Point","coordinates":[76.94121,43.315]},"properties":{"hex_id":"H01612","district":"Турксиб","ecorisk":5.9,"ecorisk_oof":5.59,"high_risk_prob":0.104,"ndvi":0.285,"lst_c":30.0,"reports":4,"landuse":"Жилая"}},{"type":"Feature","geometry":{"type":"Point","coordinates":[76.94871,43.315]},"properties":{"hex_id":"H01613","district":"Турксиб","ecorisk":6.87,"ecorisk_oof":6.61,"high_risk_prob":0.989,"ndvi":0.246,"lst_c":26.3,"reports":24,"landuse":"Промышленная"}},{"type":"Feature","geometry":{"type":"Point","coordinates":[76.95621,43.315]},"properties":{"hex_id":"H01614","district":"Турксиб","ecorisk":5.8,"ecorisk_oof":5.68,"high_risk_prob":0.021,"ndvi":0.352,"lst_c":27.2,"reports":38,"landuse":"Жилая"}},{"type":"Feature","geometry":{"type":"Point","coordinates":[76.9637,43.315]},"properties":{"hex_id":"H01615","district":"Турксиб","ecorisk":5.42,"ecorisk_oof":5.02,"high_risk_prob":0.01,"ndvi":0.281,"lst_c":25.6,"reports":2,"landuse":"Парк/сквер"}},{"type":"Feature","geometry":{"type":"Point","coordinates":[76.9712,43.315]},"properties":{"hex_id":"H01616","district":"Турксиб","ecorisk":5.42,"ecorisk_oof":5.48,"high_risk_prob":0.009,"ndvi":0.351,"lst_c":24.4,"reports":15,"landuse":"Жилая"}},{"type":"Feature","geometry":{"type":"Point","coordinates":[76.9787,43.315]},"properties":{"hex_id":"H01617","district":"Турксиб","ecorisk":4.86,"ecorisk_oof":4.9,"high_risk_prob":0.018,"ndvi":0.328,"lst_c":25.7,"reports":19,"landuse":"Пустырь"}},{"type":"Feature","geometry":{"type":"Point","coordinates":[76.9862,43.315]},"properties":{"hex_id":"H01618","district":"Турксиб","ecorisk":5.1,"ecorisk_oof":5.01,"high_risk_prob":0.002,"ndvi":0.339,"lst_c":25.8,"reports":4,"landuse":"Парк/сквер"}},{"type":"Feature","geometry":{"type":"Point","coordinates":[76.9937,43.315]},"properties":{"hex_id":"H01619","district":"Турксиб","ecorisk":5.31,"ecorisk_oof":5.38,"high_risk_prob":0.007,"ndvi":0.319,"lst_c":25.0,"reports":10,"landuse":"Пустырь"}},{"type":"Feature","geometry":{"type":"Point","coordinates":[77.00119,43.315]},"properties":{"hex_id":"H01620","district":"Турксиб","ecorisk":4.13,"ecorisk_oof":4.15,"high_risk_prob":0.0,"ndvi":0.363,"lst_c":24.2,"reports":0,"landuse":"Жилая"}},{"type":"Feature","geometry":{"type":"Point","coordinates":[77.00869,43.315]},"properties":{"hex_id":"H01621","district":"Турксиб","ecorisk":4.89,"ecorisk_oof":4.49,"high_risk_prob":0.001,"ndvi":0.416,"lst_c":24.5,"reports":10,"landuse":"Промышленная"}},{"type":"Feature","geometry":{"type":"Point","coordinates":[77.01619,43.315]},"properties":{"hex_id":"H01622","district":"Турксиб","ecorisk":3.77,"ecorisk_oof":3.33,"high_risk_prob":0.0,"ndvi":0.442,"lst_c":22.4,"reports":3,"landuse":"Пустырь"}},{"type":"Feature","geometry":{"type":"Point","coordinates":[77.02369,43.315]},"properties":{"hex_id":"H01623","district":"Турксиб","ecorisk":4.27,"ecorisk_oof":4.35,"high_risk_prob":0.0,"ndvi":0.364,"lst_c":23.9,"reports":2,"landuse":"Жилая"}},{"type":"Feature","geometry":{"type":"Point","coordinates":[77.03119,43.315]},"properties":{"hex_id":"H01624","district":"Турксиб","ecorisk":5.21,"ecorisk_oof":5.13,"high_risk_prob":0.008,"ndvi":0.39,"lst_c":24.0,"reports":30,"landuse":"Пустырь"}},{"type":"Feature","geometry":{"type":"Point","coordinates":[77.03869,43.315]},"properties":{"hex_id":"H01625","district":"Турксиб","ecorisk":5.65,"ecorisk_oof":5.96,"high_risk_prob":0.012,"ndvi":0.393,"lst_c":22.1,"reports":37,"landuse":"Пустырь"}},{"type":"Feature","geometry":{"type":"Point","coordinates":[77.04618,43.315]},"properties":{"hex_id":"H01626","district":"Турксиб","ecorisk":3.31,"ecorisk_oof":3.46,"high_risk_prob":0.0,"ndvi":0.488,"lst_c":23.6,"reports":3,"landuse":"Пустырь"}},{"type":"Feature","geometry":{"type":"Point","coordinates":[77.05368,43.315]},"properties":{"hex_id":"H01627","district":"Турксиб","ecorisk":4.3,"ecorisk_oof":4.05,"high_risk_prob":0.0,"ndvi":0.35,"lst_c":26.1,"reports":1,"landuse":"Парк/сквер"}},{"type":"Feature","geometry":{"type":"Point","coordinates":[77.06118,43.315]},"properties":{"hex_id":"H01628","district":"Турксиб","ecorisk":3.66,"ecorisk_oof":3.74,"high_risk_prob":0.0,"ndvi":0.438,"lst_c":21.6,"reports":1,"landuse":"Транспорт"}},{"type":"Feature","geometry":{"type":"Point","coordinates":[77.06868,43.315]},"properties":{"hex_id":"H01629","district":"Турксиб","ecorisk":4.42,"ecorisk_oof":4.41,"high_risk_prob":0.001,"ndvi":0.445,"lst_c":22.2,"reports":12,"landuse":"Пустырь"}},{"type":"Feature","geometry":{"type":"Point","coordinates":[77.07618,43.315]},"properties":{"hex_id":"H01630","district":"Турксиб","ecorisk":5.69,"ecorisk_oof":5.74,"high_risk_prob":0.005,"ndvi":0.328,"lst_c":22.9,"reports":20,"landuse":"Пустырь"}},{"type":"Feature","geometry":{"type":"Point","coordinates":[77.08367,43.315]},"properties":{"hex_id":"H01631","district":"Турксиб","ecorisk":3.97,"ecorisk_oof":4.12,"high_risk_prob":0.0,"ndvi":0.366,"lst_c":23.0,"reports":0,"landuse":"Жилая"}},{"type":"Feature","geometry":{"type":"Point","coordinates":[77.09117,43.315]},"properties":{"hex_id":"H01632","district":"Турксиб","ecorisk":3.88,"ecorisk_oof":3.89,"high_risk_prob":0.0,"ndvi":0.338,"lst_c":26.0,"reports":1,"landuse":"Жилая"}},{"type":"Feature","geometry":{"type":"Point","coordinates":[77.09867,43.315]},"properties":{"hex_id":"H01633","district":"Турксиб","ecorisk":4.64,"ecorisk_oof":4.12,"high_risk_prob":0.0,"ndvi":0.384,"lst_c":24.9,"reports":4,"landuse":"Пустырь"}},{"type":"Feature","geometry":{"type":"Point","coordinates":[76.78,43.31973]},"properties":{"hex_id":"H01634","district":"Алатау","ecorisk":5.67,"ecorisk_oof":5.61,"high_risk_prob":0.053,"ndvi":0.405,"lst_c":21.5,"reports":27,"landuse":"Пустырь"}},{"type":"Feature","geometry":{"type":"Point","coordinates":[76.7875,43.31973]},"properties":{"hex_id":"H01635","district":"Алатау","ecorisk":5.24,"ecorisk_oof":5.2,"high_risk_prob":0.006,"ndvi":0.359,"lst_c":25.9,"reports":23,"landuse":"Пустырь"}},{"type":"Feature","geometry":{"type":"Point","coordinates":[76.795,43.31973]},"properties":{"hex_id":"H01636","district":"Алатау","ecorisk":4.93,"ecorisk_oof":4.66,"high_risk_prob":0.002,"ndvi":0.316,"lst_c":24.8,"reports":2,"landuse":"Транспорт"}},{"type":"Feature","geometry":{"type":"Point","coordinates":[76.80249,43.31973]},"properties":{"hex_id":"H01637","district":"Алатау","ecorisk":5.94,"ecorisk_oof":5.93,"high_risk_prob":0.651,"ndvi":0.4,"lst_c":21.8,"reports":22,"landuse":"Пустырь"}},{"type":"Feature","geometry":{"type":"Point","coordinates":[76.80999,43.31973]},"properties":{"hex_id":"H01638","district":"Алатау","ecorisk":4.85,"ecorisk_oof":4.97,"high_risk_prob":0.001,"ndvi":0.393,"lst_c":24.6,"reports":15,"landuse":"Пустырь"}},{"type":"Feature","geometry":{"type":"Point","coordinates":[76.81749,43.31973]},"properties":{"hex_id":"H01639","district":"Алатау","ecorisk":3.96,"ecorisk_oof":4.14,"high_risk_prob":0.0,"ndvi":0.405,"lst_c":24.2,"reports":3,"landuse":"Жилая"}},{"type":"Feature","geometry":{"type":"Point","coordinates":[76.82499,43.31973]},"properties":{"hex_id":"H01640","district":"Алатау","ecorisk":4.05,"ecorisk_oof":4.21,"high_risk_prob":0.001,"ndvi":0.386,"lst_c":24.9,"reports":1,"landuse":"Жилая"}},{"type":"Feature","geometry":{"type":"Point","coordinates":[76.83249,43.31973]},"properties":{"hex_id":"H01641","district":"Алатау","ecorisk":5.26,"ecorisk_oof":5.15,"high_risk_prob":0.003,"ndvi":0.334,"lst_c":25.6,"reports":5,"landuse":"Парк/сквер"}},{"type":"Feature","geometry":{"type":"Point","coordinates":[76.83999,43.31973]},"properties":{"hex_id":"H01642","district":"Алатау","ecorisk":5.84,"ecorisk_oof":5.42,"high_risk_prob":0.011,"ndvi":0.309,"lst_c":25.9,"reports":1,"landuse":"Коммерческая"}},{"type":"Feature","geometry":{"type":"Point","coordinates":[76.84748,43.31973]},"properties":{"hex_id":"H01643","district":"Алатау","ecorisk":6.33,"ecorisk_oof":6.15,"high_risk_prob":0.27,"ndvi":0.393,"lst_c":25.8,"reports":35,"landuse":"Пустырь"}},{"type":"Feature","geometry":{"type":"Point","coordinates":[76.85498,43.31973]},"properties":{"hex_id":"H01644","district":"Алатау","ecorisk":4.69,"ecorisk_oof":4.8,"high_risk_prob":0.002,"ndvi":0.381,"lst_c":25.9,"reports":1,"landuse":"Парк/сквер"}},{"type":"Feature","geometry":{"type":"Point","coordinates":[76.86248,43.31973]},"properties":{"hex_id":"H01645","district":"Алатау","ecorisk":5.04,"ecorisk_oof":5.11,"high_risk_prob":0.122,"ndvi":0.392,"lst_c":25.5,"reports":10,"landuse":"Пустырь"}},{"type":"Feature","geometry":{"type":"Point","coordinates":[76.86998,43.31973]},"properties":{"hex_id":"H01646","district":"Алатау","ecorisk":5.19,"ecorisk_oof":5.42,"high_risk_prob":0.008,"ndvi":0.295,"lst_c":26.9,"reports":4,"landuse":"Транспорт"}},{"type":"Feature","geometry":{"type":"Point","coordinates":[76.87748,43.31973]},"properties":{"hex_id":"H01647","district":"Алатау","ecorisk":5.1,"ecorisk_oof":5.22,"high_risk_prob":0.005,"ndvi":0.224,"lst_c":26.3,"reports":3,"landuse":"Транспорт"}},{"type":"Feature","geometry":{"type":"Point","coordinates":[76.88497,43.31973]},"properties":{"hex_id":"H01648","district":"Алатау","ecorisk":5.81,"ecorisk_oof":5.75,"high_risk_prob":0.045,"ndvi":0.243,"lst_c":25.4,"reports":4,"landuse":"Промышленная"}},{"type":"Feature","geometry":{"type":"Point","coordinates":[76.89247,43.31973]},"properties":{"hex_id":"H01649","district":"Алатау","ecorisk":6.04,"ecorisk_oof":5.94,"high_risk_prob":0.11,"ndvi":0.239,"lst_c":27.9,"reports":11,"landuse":"Промышленная"}},{"type":"Feature","geometry":{"type":"Point","coordinates":[76.89997,43.31973]},"properties":{"hex_id":"H01650","district":"Алатау","ecorisk":5.81,"ecorisk_oof":5.72,"high_risk_prob":0.014,"ndvi":0.323,"lst_c":25.8,"reports":12,"landuse":"Промышленная"}},{"type":"Feature","geometry":{"type":"Point","coordinates":[76.90747,43.31973]},"properties":{"hex_id":"H01651","district":"Алатау","ecorisk":5.22,"ecorisk_oof":4.89,"high_risk_prob":0.002,"ndvi":0.298,"lst_c":26.6,"reports":3,"landuse":"Парк/сквер"}},{"type":"Feature","geometry":{"type":"Point","coordinates":[76.91497,43.31973]},"properties":{"hex_id":"H01652","district":"Алатау","ecorisk":6.73,"ecorisk_oof":6.61,"high_risk_prob":0.883,"ndvi":0.331,"lst_c":28.9,"reports":19,"landuse":"Промышленная"}},{"type":"Feature","geometry":{"type":"Point","coordinates":[76.92246,43.31973]},"properties":{"hex_id":"H01653","district":"Алатау","ecorisk":5.65,"ecorisk_oof":5.93,"high_risk_prob":0.336,"ndvi":0.31,"lst_c":27.8,"reports":1,"landuse":"Транспорт"}},{"type":"Feature","geometry":{"type":"Point","coordinates":[76.92996,43.31973]},"properties":{"hex_id":"H01654","district":"Турксиб","ecorisk":6.39,"ecorisk_oof":6.46,"high_risk_prob":0.983,"ndvi":0.327,"lst_c":25.5,"reports":32,"landuse":"Пустырь"}},{"type":"Feature","geometry":{"type":"Point","coordinates":[76.93746,43.31973]},"properties":{"hex_id":"H01655","district":"Турксиб","ecorisk":6.22,"ecorisk_oof":6.3,"high_risk_prob":0.578,"ndvi":0.328,"lst_c":24.7,"reports":30,"landuse":"Пустырь"}},{"type":"Feature","geometry":{"type":"Point","coordinates":[76.94496,43.31973]},"properties":{"hex_id":"H01656","district":"Турксиб","ecorisk":5.96,"ecorisk_oof":5.59,"high_risk_prob":0.011,"ndvi":0.306,"lst_c":27.3,"reports":7,"landuse":"Жилая"}},{"type":"Feature","geometry":{"type":"Point","coordinates":[76.95246,43.31973]},"properties":{"hex_id":"H01657","district":"Турксиб","ecorisk":5.62,"ecorisk_oof":5.69,"high_risk_prob":0.019,"ndvi":0.337,"lst_c":29.4,"reports":19,"landuse":"Пустырь"}},{"type":"Feature","geometry":{"type":"Point","coordinates":[76.95996,43.31973]},"properties":{"hex_id":"H01658","district":"Турксиб","ecorisk":4.77,"ecorisk_oof":5.26,"high_risk_prob":0.012,"ndvi":0.287,"lst_c":28.7,"reports":1,"landuse":"Парк/сквер"}},{"type":"Feature","geometry":{"type":"Point","coordinates":[76.96745,43.31973]},"properties":{"hex_id":"H01659","district":"Турксиб","ecorisk":4.78,"ecorisk_oof":4.58,"high_risk_prob":0.002,"ndvi":0.356,"lst_c":26.0,"reports":0,"landuse":"Транспорт"}},{"type":"Feature","geometry":{"type":"Point","coordinates":[76.97495,43.31973]},"properties":{"hex_id":"H01660","district":"Турксиб","ecorisk":4.49,"ecorisk_oof":4.57,"high_risk_prob":0.002,"ndvi":0.401,"lst_c":26.4,"reports":3,"landuse":"Жилая"}},{"type":"Feature","geometry":{"type":"Point","coordinates":[76.98245,43.31973]},"properties":{"hex_id":"H01661","district":"Турксиб","ecorisk":5.11,"ecorisk_oof":5.23,"high_risk_prob":0.001,"ndvi":0.373,"lst_c":24.1,"reports":17,"landuse":"Промышленная"}},{"type":"Feature","geometry":{"type":"Point","coordinates":[76.98995,43.31973]},"properties":{"hex_id":"H01662","district":"Турксиб","ecorisk":5.57,"ecorisk_oof":5.63,"high_risk_prob":0.024,"ndvi":0.316,"lst_c":25.0,"reports":14,"landuse":"Парк/сквер"}},{"type":"Feature","geometry":{"type":"Point","coordinates":[76.99745,43.31973]},"properties":{"hex_id":"H01663","district":"Турксиб","ecorisk":5.94,"ecorisk_oof":6.17,"high_risk_prob":0.075,"ndvi":0.365,"lst_c":26.3,"reports":42,"landuse":"Пустырь"}},{"type":"Feature","geometry":{"type":"Point","coordinates":[77.00494,43.31973]},"properties":{"hex_id":"H01664","district":"Турксиб","ecorisk":4.58,"ecorisk_oof":4.62,"high_risk_prob":0.001,"ndvi":0.276,"lst_c":25.8,"reports":2,"landuse":"Пустырь"}},{"type":"Feature","geometry":{"type":"Point","coordinates":[77.01244,43.31973]},"properties":{"hex_id":"H01665","district":"Турксиб","ecorisk":4.49,"ecorisk_oof":3.83,"high_risk_prob":0.001,"ndvi":0.327,"lst_c":25.2,"reports":1,"landuse":"Жилая"}},{"type":"Feature","geometry":{"type":"Point","coordinates":[77.01994,43.31973]},"properties":{"hex_id":"H01666","district":"Турксиб","ecorisk":5.07,"ecorisk_oof":5.1,"high_risk_prob":0.002,"ndvi":0.403,"lst_c":23.5,"reports":39,"landuse":"Пустырь"}},{"type":"Feature","geometry":{"type":"Point","coordinates":[77.02744,43.31973]},"properties":{"hex_id":"H01667","district":"Турксиб","ecorisk":4.06,"ecorisk_oof":3.86,"high_risk_prob":0.0,"ndvi":0.413,"lst_c":25.2,"reports":1,"landuse":"Транспорт"}},{"type":"Feature","geometry":{"type":"Point","coordinates":[77.03494,43.31973]},"properties":{"hex_id":"H01668","district":"Турксиб","ecorisk":3.54,"ecorisk_oof":3.71,"high_risk_prob":0.0,"ndvi":0.428,"lst_c":23.5,"reports":2,"landuse":"Парк/сквер"}},{"type":"Feature","geometry":{"type":"Point","coordinates":[77.04243,43.31973]},"properties":{"hex_id":"H01669","district":"Турксиб","ecorisk":5.54,"ecorisk_oof":4.96,"high_risk_prob":0.005,"ndvi":0.342,"lst_c":24.9,"reports":27,"landuse":"Промышленная"}},{"type":"Feature","geometry":{"type":"Point","coordinates":[77.04993,43.31973]},"properties":{"hex_id":"H01670","district":"Турксиб","ecorisk":4.51,"ecorisk_oof":4.11,"high_risk_prob":0.001,"ndvi":0.462,"lst_c":21.5,"reports":8,"landuse":"Коммерческая"}},{"type":"Feature","geometry":{"type":"Point","coordinates":[77.05743,43.31973]},"properties":{"hex_id":"H01671","district":"Турксиб","ecorisk":4.13,"ecorisk_oof":4.14,"high_risk_prob":0.001,"ndvi":0.412,"lst_c":25.6,"reports":1,"landuse":"Парк/сквер"}},{"type":"Feature","geometry":{"type":"Point","coordinates":[77.06493,43.31973]},"properties":{"hex_id":"H01672","district":"Турксиб","ecorisk":5.91,"ecorisk_oof":6.07,"high_risk_prob":0.015,"ndvi":0.376,"lst_c":23.8,"reports":29,"landuse":"Пустырь"}},{"type":"Feature","geometry":{"type":"Point","coordinates":[77.07243,43.31973]},"properties":{"hex_id":"H01673","district":"Турксиб","ecorisk":5.38,"ecorisk_oof":5.43,"high_risk_prob":0.001,"ndvi":0.345,"lst_c":24.3,"reports":19,"landuse":"Пустырь"}},{"type":"Feature","geometry":{"type":"Point","coordinates":[77.07993,43.31973]},"properties":{"hex_id":"H01674","district":"Турксиб","ecorisk":5.32,"ecorisk_oof":5.37,"high_risk_prob":0.003,"ndvi":0.401,"lst_c":23.3,"reports":12,"landuse":"Промышленная"}},{"type":"Feature","geometry":{"type":"Point","coordinates":[77.08742,43.31973]},"properties":{"hex_id":"H01675","district":"Турксиб","ecorisk":4.04,"ecorisk_oof":3.93,"high_risk_prob":0.0,"ndvi":0.409,"lst_c":24.4,"reports":2,"landuse":"Пустырь"}},{"type":"Feature","geometry":{"type":"Point","coordinates":[77.09492,43.31973]},"properties":{"hex_id":"H01676","district":"Турксиб","ecorisk":4.05,"ecorisk_oof":3.97,"high_risk_prob":0.0,"ndvi":0.41,"lst_c":21.8,"reports":19,"landuse":"Парк/сквер"}},{"type":"Feature","geometry":{"type":"Point","coordinates":[76.78375,43.32446]},"properties":{"hex_id":"H01677","district":"Алатау","ecorisk":4.38,"ecorisk_oof":4.38,"high_risk_prob":0.0,"ndvi":0.359,"lst_c":23.8,"reports":6,"landuse":"Парк/сквер"}},{"type":"Feature","geometry":{"type":"Point","coordinates":[76.79125,43.32446]},"properties":{"hex_id":"H01678","district":"Алатау","ecorisk":4.52,"ecorisk_oof":4.52,"high_risk_prob":0.002,"ndvi":0.366,"lst_c":24.5,"reports":1,"landuse":"Жилая"}},{"type":"Feature","geometry":{"type":"Point","coordinates":[76.79875,43.32446]},"properties":{"hex_id":"H01679","district":"Алатау","ecorisk":5.75,"ecorisk_oof":5.65,"high_risk_prob":0.018,"ndvi":0.371,"lst_c":26.1,"reports":8,"landuse":"Парк/сквер"}},{"type":"Feature","geometry":{"type":"Point","coordinates":[76.80624,43.32446]},"properties":{"hex_id":"H01680","district":"Алатау","ecorisk":4.42,"ecorisk_oof":4.62,"high_risk_prob":0.001,"ndvi":0.313,"lst_c":24.5,"reports":3,"landuse":"Коммерческая"}},{"type":"Feature","geometry":{"type":"Point","coordinates":[76.81374,43.32446]},"properties":{"hex_id":"H01681","district":"Алатау","ecorisk":4.82,"ecorisk_oof":4.83,"high_risk_prob":0.003,"ndvi":0.33,"lst_c":24.5,"reports":11,"landuse":"Пустырь"}},{"type":"Feature","geometry":{"type":"Point","coordinates":[76.82124,43.32446]},"properties":{"hex_id":"H01682","district":"Алатау","ecorisk":4.24,"ecorisk_oof":4.42,"high_risk_prob":0.001,"ndvi":0.328,"lst_c":23.9,"reports":0,"landuse":"Транспорт"}},{"type":"Feature","geometry":{"type":"Point","coordinates":[76.82874,43.32446]},"properties":{"hex_id":"H01683","district":"Алатау","ecorisk":4.87,"ecorisk_oof":4.93,"high_risk_prob":0.016,"ndvi":0.287,"lst_c":26.7,"reports":2,"landuse":"Парк/сквер"}},{"type":"Feature","geometry":{"type":"Point","coordinates":[76.83624,43.32446]},"properties":{"hex_id":"H01684","district":"Алатау","ecorisk":4.96,"ecorisk_oof":5.21,"high_risk_prob":0.002,"ndvi":0.325,"lst_c":26.4,"reports":11,"landuse":"Транспорт"}},{"type":"Feature","geometry":{"type":"Point","coordinates":[76.84373,43.32446]},"properties":{"hex_id":"H01685","district":"Алатау","ecorisk":5.56,"ecorisk_oof":5.57,"high_risk_prob":0.024,"ndvi":0.342,"lst_c":24.5,"reports":14,"landuse":"Пустырь"}},{"type":"Feature","geometry":{"type":"Point","coordinates":[76.85123,43.32446]},"properties":{"hex_id":"H01686","district":"Алатау","ecorisk":4.19,"ecorisk_oof":4.28,"high_risk_prob":0.0,"ndvi":0.354,"lst_c":23.3,"reports":4,"landuse":"Жилая"}},{"type":"Feature","geometry":{"type":"Point","coordinates":[76.85873,43.32446]},"properties":{"hex_id":"H01687","district":"Алатау","ecorisk":5.99,"ecorisk_oof":5.93,"high_risk_prob":0.156,"ndvi":0.359,"lst_c":25.8,"reports":13,"landuse":"Жилая"}},{"type":"Feature","geometry":{"type":"Point","coordinates":[76.86623,43.32446]},"properties":{"hex_id":"H01688","district":"Алатау","ecorisk":5.41,"ecorisk_oof":5.35,"high_risk_prob":0.018,"ndvi":0.314,"lst_c":25.8,"reports":7,"landuse":"Парк/сквер"}},{"type":"Feature","geometry":{"type":"Point","coordinates":[76.87373,43.32446]},"properties":{"hex_id":"H01689","district":"Алатау","ecorisk":5.04,"ecorisk_oof":4.92,"high_risk_prob":0.004,"ndvi":0.311,"lst_c":25.3,"reports":3,"landuse":"Жилая"}},{"type":"Feature","geometry":{"type":"Point","coordinates":[76.88122,43.32446]},"properties":{"hex_id":"H01690","district":"Алатау","ecorisk":4.96,"ecorisk_oof":5.36,"high_risk_prob":0.01,"ndvi":0.283,"lst_c":25.4,"reports":1,"landuse":"Парк/сквер"}},{"type":"Feature","geometry":{"type":"Point","coordinates":[76.88872,43.32446]},"properties":{"hex_id":"H01691","district":"Алатау","ecorisk":5.62,"ecorisk_oof":5.19,"high_risk_prob":0.012,"ndvi":0.206,"lst_c":28.2,"reports":4,"landuse":"Транспорт"}},{"type":"Feature","geometry":{"type":"Point","coordinates":[76.89622,43.32446]},"properties":{"hex_id":"H01692","district":"Алатау","ecorisk":5.5,"ecorisk_oof":5.08,"high_risk_prob":0.008,"ndvi":0.348,"lst_c":26.5,"reports":3,"landuse":"Жилая"}},{"type":"Feature","geometry":{"type":"Point","coordinates":[76.90372,43.32446]},"properties":{"hex_id":"H01693","district":"Алатау","ecorisk":5.95,"ecorisk_oof":5.79,"high_risk_prob":0.053,"ndvi":0.325,"lst_c":27.7,"reports":5,"landuse":"Парк/сквер"}},{"type":"Feature","geometry":{"type":"Point","coordinates":[76.91122,43.32446]},"properties":{"hex_id":"H01694","district":"Алатау","ecorisk":6.46,"ecorisk_oof":6.19,"high_risk_prob":0.319,"ndvi":0.255,"lst_c":26.3,"reports":10,"landuse":"Пустырь"}},{"type":"Feature","geometry":{"type":"Point","coordinates":[76.91872,43.32446]},"properties":{"hex_id":"H01695","district":"Алатау","ecorisk":6.35,"ecorisk_oof":6.0,"high_risk_prob":0.119,"ndvi":0.296,"lst_c":27.0,"reports":14,"landuse":"Жилая"}},{"type":"Feature","geometry":{"type":"Point","coordinates":[76.92621,43.32446]},"properties":{"hex_id":"H01696","district":"Турксиб","ecorisk":5.27,"ecorisk_oof":5.32,"high_risk_prob":0.005,"ndvi":0.315,"lst_c":26.5,"reports":2,"landuse":"Транспорт"}},{"type":"Feature","geometry":{"type":"Point","coordinates":[76.93371,43.32446]},"properties":{"hex_id":"H01697","district":"Турксиб","ecorisk":6.95,"ecorisk_oof":6.69,"high_risk_prob":0.981,"ndvi":0.259,"lst_c":26.5,"reports":42,"landuse":"Пустырь"}},{"type":"Feature","geometry":{"type":"Point","coordinates":[76.94121,43.32446]},"properties":{"hex_id":"H01698","district":"Турксиб","ecorisk":5.35,"ecorisk_oof":5.13,"high_risk_prob":0.003,"ndvi":0.334,"lst_c":24.8,"reports":5,"landuse":"Транспорт"}},{"type":"Feature","geometry":{"type":"Point","coordinates":[76.94871,43.32446]},"properties":{"hex_id":"H01699","district":"Турксиб","ecorisk":4.43,"ecorisk_oof":4.43,"high_risk_prob":0.003,"ndvi":0.418,"lst_c":26.9,"reports":1,"landuse":"Транспорт"}},{"type":"Feature","geometry":{"type":"Point","coordinates":[76.95621,43.32446]},"properties":{"hex_id":"H01700","district":"Турксиб","ecorisk":6.44,"ecorisk_oof":6.35,"high_risk_prob":0.262,"ndvi":0.288,"lst_c":28.1,"reports":26,"landuse":"Пустырь"}},{"type":"Feature","geometry":{"type":"Point","coordinates":[76.9637,43.32446]},"properties":{"hex_id":"H01701","district":"Турксиб","ecorisk":5.67,"ecorisk_oof":5.58,"high_risk_prob":0.003,"ndvi":0.349,"lst_c":24.8,"reports":16,"landuse":"Пустырь"}},{"type":"Feature","geometry":{"type":"Point","coordinates":[76.9712,43.32446]},"properties":{"hex_id":"H01702","district":"Турксиб","ecorisk":5.87,"ecorisk_oof":5.93,"high_risk_prob":0.078,"ndvi":0.297,"lst_c":25.4,"reports":17,"landuse":"Транспорт"}},{"type":"Feature","geometry":{"type":"Point","coordinates":[76.9787,43.32446]},"properties":{"hex_id":"H01703","district":"Турксиб","ecorisk":5.44,"ecorisk_oof":5.43,"high_risk_prob":0.001,"ndvi":0.365,"lst_c":24.8,"reports":7,"landuse":"Парк/сквер"}},{"type":"Feature","geometry":{"type":"Point","coordinates":[76.9862,43.32446]},"properties":{"hex_id":"H01704","district":"Турксиб","ecorisk":3.78,"ecorisk_oof":3.8,"high_risk_prob":0.0,"ndvi":0.412,"lst_c":24.5,"reports":2,"landuse":"Пустырь"}},{"type":"Feature","geometry":{"type":"Point","coordinates":[76.9937,43.32446]},"properties":{"hex_id":"H01705","district":"Турксиб","ecorisk":4.45,"ecorisk_oof":4.21,"high_risk_prob":0.001,"ndvi":0.326,"lst_c":27.0,"reports":4,"landuse":"Жилая"}},{"type":"Feature","geometry":{"type":"Point","coordinates":[77.00119,43.32446]},"properties":{"hex_id":"H01706","district":"Турксиб","ecorisk":4.68,"ecorisk_oof":4.41,"high_risk_prob":0.0,"ndvi":0.408,"lst_c":21.3,"reports":9,"landuse":"Пустырь"}},{"type":"Feature","geometry":{"type":"Point","coordinates":[77.00869,43.32446]},"properties":{"hex_id":"H01707","district":"Турксиб","ecorisk":5.17,"ecorisk_oof":4.88,"high_risk_prob":0.006,"ndvi":0.449,"lst_c":25.7,"reports":25,"landuse":"Пустырь"}},{"type":"Feature","geometry":{"type":"Point","coordinates":[77.01619,43.32446]},"properties":{"hex_id":"H01708","district":"Турксиб","ecorisk":4.8,"ecorisk_oof":4.66,"high_risk_prob":0.0,"ndvi":0.331,"lst_c":23.5,"reports":4,"landuse":"Коммерческая"}},{"type":"Feature","geometry":{"type":"Point","coordinates":[77.02369,43.32446]},"properties":{"hex_id":"H01709","district":"Турксиб","ecorisk":5.33,"ecorisk_oof":5.56,"high_risk_prob":0.002,"ndvi":0.358,"lst_c":23.8,"reports":21,"landuse":"Пустырь"}},{"type":"Feature","geometry":{"type":"Point","coordinates":[77.03119,43.32446]},"properties":{"hex_id":"H01710","district":"Турксиб","ecorisk":3.94,"ecorisk_oof":4.0,"high_risk_prob":0.0,"ndvi":0.425,"lst_c":22.9,"reports":20,"landuse":"Парк/сквер"}},{"type":"Feature","geometry":{"type":"Point","coordinates":[77.03869,43.32446]},"properties":{"hex_id":"H01711","district":"Турксиб","ecorisk":4.62,"ecorisk_oof":4.68,"high_risk_prob":0.001,"ndvi":0.409,"lst_c":23.3,"reports":7,"landuse":"Жилая"}},{"type":"Feature","geometry":{"type":"Point","coordinates":[77.04618,43.32446]},"properties":{"hex_id":"H01712","district":"Турксиб","ecorisk":5.0,"ecorisk_oof":5.16,"high_risk_prob":0.002,"ndvi":0.309,"lst_c":25.5,"reports":4,"landuse":"Жилая"}},{"type":"Feature","geometry":{"type":"Point","coordinates":[77.05368,43.32446]},"properties":{"hex_id":"H01713","district":"Турксиб","ecorisk":4.28,"ecorisk_oof":4.49,"high_risk_prob":0.0,"ndvi":0.4,"lst_c":22.5,"reports":9,"landuse":"Промышленная"}},{"type":"Feature","geometry":{"type":"Point","coordinates":[77.06118,43.32446]},"properties":{"hex_id":"H01714","district":"Турксиб","ecorisk":5.55,"ecorisk_oof":5.61,"high_risk_prob":0.001,"ndvi":0.346,"lst_c":24.2,"reports":18,"landuse":"Парк/сквер"}},{"type":"Feature","geometry":{"type":"Point","coordinates":[77.06868,43.32446]},"properties":{"hex_id":"H01715","district":"Турксиб","ecorisk":5.53,"ecorisk_oof":5.28,"high_risk_prob":0.001,"ndvi":0.352,"lst_c":27.4,"reports":2,"landuse":"Жилая"}},{"type":"Feature","geometry":{"type":"Point","coordinates":[77.07618,43.32446]},"properties":{"hex_id":"H01716","district":"Турксиб","ecorisk":4.83,"ecorisk_oof":4.92,"high_risk_prob":0.001,"ndvi":0.332,"lst_c":24.4,"reports":24,"landuse":"Пустырь"}},{"type":"Feature","geometry":{"type":"Point","coordinates":[77.08367,43.32446]},"properties":{"hex_id":"H01717","district":"Турксиб","ecorisk":4.97,"ecorisk_oof":5.22,"high_risk_prob":0.001,"ndvi":0.363,"lst_c":26.0,"reports":15,"landuse":"Пустырь"}},{"type":"Feature","geometry":{"type":"Point","coordinates":[77.09117,43.32446]},"properties":{"hex_id":"H01718","district":"Турксиб","ecorisk":4.58,"ecorisk_oof":4.71,"high_risk_prob":0.002,"ndvi":0.395,"lst_c":25.8,"reports":5,"landuse":"Пустырь"}},{"type":"Feature","geometry":{"type":"Point","coordinates":[77.09867,43.32446]},"properties":{"hex_id":"H01719","district":"Турксиб","ecorisk":5.12,"ecorisk_oof":5.02,"high_risk_prob":0.002,"ndvi":0.358,"lst_c":22.3,"reports":26,"landuse":"Жилая"}},{"type":"Feature","geometry":{"type":"Point","coordinates":[76.78,43.32919]},"properties":{"hex_id":"H01720","district":"Алатау","ecorisk":3.94,"ecorisk_oof":4.26,"high_risk_prob":0.001,"ndvi":0.339,"lst_c":25.6,"reports":0,"landuse":"Жилая"}},{"type":"Feature","geometry":{"type":"Point","coordinates":[76.7875,43.32919]},"properties":{"hex_id":"H01721","district":"Алатау","ecorisk":4.22,"ecorisk_oof":4.36,"high_risk_prob":0.002,"ndvi":0.312,"lst_c":24.6,"reports":5,"landuse":"Пустырь"}},{"type":"Feature","geometry":{"type":"Point","coordinates":[76.795,43.32919]},"properties":{"hex_id":"H01722","district":"Алатау","ecorisk":5.51,"ecorisk_oof":5.66,"high_risk_prob":0.003,"ndvi":0.37,"lst_c":25.9,"reports":19,"landuse":"Парк/сквер"}},{"type":"Feature","geometry":{"type":"Point","coordinates":[76.80249,43.32919]},"properties":{"hex_id":"H01723","district":"Алатау","ecorisk":4.96,"ecorisk_oof":5.12,"high_risk_prob":0.003,"ndvi":0.327,"lst_c":24.7,"reports":9,"landuse":"Пустырь"}},{"type":"Feature","geometry":{"type":"Point","coordinates":[76.80999,43.32919]},"properties":{"hex_id":"H01724","district":"Алатау","ecorisk":4.9,"ecorisk_oof":5.13,"high_risk_prob":0.003,"ndvi":0.303,"lst_c":25.2,"reports":3,"landuse":"Парк/сквер"}},{"type":"Feature","geometry":{"type":"Point","coordinates":[76.81749,43.32919]},"properties":{"hex_id":"H01725","district":"Алатау","ecorisk":4.55,"ecorisk_oof":4.68,"high_risk_prob":0.001,"ndvi":0.406,"lst_c":24.7,"reports":9,"landuse":"Пустырь"}},{"type":"Feature","geometry":{"type":"Point","coordinates":[76.82499,43.32919]},"properties":{"hex_id":"H01726","district":"Алатау","ecorisk":4.43,"ecorisk_oof":4.6,"high_risk_prob":0.001,"ndvi":0.333,"lst_c":25.9,"reports":1,"landuse":"Пустырь"}},{"type":"Feature","geometry":{"type":"Point","coordinates":[76.83249,43.32919]},"properties":{"hex_id":"H01727","district":"Алатау","ecorisk":5.87,"ecorisk_oof":5.72,"high_risk_prob":0.107,"ndvi":0.367,"lst_c":23.4,"reports":10,"landuse":"Промышленная"}},{"type":"Feature","geometry":{"type":"Point","coordinates":[76.83999,43.32919]},"properties":{"hex_id":"H01728","district":"Алатау","ecorisk":5.99,"ecorisk_oof":5.86,"high_risk_prob":0.246,"ndvi":0.26,"lst_c":26.5,"reports":12,"landuse":"Пустырь"}},{"type":"Feature","geometry":{"type":"Point","coordinates":[76.84748,43.32919]},"properties":{"hex_id":"H01729","district":"Алатау","ecorisk":5.57,"ecorisk_oof":5.64,"high_risk_prob":0.009,"ndvi":0.363,"lst_c":26.3,"reports":19,"landuse":"Пустырь"}},{"type":"Feature","geometry":{"type":"Point","coordinates":[76.85498,43.32919]},"properties":{"hex_id":"H01730","district":"Алатау","ecorisk":5.92,"ecorisk_oof":6.05,"high_risk_prob":0.088,"ndvi":0.251,"lst_c":27.2,"reports":8,"landuse":"Парк/сквер"}},{"type":"Feature","geometry":{"type":"Point","coordinates":[76.86248,43.32919]},"properties":{"hex_id":"H01731","district":"Алатау","ecorisk":5.13,"ecorisk_oof":4.8,"high_risk_prob":0.006,"ndvi":0.333,"lst_c":24.0,"reports":0,"landuse":"Жилая"}},{"type":"Feature","geometry":{"type":"Point","coordinates":[76.86998,43.32919]},"properties":{"hex_id":"H01732","district":"Алатау","ecorisk":5.95,"ecorisk_oof":6.19,"high_risk_prob":0.359,"ndvi":0.273,"lst_c":25.9,"reports":35,"landuse":"Парк/сквер"}},{"type":"Feature","geometry":{"type":"Point","coordinates":[76.87748,43.32919]},"properties":{"hex_id":"H01733","district":"Алатау","ecorisk":5.95,"ecorisk_oof":5.87,"high_risk_prob":0.309,"ndvi":0.357,"lst_c":27.9,"reports":4,"landuse":"Пустырь"}},{"type":"Feature","geometry":{"type":"Point","coordinates":[76.88497,43.32919]},"properties":{"hex_id":"H01734","district":"Алатау","ecorisk":6.79,"ecorisk_oof":6.67,"high_risk_prob":0.96,"ndvi":0.311,"lst_c":26.9,"reports":51,"landuse":"Пустырь"}},{"type":"Feature","geometry":{"type":"Point","coordinates":[76.89247,43.32919]},"properties":{"hex_id":"H01735","district":"Алатау","ecorisk":6.25,"ecorisk_oof":5.93,"high_risk_prob":0.043,"ndvi":0.349,"lst_c":26.1,"reports":6,"landuse":"Промышленная"}},{"type":"Feature","geometry":{"type":"Point","coordinates":[76.89997,43.32919]},"properties":{"hex_id":"H01736","district":"Алатау","ecorisk":5.21,"ecorisk_oof":5.15,"high_risk_prob":0.003,"ndvi":0.327,"lst_c":27.4,"reports":5,"landuse":"Парк/сквер"}},{"type":"Feature","geometry":{"type":"Point","coordinates":[76.90747,43.32919]},"properties":{"hex_id":"H01737","district":"Алатау","ecorisk":5.19,"ecorisk_oof":5.27,"high_risk_prob":0.007,"ndvi":0.351,"lst_c":26.8,"reports":20,"landuse":"Жилая"}},{"type":"Feature","geometry":{"type":"Point","coordinates":[76.91497,43.32919]},"properties":{"hex_id":"H01738","district":"Алатау","ecorisk":5.77,"ecorisk_oof":5.46,"high_risk_prob":0.035,"ndvi":0.25,"lst_c":27.7,"reports":2,"landuse":"Коммерческая"}},{"type":"Feature","geometry":{"type":"Point","coordinates":[76.92246,43.32919]},"properties":{"hex_id":"H01739","district":"Алатау","ecorisk":5.33,"ecorisk_oof":5.16,"high_risk_prob":0.028,"ndvi":0.201,"lst_c":27.6,"reports":4,"landuse":"Парк/сквер"}},{"type":"Feature","geometry":{"type":"Point","coordinates":[76.92996,43.32919]},"properties":{"hex_id":"H01740","district":"Турксиб","ecorisk":5.1,"ecorisk_oof":5.51,"high_risk_prob":0.006,"ndvi":0.333,"lst_c":27.4,"reports":5,"landuse":"Транспорт"}},{"type":"Feature","geometry":{"type":"Point","coordinates":[76.93746,43.32919]},"properties":{"hex_id":"H01741","district":"Турксиб","ecorisk":5.69,"ecorisk_oof":5.72,"high_risk_prob":0.066,"ndvi":0.305,"lst_c":27.0,"reports":23,"landuse":"Парк/сквер"}},{"type":"Feature","geometry":{"type":"Point","coordinates":[76.94496,43.32919]},"properties":{"hex_id":"H01742","district":"Турксиб","ecorisk":4.69,"ecorisk_oof":4.69,"high_risk_prob":0.002,"ndvi":0.309,"lst_c":25.4,"reports":2,"landuse":"Коммерческая"}},{"type":"Feature","geometry":{"type":"Point","coordinates":[76.95246,43.32919]},"properties":{"hex_id":"H01743","district":"Турксиб","ecorisk":4.41,"ecorisk_oof":4.46,"high_risk_prob":0.002,"ndvi":0.349,"lst_c":23.8,"reports":12,"landuse":"Жилая"}},{"type":"Feature","geometry":{"type":"Point","coordinates":[76.95996,43.32919]},"properties":{"hex_id":"H01744","district":"Турксиб","ecorisk":4.53,"ecorisk_oof":4.45,"high_risk_prob":0.002,"ndvi":0.297,"lst_c":24.9,"reports":1,"landuse":"Жилая"}},{"type":"Feature","geometry":{"type":"Point","coordinates":[76.96745,43.32919]},"properties":{"hex_id":"H01745","district":"Турксиб","ecorisk":3.94,"ecorisk_oof":3.96,"high_risk_prob":0.0,"ndvi":0.376,"lst_c":26.9,"reports":2,"landuse":"Парк/сквер"}},{"type":"Feature","geometry":{"type":"Point","coordinates":[76.97495,43.32919]},"properties":{"hex_id":"H01746","district":"Турксиб","ecorisk":5.69,"ecorisk_oof":5.52,"high_risk_prob":0.008,"ndvi":0.267,"lst_c":25.6,"reports":5,"landuse":"Промышленная"}},{"type":"Feature","geometry":{"type":"Point","coordinates":[76.98245,43.32919]},"properties":{"hex_id":"H01747","district":"Турксиб","ecorisk":5.27,"ecorisk_oof":5.28,"high_risk_prob":0.005,"ndvi":0.356,"lst_c":26.1,"reports":4,"landuse":"Жилая"}},{"type":"Feature","geometry":{"type":"Point","coordinates":[76.98995,43.32919]},"properties":{"hex_id":"H01748","district":"Турксиб","ecorisk":3.91,"ecorisk_oof":4.11,"high_risk_prob":0.001,"ndvi":0.392,"lst_c":25.2,"reports":2,"landuse":"Пустырь"}},{"type":"Feature","geometry":{"type":"Point","coordinates":[76.99745,43.32919]},"properties":{"hex_id":"H01749","district":"Турксиб","ecorisk":5.26,"ecorisk_oof":5.37,"high_risk_prob":0.003,"ndvi":0.347,"lst_c":24.7,"reports":33,"landuse":"Пустырь"}},{"type":"Feature","geometry":{"type":"Point","coordinates":[77.00494,43.32919]},"properties":{"hex_id":"H01750","district":"Турксиб","ecorisk":4.09,"ecorisk_oof":4.14,"high_risk_prob":0.0,"ndvi":0.363,"lst_c":24.0,"reports":6,"landuse":"Промышленная"}},{"type":"Feature","geometry":{"type":"Point","coordinates":[77.01244,43.32919]},"properties":{"hex_id":"H01751","district":"Турксиб","ecorisk":4.4,"ecorisk_oof":4.39,"high_risk_prob":0.003,"ndvi":0.437,"lst_c":25.3,"reports":18,"landuse":"Коммерческая"}},{"type":"Feature","geometry":{"type":"Point","coordinates":[77.01994,43.32919]},"properties":{"hex_id":"H01752","district":"Турксиб","ecorisk":4.84,"ecorisk_oof":4.91,"high_risk_prob":0.0,"ndvi":0.412,"lst_c":23.4,"reports":8,"landuse":"Пустырь"}},{"type":"Feature","geometry":{"type":"Point","coordinates":[77.02744,43.32919]},"properties":{"hex_id":"H01753","district":"Турксиб","ecorisk":5.26,"ecorisk_oof":5.34,"high_risk_prob":0.003,"ndvi":0.374,"lst_c":25.4,"reports":8,"landuse":"Пустырь"}},{"type":"Feature","geometry":{"type":"Point","coordinates":[77.03494,43.32919]},"properties":{"hex_id":"H01754","district":"Турксиб","ecorisk":4.76,"ecorisk_oof":4.9,"high_risk_prob":0.001,"ndvi":0.387,"lst_c":25.0,"reports":23,"landuse":"Пустырь"}},{"type":"Feature","geometry":{"type":"Point","coordinates":[77.04243,43.32919]},"properties":{"hex_id":"H01755","district":"Турксиб","ecorisk":5.35,"ecorisk_oof":5.36,"high_risk_prob":0.001,"ndvi":0.342,"lst_c":22.1,"reports":8,"landuse":"Пустырь"}},{"type":"Feature","geometry":{"type":"Point","coordinates":[77.04993,43.32919]},"properties":{"hex_id":"H01756","district":"Турксиб","ecorisk":4.21,"ecorisk_oof":4.56,"high_risk_prob":0.0,"ndvi":0.369,"lst_c":23.7,"reports":11,"landuse":"Пустырь"}},{"type":"Feature","geometry":{"type":"Point","coordinates":[77.05743,43.32919]},"properties":{"hex_id":"H01757","district":"Турксиб","ecorisk":4.82,"ecorisk_oof":4.72,"high_risk_prob":0.002,"ndvi":0.386,"lst_c":24.5,"reports":25,"landuse":"Промышленная"}},{"type":"Feature","geometry":{"type":"Point","coordinates":[77.06493,43.32919]},"properties":{"hex_id":"H01758","district":"Турксиб","ecorisk":4.09,"ecorisk_oof":4.01,"high_risk_prob":0.0,"ndvi":0.386,"lst_c":22.3,"reports":6,"landuse":"Пустырь"}},{"type":"Feature","geometry":{"type":"Point","coordinates":[77.07243,43.32919]},"properties":{"hex_id":"H01759","district":"Турксиб","ecorisk":4.55,"ecorisk_oof":5.02,"high_risk_prob":0.002,"ndvi":0.327,"lst_c":23.1,"reports":11,"landuse":"Транспорт"}},{"type":"Feature","geometry":{"type":"Point","coordinates":[77.07993,43.32919]},"properties":{"hex_id":"H01760","district":"Турксиб","ecorisk":3.77,"ecorisk_oof":3.85,"high_risk_prob":0.0,"ndvi":0.393,"lst_c":23.4,"reports":1,"landuse":"Парк/сквер"}},{"type":"Feature","geometry":{"type":"Point","coordinates":[77.08742,43.32919]},"properties":{"hex_id":"H01761","district":"Турксиб","ecorisk":4.04,"ecorisk_oof":3.91,"high_risk_prob":0.0,"ndvi":0.408,"lst_c":20.4,"reports":6,"landuse":"Парк/сквер"}},{"type":"Feature","geometry":{"type":"Point","coordinates":[77.09492,43.32919]},"properties":{"hex_id":"H01762","district":"Турксиб","ecorisk":4.51,"ecorisk_oof":4.83,"high_risk_prob":0.001,"ndvi":0.385,"lst_c":23.4,"reports":14,"landuse":"Пустырь"}},{"type":"Feature","geometry":{"type":"Point","coordinates":[76.78375,43.33392]},"properties":{"hex_id":"H01763","district":"Алатау","ecorisk":4.1,"ecorisk_oof":4.29,"high_risk_prob":0.002,"ndvi":0.455,"lst_c":24.1,"reports":2,"landuse":"Транспорт"}},{"type":"Feature","geometry":{"type":"Point","coordinates":[76.79125,43.33392]},"properties":{"hex_id":"H01764","district":"Алатау","ecorisk":5.62,"ecorisk_oof":5.49,"high_risk_prob":0.006,"ndvi":0.382,"lst_c":25.3,"reports":14,"landuse":"Пустырь"}},{"type":"Feature","geometry":{"type":"Point","coordinates":[76.79875,43.33392]},"properties":{"hex_id":"H01765","district":"Алатау","ecorisk":4.53,"ecorisk_oof":4.35,"high_risk_prob":0.0,"ndvi":0.356,"lst_c":24.0,"reports":7,"landuse":"Пустырь"}},{"type":"Feature","geometry":{"type":"Point","coordinates":[76.80624,43.33392]},"properties":{"hex_id":"H01766","district":"Алатау","ecorisk":5.61,"ecorisk_oof":5.69,"high_risk_prob":0.026,"ndvi":0.38,"lst_c":24.9,"reports":12,"landuse":"Пустырь"}},{"type":"Feature","geometry":{"type":"Point","coordinates":[76.81374,43.33392]},"properties":{"hex_id":"H01767","district":"Алатау","ecorisk":4.64,"ecorisk_oof":5.0,"high_risk_prob":0.001,"ndvi":0.32,"lst_c":22.7,"reports":9,"landuse":"Парк/сквер"}},{"type":"Feature","geometry":{"type":"Point","coordinates":[76.82124,43.33392]},"properties":{"hex_id":"H01768","district":"Алатау","ecorisk":4.6,"ecorisk_oof":4.86,"high_risk_prob":0.001,"ndvi":0.298,"lst_c":25.9,"reports":0,"landuse":"Коммерческая"}},{"type":"Feature","geometry":{"type":"Point","coordinates":[76.82874,43.33392]},"properties":{"hex_id":"H01769","district":"Алатау","ecorisk":4.43,"ecorisk_oof":4.62,"high_risk_prob":0.001,"ndvi":0.374,"lst_c":23.9,"reports":6,"landuse":"Промышленная"}},{"type":"Feature","geometry":{"type":"Point","coordinates":[76.83624,43.33392]},"properties":{"hex_id":"H01770","district":"Алатау","ecorisk":4.17,"ecorisk_oof":4.6,"high_risk_prob":0.0,"ndvi":0.353,"lst_c":22.5,"reports":6,"landuse":"Пустырь"}},{"type":"Feature","geometry":{"type":"Point","coordinates":[76.84373,43.33392]},"properties":{"hex_id":"H01771","district":"Алатау","ecorisk":4.6,"ecorisk_oof":4.59,"high_risk_prob":0.0,"ndvi":0.385,"lst_c":25.8,"reports":3,"landuse":"Коммерческая"}},{"type":"Feature","geometry":{"type":"Point","coordinates":[76.85123,43.33392]},"properties":{"hex_id":"H01772","district":"Алатау","ecorisk":5.81,"ecorisk_oof":5.75,"high_risk_prob":0.027,"ndvi":0.309,"lst_c":25.1,"reports":8,"landuse":"Парк/сквер"}},{"type":"Feature","geometry":{"type":"Point","coordinates":[76.85873,43.33392]},"properties":{"hex_id":"H01773","district":"Алатау","ecorisk":4.59,"ecorisk_oof":4.49,"high_risk_prob":0.002,"ndvi":0.356,"lst_c":25.1,"reports":3,"landuse":"Парк/сквер"}},{"type":"Feature","geometry":{"type":"Point","coordinates":[76.86623,43.33392]},"properties":{"hex_id":"H01774","district":"Алатау","ecorisk":4.8,"ecorisk_oof":4.7,"high_risk_prob":0.001,"ndvi":0.321,"lst_c":26.5,"reports":2,"landuse":"Пустырь"}},{"type":"Feature","geometry":{"type":"Point","coordinates":[76.87373,43.33392]},"properties":{"hex_id":"H01775","district":"Алатау","ecorisk":5.95,"ecorisk_oof":6.06,"high_risk_prob":0.42,"ndvi":0.287,"lst_c":28.3,"reports":15,"landuse":"Пустырь"}},{"type":"Feature","geometry":{"type":"Point","coordinates":[76.88122,43.33392]},"properties":{"hex_id":"H01776","district":"Алатау","ecorisk":5.74,"ecorisk_oof":5.43,"high_risk_prob":0.023,"ndvi":0.336,"lst_c":24.1,"reports":11,"landuse":"Жилая"}},{"type":"Feature","geometry":{"type":"Point","coordinates":[76.88872,43.33392]},"properties":{"hex_id":"H01777","district":"Алатау","ecorisk":5.13,"ecorisk_oof":5.34,"high_risk_prob":0.017,"ndvi":0.29,"lst_c":27.0,"reports":1,"landuse":"Транспорт"}},{"type":"Feature","geometry":{"type":"Point","coordinates":[76.89622,43.33392]},"properties":{"hex_id":"H01778","district":"Алатау","ecorisk":5.3,"ecorisk_oof":4.93,"high_risk_prob":0.003,"ndvi":0.307,"lst_c":24.9,"reports":2,"landuse":"Парк/сквер"}},{"type":"Feature","geometry":{"type":"Point","coordinates":[76.90372,43.33392]},"properties":{"hex_id":"H01779","district":"Алатау","ecorisk":4.96,"ecorisk_oof":5.37,"high_risk_prob":0.022,"ndvi":0.32,"lst_c":25.6,"reports":0,"landuse":"Жилая"}},{"type":"Feature","geometry":{"type":"Point","coordinates":[76.91122,43.33392]},"properties":{"hex_id":"H01780","district":"Алатау","ecorisk":4.87,"ecorisk_oof":4.93,"high_risk_prob":0.033,"ndvi":0.317,"lst_c":24.1,"reports":2,"landuse":"Транспорт"}},{"type":"Feature","geometry":{"type":"Point","coordinates":[76.91872,43.33392]},"properties":{"hex_id":"H01781","district":"Алатау","ecorisk":4.79,"ecorisk_oof":5.1,"high_risk_prob":0.006,"ndvi":0.238,"lst_c":25.7,"reports":3,"landuse":"Коммерческая"}},{"type":"Feature","geometry":{"type":"Point","coordinates":[76.92621,43.33392]},"properties":{"hex_id":"H01782","district":"Турксиб","ecorisk":4.52,"ecorisk_oof":4.88,"high_risk_prob":0.003,"ndvi":0.336,"lst_c":26.5,"reports":1,"landuse":"Транспорт"}},{"type":"Feature","geometry":{"type":"Point","coordinates":[76.93371,43.33392]},"properties":{"hex_id":"H01783","district":"Турксиб","ecorisk":6.75,"ecorisk_oof":6.57,"high_risk_prob":0.99,"ndvi":0.304,"lst_c":25.6,"reports":51,"landuse":"Пустырь"}},{"type":"Feature","geometry":{"type":"Point","coordinates":[76.94121,43.33392]},"properties":{"hex_id":"H01784","district":"Турксиб","ecorisk":5.85,"ecorisk_oof":5.76,"high_risk_prob":0.165,"ndvi":0.331,"lst_c":25.5,"reports":8,"landuse":"Транспорт"}},{"type":"Feature","geometry":{"type":"Point","coordinates":[76.94871,43.33392]},"properties":{"hex_id":"H01785","district":"Турксиб","ecorisk":5.17,"ecorisk_oof":5.08,"high_risk_prob":0.009,"ndvi":0.302,"lst_c":26.1,"reports":15,"landuse":"Пустырь"}},{"type":"Feature","geometry":{"type":"Point","coordinates":[76.95621,43.33392]},"properties":{"hex_id":"H01786","district":"Турксиб","ecorisk":5.1,"ecorisk_oof":5.18,"high_risk_prob":0.002,"ndvi":0.327,"lst_c":26.9,"reports":5,"landuse":"Парк/сквер"}},{"type":"Feature","geometry":{"type":"Point","coordinates":[76.9637,43.33392]},"properties":{"hex_id":"H01787","district":"Турксиб","ecorisk":4.49,"ecorisk_oof":4.61,"high_risk_prob":0.002,"ndvi":0.313,"lst_c":25.7,"reports":3,"landuse":"Пустырь"}},{"type":"Feature","geometry":{"type":"Point","coordinates":[76.9712,43.33392]},"properties":{"hex_id":"H01788","district":"Турксиб","ecorisk":4.81,"ecorisk_oof":4.59,"high_risk_prob":0.001,"ndvi":0.34,"lst_c":24.0,"reports":3,"landuse":"Жилая"}},{"type":"Feature","geometry":{"type":"Point","coordinates":[76.9787,43.33392]},"properties":{"hex_id":"H01789","district":"Турксиб","ecorisk":4.37,"ecorisk_oof":4.42,"high_risk_prob":0.002,"ndvi":0.378,"lst_c":23.1,"reports":2,"landuse":"Парк/сквер"}},{"type":"Feature","geometry":{"type":"Point","coordinates":[76.9862,43.33392]},"properties":{"hex_id":"H01790","district":"Турксиб","ecorisk":4.21,"ecorisk_oof":4.35,"high_risk_prob":0.001,"ndvi":0.373,"lst_c":23.4,"reports":16,"landuse":"Пустырь"}},{"type":"Feature","geometry":{"type":"Point","coordinates":[76.9937,43.33392]},"properties":{"hex_id":"H01791","district":"Турксиб","ecorisk":4.55,"ecorisk_oof":4.89,"high_risk_prob":0.004,"ndvi":0.364,"lst_c":24.0,"reports":4,"landuse":"Транспорт"}},{"type":"Feature","geometry":{"type":"Point","coordinates":[77.00119,43.33392]},"properties":{"hex_id":"H01792","district":"Турксиб","ecorisk":4.8,"ecorisk_oof":4.87,"high_risk_prob":0.008,"ndvi":0.274,"lst_c":24.1,"reports":2,"landuse":"Жилая"}},{"type":"Feature","geometry":{"type":"Point","coordinates":[77.00869,43.33392]},"properties":{"hex_id":"H01793","district":"Турксиб","ecorisk":5.18,"ecorisk_oof":5.24,"high_risk_prob":0.003,"ndvi":0.352,"lst_c":23.6,"reports":29,"landuse":"Пустырь"}},{"type":"Feature","geometry":{"type":"Point","coordinates":[77.01619,43.33392]},"properties":{"hex_id":"H01794","district":"Турксиб","ecorisk":3.65,"ecorisk_oof":3.65,"high_risk_prob":0.0,"ndvi":0.42,"lst_c":23.3,"reports":8,"landuse":"Пустырь"}},{"type":"Feature","geometry":{"type":"Point","coordinates":[77.02369,43.33392]},"properties":{"hex_id":"H01795","district":"Турксиб","ecorisk":4.31,"ecorisk_oof":4.2,"high_risk_prob":0.001,"ndvi":0.32,"lst_c":24.5,"reports":2,"landuse":"Пустырь"}},{"type":"Feature","geometry":{"type":"Point","coordinates":[77.03119,43.33392]},"properties":{"hex_id":"H01796","district":"Турксиб","ecorisk":5.35,"ecorisk_oof":5.05,"high_risk_prob":0.172,"ndvi":0.429,"lst_c":21.1,"reports":32,"landuse":"Пустырь"}},{"type":"Feature","geometry":{"type":"Point","coordinates":[77.03869,43.33392]},"properties":{"hex_id":"H01797","district":"Турксиб","ecorisk":4.33,"ecorisk_oof":4.37,"high_risk_prob":0.0,"ndvi":0.36,"lst_c":23.5,"reports":2,"landuse":"Жилая"}},{"type":"Feature","geometry":{"type":"Point","coordinates":[77.04618,43.33392]},"properties":{"hex_id":"H01798","district":"Турксиб","ecorisk":4.17,"ecorisk_oof":4.11,"high_risk_prob":0.0,"ndvi":0.348,"lst_c":23.1,"reports":2,"landuse":"Пустырь"}},{"type":"Feature","geometry":{"type":"Point","coordinates":[77.05368,43.33392]},"properties":{"hex_id":"H01799","district":"Турксиб","ecorisk":3.97,"ecorisk_oof":4.04,"high_risk_prob":0.0,"ndvi":0.41,"lst_c":22.6,"reports":1,"landuse":"Пустырь"}},{"type":"Feature","geometry":{"type":"Point","coordinates":[77.06118,43.33392]},"properties":{"hex_id":"H01800","district":"Турксиб","ecorisk":4.49,"ecorisk_oof":4.3,"high_risk_prob":0.0,"ndvi":0.327,"lst_c":23.7,"reports":3,"landuse":"Жилая"}},{"type":"Feature","geometry":{"type":"Point","coordinates":[77.06868,43.33392]},"properties":{"hex_id":"H01801","district":"Турксиб","ecorisk":3.97,"ecorisk_oof":3.26,"high_risk_prob":0.0,"ndvi":0.523,"lst_c":20.8,"reports":7,"landuse":"Парк/сквер"}},{"type":"Feature","geometry":{"type":"Point","coordinates":[77.07618,43.33392]},"properties":{"hex_id":"H01802","district":"Турксиб","ecorisk":4.39,"ecorisk_oof":4.8,"high_risk_prob":0.0,"ndvi":0.382,"lst_c":25.2,"reports":4,"landuse":"Пустырь"}},{"type":"Feature","geometry":{"type":"Point","coordinates":[77.08367,43.33392]},"properties":{"hex_id":"H01803","district":"Турксиб","ecorisk":4.06,"ecorisk_oof":4.17,"high_risk_prob":0.001,"ndvi":0.374,"lst_c":22.2,"reports":26,"landuse":"Пустырь"}},{"type":"Feature","geometry":{"type":"Point","coordinates":[77.09117,43.33392]},"properties":{"hex_id":"H01804","district":"Турксиб","ecorisk":4.52,"ecorisk_oof":4.75,"high_risk_prob":0.002,"ndvi":0.337,"lst_c":25.5,"reports":2,"landuse":"Жилая"}},{"type":"Feature","geometry":{"type":"Point","coordinates":[77.09867,43.33392]},"properties":{"hex_id":"H01805","district":"Турксиб","ecorisk":4.21,"ecorisk_oof":4.36,"high_risk_prob":0.0,"ndvi":0.384,"lst_c":22.2,"reports":2,"landuse":"Пустырь"}},{"type":"Feature","geometry":{"type":"Point","coordinates":[76.78,43.33865]},"properties":{"hex_id":"H01806","district":"Алатау","ecorisk":4.64,"ecorisk_oof":4.76,"high_risk_prob":0.001,"ndvi":0.355,"lst_c":23.8,"reports":2,"landuse":"Жилая"}},{"type":"Feature","geometry":{"type":"Point","coordinates":[76.7875,43.33865]},"properties":{"hex_id":"H01807","district":"Алатау","ecorisk":4.14,"ecorisk_oof":4.2,"high_risk_prob":0.001,"ndvi":0.344,"lst_c":24.0,"reports":2,"landuse":"Коммерческая"}},{"type":"Feature","geometry":{"type":"Point","coordinates":[76.795,43.33865]},"properties":{"hex_id":"H01808","district":"Алатау","ecorisk":4.59,"ecorisk_oof":4.79,"high_risk_prob":0.004,"ndvi":0.359,"lst_c":24.3,"reports":2,"landuse":"Коммерческая"}},{"type":"Feature","geometry":{"type":"Point","coordinates":[76.80249,43.33865]},"properties":{"hex_id":"H01809","district":"Алатау","ecorisk":4.31,"ecorisk_oof":4.43,"high_risk_prob":0.0,"ndvi":0.362,"lst_c":23.9,"reports":3,"landuse":"Парк/сквер"}},{"type":"Feature","geometry":{"type":"Point","coordinates":[76.80999,43.33865]},"properties":{"hex_id":"H01810","district":"Алатау","ecorisk":3.98,"ecorisk_oof":3.97,"high_risk_prob":0.0,"ndvi":0.365,"lst_c":24.4,"reports":3,"landuse":"Пустырь"}},{"type":"Feature","geometry":{"type":"Point","coordinates":[76.81749,43.33865]},"properties":{"hex_id":"H01811","district":"Алатау","ecorisk":4.84,"ecorisk_oof":5.07,"high_risk_prob":0.003,"ndvi":0.351,"lst_c":25.1,"reports":2,"landuse":"Парк/сквер"}},{"type":"Feature","geometry":{"type":"Point","coordinates":[76.82499,43.33865]},"properties":{"hex_id":"H01812","district":"Алатау","ecorisk":6.03,"ecorisk_oof":5.96,"high_risk_prob":0.122,"ndvi":0.294,"lst_c":25.7,"reports":14,"landuse":"Промышленная"}},{"type":"Feature","geometry":{"type":"Point","coordinates":[76.83249,43.33865]},"properties":{"hex_id":"H01813","district":"Алатау","ecorisk":4.56,"ecorisk_oof":4.52,"high_risk_prob":0.001,"ndvi":0.375,"lst_c":23.6,"reports":4,"landuse":"Пустырь"}},{"type":"Feature","geometry":{"type":"Point","coordinates":[76.83999,43.33865]},"properties":{"hex_id":"H01814","district":"Алатау","ecorisk":5.35,"ecorisk_oof":5.35,"high_risk_prob":0.006,"ndvi":0.329,"lst_c":23.4,"reports":4,"landuse":"Коммерческая"}},{"type":"Feature","geometry":{"type":"Point","coordinates":[76.84748,43.33865]},"properties":{"hex_id":"H01815","district":"Алатау","ecorisk":5.68,"ecorisk_oof":5.6,"high_risk_prob":0.017,"ndvi":0.34,"lst_c":24.4,"reports":23,"landuse":"Парк/сквер"}},{"type":"Feature","geometry":{"type":"Point","coordinates":[76.85498,43.33865]},"properties":{"hex_id":"H01816","district":"Алатау","ecorisk":5.94,"ecorisk_oof":5.62,"high_risk_prob":0.072,"ndvi":0.359,"lst_c":27.4,"reports":12,"landuse":"Пустырь"}},{"type":"Feature","geometry":{"type":"Point","coordinates":[76.86248,43.33865]},"properties":{"hex_id":"H01817","district":"Алатау","ecorisk":4.91,"ecorisk_oof":5.07,"high_risk_prob":0.002,"ndvi":0.314,"lst_c":24.0,"reports":2,"landuse":"Жилая"}},{"type":"Feature","geometry":{"type":"Point","coordinates":[76.86998,43.33865]},"properties":{"hex_id":"H01818","district":"Алатау","ecorisk":4.94,"ecorisk_oof":5.37,"high_risk_prob":0.022,"ndvi":0.277,"lst_c":25.2,"reports":12,"landuse":"Парк/сквер"}},{"type":"Feature","geometry":{"type":"Point","coordinates":[76.87748,43.33865]},"properties":{"hex_id":"H01819","district":"Алатау","ecorisk":4.47,"ecorisk_oof":4.7,"high_risk_prob":0.019,"ndvi":0.287,"lst_c":24.4,"reports":1,"landuse":"Жилая"}},{"type":"Feature","geometry":{"type":"Point","coordinates":[76.88497,43.33865]},"properties":{"hex_id":"H01820","district":"Алатау","ecorisk":4.68,"ecorisk_oof":4.76,"high_risk_prob":0.025,"ndvi":0.339,"lst_c":25.5,"reports":3,"landuse":"Жилая"}},{"type":"Feature","geometry":{"type":"Point","coordinates":[76.89247,43.33865]},"properties":{"hex_id":"H01821","district":"Алатау","ecorisk":4.8,"ecorisk_oof":4.96,"high_risk_prob":0.007,"ndvi":0.33,"lst_c":25.4,"reports":2,"landuse":"Пустырь"}},{"type":"Feature","geometry":{"type":"Point","coordinates":[76.89997,43.33865]},"properties":{"hex_id":"H01822","district":"Алатау","ecorisk":5.95,"ecorisk_oof":5.8,"high_risk_prob":0.176,"ndvi":0.324,"lst_c":25.4,"reports":18,"landuse":"Пустырь"}},{"type":"Feature","geometry":{"type":"Point","coordinates":[76.90747,43.33865]},"properties":{"hex_id":"H01823","district":"Алатау","ecorisk":4.96,"ecorisk_oof":5.16,"high_risk_prob":0.052,"ndvi":0.325,"lst_c":25.5,"reports":0,"landuse":"Жилая"}},{"type":"Feature","geometry":{"type":"Point","coordinates":[76.91497,43.33865]},"properties":{"hex_id":"H01824","district":"Алатау","ecorisk":4.47,"ecorisk_oof":4.74,"high_risk_prob":0.001,"ndvi":0.343,"lst_c":26.9,"reports":2,"landuse":"Парк/сквер"}},{"type":"Feature","geometry":{"type":"Point","coordinates":[76.92246,43.33865]},"properties":{"hex_id":"H01825","district":"Алатау","ecorisk":5.05,"ecorisk_oof":4.76,"high_risk_prob":0.005,"ndvi":0.27,"lst_c":27.6,"reports":3,"landuse":"Транспорт"}},{"type":"Feature","geometry":{"type":"Point","coordinates":[76.92996,43.33865]},"properties":{"hex_id":"H01826","district":"Турксиб","ecorisk":4.82,"ecorisk_oof":4.97,"high_risk_prob":0.002,"ndvi":0.338,"lst_c":26.2,"reports":4,"landuse":"Парк/сквер"}},{"type":"Feature","geometry":{"type":"Point","coordinates":[76.93746,43.33865]},"properties":{"hex_id":"H01827","district":"Турксиб","ecorisk":5.56,"ecorisk_oof":5.68,"high_risk_prob":0.037,"ndvi":0.3,"lst_c":24.6,"reports":10,"landuse":"Пустырь"}},{"type":"Feature","geometry":{"type":"Point","coordinates":[76.94496,43.33865]},"properties":{"hex_id":"H01828","district":"Турксиб","ecorisk":6.09,"ecorisk_oof":6.21,"high_risk_prob":0.555,"ndvi":0.34,"lst_c":26.2,"reports":22,"landuse":"Пустырь"}},{"type":"Feature","geometry":{"type":"Point","coordinates":[76.95246,43.33865]},"properties":{"hex_id":"H01829","district":"Турксиб","ecorisk":5.07,"ecorisk_oof":4.6,"high_risk_prob":0.003,"ndvi":0.304,"lst_c":25.0,"reports":3,"landuse":"Транспорт"}},{"type":"Feature","geometry":{"type":"Point","coordinates":[76.95996,43.33865]},"properties":{"hex_id":"H01830","district":"Турксиб","ecorisk":4.12,"ecorisk_oof":4.43,"high_risk_prob":0.0,"ndvi":0.384,"lst_c":22.9,"reports":12,"landuse":"Пустырь"}},{"type":"Feature","geometry":{"type":"Point","coordinates":[76.96745,43.33865]},"properties":{"hex_id":"H01831","district":"Турксиб","ecorisk":3.74,"ecorisk_oof":3.57,"high_risk_prob":0.001,"ndvi":0.314,"lst_c":24.0,"reports":5,"landuse":"Пустырь"}},{"type":"Feature","geometry":{"type":"Point","coordinates":[76.97495,43.33865]},"properties":{"hex_id":"H01832","district":"Турксиб","ecorisk":5.55,"ecorisk_oof":5.61,"high_risk_prob":0.001,"ndvi":0.384,"lst_c":23.3,"reports":31,"landuse":"Пустырь"}},{"type":"Feature","geometry":{"type":"Point","coordinates":[76.98245,43.33865]},"properties":{"hex_id":"H01833","district":"Турксиб","ecorisk":5.52,"ecorisk_oof":5.7,"high_risk_prob":0.011,"ndvi":0.378,"lst_c":26.6,"reports":18,"landuse":"Парк/сквер"}},{"type":"Feature","geometry":{"type":"Point","coordinates":[76.98995,43.33865]},"properties":{"hex_id":"H01834","district":"Турксиб","ecorisk":4.21,"ecorisk_oof":4.18,"high_risk_prob":0.001,"ndvi":0.315,"lst_c":22.8,"reports":3,"landuse":"Пустырь"}},{"type":"Feature","geometry":{"type":"Point","coordinates":[76.99745,43.33865]},"properties":{"hex_id":"H01835","district":"Турксиб","ecorisk":5.66,"ecorisk_oof":5.49,"high_risk_prob":0.001,"ndvi":0.369,"lst_c":21.3,"reports":31,"landuse":"Пустырь"}},{"type":"Feature","geometry":{"type":"Point","coordinates":[77.00494,43.33865]},"properties":{"hex_id":"H01836","district":"Турксиб","ecorisk":5.13,"ecorisk_oof":5.27,"high_risk_prob":0.001,"ndvi":0.367,"lst_c":24.0,"reports":7,"landuse":"Пустырь"}},{"type":"Feature","geometry":{"type":"Point","coordinates":[77.01244,43.33865]},"properties":{"hex_id":"H01837","district":"Турксиб","ecorisk":4.03,"ecorisk_oof":4.11,"high_risk_prob":0.0,"ndvi":0.316,"lst_c":24.6,"reports":2,"landuse":"Коммерческая"}},{"type":"Feature","geometry":{"type":"Point","coordinates":[77.01994,43.33865]},"properties":{"hex_id":"H01838","district":"Турксиб","ecorisk":4.03,"ecorisk_oof":4.14,"high_risk_prob":0.0,"ndvi":0.417,"lst_c":22.8,"reports":12,"landuse":"Коммерческая"}},{"type":"Feature","geometry":{"type":"Point","coordinates":[77.02744,43.33865]},"properties":{"hex_id":"H01839","district":"Турксиб","ecorisk":4.27,"ecorisk_oof":4.29,"high_risk_prob":0.001,"ndvi":0.382,"lst_c":22.7,"reports":4,"landuse":"Пустырь"}},{"type":"Feature","geometry":{"type":"Point","coordinates":[77.03494,43.33865]},"properties":{"hex_id":"H01840","district":"Турксиб","ecorisk":5.18,"ecorisk_oof":5.3,"high_risk_prob":0.001,"ndvi":0.332,"lst_c":22.8,"reports":25,"landuse":"Пустырь"}},{"type":"Feature","geometry":{"type":"Point","coordinates":[77.04243,43.33865]},"properties":{"hex_id":"H01841","district":"Турксиб","ecorisk":4.59,"ecorisk_oof":4.56,"high_risk_prob":0.001,"ndvi":0.34,"lst_c":23.7,"reports":3,"landuse":"Пустырь"}},{"type":"Feature","geometry":{"type":"Point","coordinates":[77.04993,43.33865]},"properties":{"hex_id":"H01842","district":"Турксиб","ecorisk":5.6,"ecorisk_oof":5.6,"high_risk_prob":0.016,"ndvi":0.387,"lst_c":23.1,"reports":18,"landuse":"Пустырь"}},{"type":"Feature","geometry":{"type":"Point","coordinates":[77.05743,43.33865]},"properties":{"hex_id":"H01843","district":"Турксиб","ecorisk":3.73,"ecorisk_oof":3.87,"high_risk_prob":0.0,"ndvi":0.424,"lst_c":23.4,"reports":4,"landuse":"Пустырь"}},{"type":"Feature","geometry":{"type":"Point","coordinates":[77.06493,43.33865]},"properties":{"hex_id":"H01844","district":"Турксиб","ecorisk":3.59,"ecorisk_oof":3.79,"high_risk_prob":0.0,"ndvi":0.373,"lst_c":23.7,"reports":2,"landuse":"Жилая"}},{"type":"Feature","geometry":{"type":"Point","coordinates":[77.07243,43.33865]},"properties":{"hex_id":"H01845","district":"Турксиб","ecorisk":5.16,"ecorisk_oof":5.33,"high_risk_prob":0.001,"ndvi":0.395,"lst_c":24.9,"reports":9,"landuse":"Промышленная"}},{"type":"Feature","geometry":{"type":"Point","coordinates":[77.07993,43.33865]},"properties":{"hex_id":"H01846","district":"Турксиб","ecorisk":3.92,"ecorisk_oof":3.83,"high_risk_prob":0.0,"ndvi":0.459,"lst_c":22.4,"reports":3,"landuse":"Парк/сквер"}},{"type":"Feature","geometry":{"type":"Point","coordinates":[77.08742,43.33865]},"properties":{"hex_id":"H01847","district":"Турксиб","ecorisk":4.89,"ecorisk_oof":4.94,"high_risk_prob":0.001,"ndvi":0.389,"lst_c":24.6,"reports":11,"landuse":"Пустырь"}},{"type":"Feature","geometry":{"type":"Point","coordinates":[77.09492,43.33865]},"properties":{"hex_id":"H01848","district":"Турксиб","ecorisk":5.17,"ecorisk_oof":4.78,"high_risk_prob":0.001,"ndvi":0.335,"lst_c":25.8,"reports":3,"landuse":"Пустырь"}},{"type":"Feature","geometry":{"type":"Point","coordinates":[76.78375,43.34338]},"properties":{"hex_id":"H01849","district":"Алатау","ecorisk":4.43,"ecorisk_oof":4.49,"high_risk_prob":0.001,"ndvi":0.339,"lst_c":25.3,"reports":5,"landuse":"Жилая"}},{"type":"Feature","geometry":{"type":"Point","coordinates":[76.79125,43.34338]},"properties":{"hex_id":"H01850","district":"Алатау","ecorisk":4.52,"ecorisk_oof":4.89,"high_risk_prob":0.001,"ndvi":0.299,"lst_c":23.3,"reports":3,"landuse":"Пустырь"}},{"type":"Feature","geometry":{"type":"Point","coordinates":[76.79875,43.34338]},"properties":{"hex_id":"H01851","district":"Алатау","ecorisk":4.0,"ecorisk_oof":4.14,"high_risk_prob":0.0,"ndvi":0.362,"lst_c":24.2,"reports":3,"landuse":"Парк/сквер"}},{"type":"Feature","geometry":{"type":"Point","coordinates":[76.80624,43.34338]},"properties":{"hex_id":"H01852","district":"Алатау","ecorisk":4.03,"ecorisk_oof":4.23,"high_risk_prob":0.001,"ndvi":0.344,"lst_c":23.9,"reports":2,"landuse":"Жилая"}},{"type":"Feature","geometry":{"type":"Point","coordinates":[76.81374,43.34338]},"properties":{"hex_id":"H01853","district":"Алатау","ecorisk":4.64,"ecorisk_oof":4.54,"high_risk_prob":0.005,"ndvi":0.405,"lst_c":23.6,"reports":19,"landuse":"Пустырь"}},{"type":"Feature","geometry":{"type":"Point","coordinates":[76.82124,43.34338]},"properties":{"hex_id":"H01854","district":"Алатау","ecorisk":3.93,"ecorisk_oof":4.34,"high_risk_prob":0.001,"ndvi":0.428,"lst_c":26.1,"reports":3,"landuse":"Жилая"}},{"type":"Feature","geometry":{"type":"Point","coordinates":[76.82874,43.34338]},"properties":{"hex_id":"H01855","district":"Алатау","ecorisk":5.04,"ecorisk_oof":5.27,"high_risk_prob":0.001,"ndvi":0.291,"lst_c":24.8,"reports":2,"landuse":"Пустырь"}},{"type":"Feature","geometry":{"type":"Point","coordinates":[76.83624,43.34338]},"properties":{"hex_id":"H01856","district":"Алатау","ecorisk":4.8,"ecorisk_oof":4.96,"high_risk_prob":0.003,"ndvi":0.389,"lst_c":24.1,"reports":17,"landuse":"Промышленная"}},{"type":"Feature","geometry":{"type":"Point","coordinates":[76.84373,43.34338]},"properties":{"hex_id":"H01857","district":"Алатау","ecorisk":6.74,"ecorisk_oof":6.34,"high_risk_prob":0.906,"ndvi":0.333,"lst_c":25.9,"reports":33,"landuse":"Пустырь"}},{"type":"Feature","geometry":{"type":"Point","coordinates":[76.85123,43.34338]},"properties":{"hex_id":"H01858","district":"Алатау","ecorisk":5.81,"ecorisk_oof":5.71,"high_risk_prob":0.064,"ndvi":0.292,"lst_c":26.4,"reports":9,"landuse":"Пустырь"}},{"type":"Feature","geometry":{"type":"Point","coordinates":[76.85873,43.34338]},"properties":{"hex_id":"H01859","district":"Алатау","ecorisk":4.7,"ecorisk_oof":4.73,"high_risk_prob":0.0,"ndvi":0.394,"lst_c":24.0,"reports":8,"landuse":"Транспорт"}},{"type":"Feature","geometry":{"type":"Point","coordinates":[76.86623,43.34338]},"properties":{"hex_id":"H01860","district":"Алатау","ecorisk":5.82,"ecorisk_oof":5.77,"high_risk_prob":0.128,"ndvi":0.237,"lst_c":25.9,"reports":2,"landuse":"Пустырь"}},{"type":"Feature","geometry":{"type":"Point","coordinates":[76.87373,43.34338]},"properties":{"hex_id":"H01861","district":"Алатау","ecorisk":4.81,"ecorisk_oof":4.96,"high_risk_prob":0.002,"ndvi":0.355,"lst_c":25.7,"reports":3,"landuse":"Жилая"}},{"type":"Feature","geometry":{"type":"Point","coordinates":[76.88122,43.34338]},"properties":{"hex_id":"H01862","district":"Алатау","ecorisk":5.31,"ecorisk_oof":5.34,"high_risk_prob":0.003,"ndvi":0.308,"lst_c":24.8,"reports":15,"landuse":"Пустырь"}},{"type":"Feature","geometry":{"type":"Point","coordinates":[76.88872,43.34338]},"properties":{"hex_id":"H01863","district":"Алатау","ecorisk":4.51,"ecorisk_oof":4.61,"high_risk_prob":0.002,"ndvi":0.36,"lst_c":25.2,"reports":0,"landuse":"Парк/сквер"}},{"type":"Feature","geometry":{"type":"Point","coordinates":[76.89622,43.34338]},"properties":{"hex_id":"H01864","district":"Алатау","ecorisk":4.98,"ecorisk_oof":5.06,"high_risk_prob":0.01,"ndvi":0.382,"lst_c":24.7,"reports":12,"landuse":"Пустырь"}},{"type":"Feature","geometry":{"type":"Point","coordinates":[76.90372,43.34338]},"properties":{"hex_id":"H01865","district":"Алатау","ecorisk":6.0,"ecorisk_oof":5.85,"high_risk_prob":0.028,"ndvi":0.309,"lst_c":24.5,"reports":11,"landuse":"Пустырь"}},{"type":"Feature","geometry":{"type":"Point","coordinates":[76.91122,43.34338]},"properties":{"hex_id":"H01866","district":"Алатау","ecorisk":4.9,"ecorisk_oof":4.82,"high_risk_prob":0.003,"ndvi":0.284,"lst_c":27.1,"reports":4,"landuse":"Коммерческая"}},{"type":"Feature","geometry":{"type":"Point","coordinates":[76.91872,43.34338]},"properties":{"hex_id":"H01867","district":"Алатау","ecorisk":5.23,"ecorisk_oof":5.48,"high_risk_prob":0.017,"ndvi":0.323,"lst_c":24.9,"reports":2,"landuse":"Коммерческая"}},{"type":"Feature","geometry":{"type":"Point","coordinates":[76.92621,43.34338]},"properties":{"hex_id":"H01868","district":"Турксиб","ecorisk":4.82,"ecorisk_oof":4.91,"high_risk_prob":0.003,"ndvi":0.327,"lst_c":25.3,"reports":2,"landuse":"Пустырь"}},{"type":"Feature","geometry":{"type":"Point","coordinates":[76.93371,43.34338]},"properties":{"hex_id":"H01869","district":"Турксиб","ecorisk":4.68,"ecorisk_oof":4.77,"high_risk_prob":0.001,"ndvi":0.364,"lst_c":25.4,"reports":2,"landuse":"Пустырь"}},{"type":"Feature","geometry":{"type":"Point","coordinates":[76.94121,43.34338]},"properties":{"hex_id":"H01870","district":"Турксиб","ecorisk":3.7,"ecorisk_oof":4.13,"high_risk_prob":0.0,"ndvi":0.368,"lst_c":22.2,"reports":4,"landuse":"Жилая"}},{"type":"Feature","geometry":{"type":"Point","coordinates":[76.94871,43.34338]},"properties":{"hex_id":"H01871","district":"Турксиб","ecorisk":3.91,"ecorisk_oof":4.38,"high_risk_prob":0.001,"ndvi":0.368,"lst_c":23.4,"reports":1,"landuse":"Транспорт"}},{"type":"Feature","geometry":{"type":"Point","coordinates":[76.95621,43.34338]},"properties":{"hex_id":"H01872","district":"Турксиб","ecorisk":4.8,"ecorisk_oof":5.19,"high_risk_prob":0.002,"ndvi":0.36,"lst_c":25.4,"reports":5,"landuse":"Транспорт"}},{"type":"Feature","geometry":{"type":"Point","coordinates":[76.9637,43.34338]},"properties":{"hex_id":"H01873","district":"Турксиб","ecorisk":5.51,"ecorisk_oof":5.41,"high_risk_prob":0.014,"ndvi":0.344,"lst_c":26.1,"reports":12,"landuse":"Пустырь"}},{"type":"Feature","geometry":{"type":"Point","coordinates":[76.9712,43.34338]},"properties":{"hex_id":"H01874","district":"Турксиб","ecorisk":4.12,"ecorisk_oof":4.13,"high_risk_prob":0.001,"ndvi":0.379,"lst_c":24.8,"reports":3,"landuse":"Коммерческая"}},{"type":"Feature","geometry":{"type":"Point","coordinates":[76.9787,43.34338]},"properties":{"hex_id":"H01875","district":"Турксиб","ecorisk":3.99,"ecorisk_oof":4.18,"high_risk_prob":0.0,"ndvi":0.368,"lst_c":23.7,"reports":7,"landuse":"Коммерческая"}},{"type":"Feature","geometry":{"type":"Point","coordinates":[76.9862,43.34338]},"properties":{"hex_id":"H01876","district":"Турксиб","ecorisk":4.65,"ecorisk_oof":4.67,"high_risk_prob":0.002,"ndvi":0.378,"lst_c":24.0,"reports":16,"landuse":"Пустырь"}},{"type":"Feature","geometry":{"type":"Point","coordinates":[76.9937,43.34338]},"properties":{"hex_id":"H01877","district":"Турксиб","ecorisk":4.15,"ecorisk_oof":3.98,"high_risk_prob":0.001,"ndvi":0.354,"lst_c":24.3,"reports":3,"landuse":"Коммерческая"}},{"type":"Feature","geometry":{"type":"Point","coordinates":[77.00119,43.34338]},"properties":{"hex_id":"H01878","district":"Турксиб","ecorisk":4.04,"ecorisk_oof":3.93,"high_risk_prob":0.0,"ndvi":0.354,"lst_c":23.2,"reports":0,"landuse":"Парк/сквер"}},{"type":"Feature","geometry":{"type":"Point","coordinates":[77.00869,43.34338]},"properties":{"hex_id":"H01879","district":"Турксиб","ecorisk":3.92,"ecorisk_oof":3.81,"high_risk_prob":0.001,"ndvi":0.417,"lst_c":22.2,"reports":2,"landuse":"Пустырь"}},{"type":"Feature","geometry":{"type":"Point","coordinates":[77.01619,43.34338]},"properties":{"hex_id":"H01880","district":"Турксиб","ecorisk":4.46,"ecorisk_oof":4.04,"high_risk_prob":0.001,"ndvi":0.294,"lst_c":24.0,"reports":1,"landuse":"Парк/сквер"}},{"type":"Feature","geometry":{"type":"Point","coordinates":[77.02369,43.34338]},"properties":{"hex_id":"H01881","district":"Турксиб","ecorisk":3.35,"ecorisk_oof":3.93,"high_risk_prob":0.0,"ndvi":0.402,"lst_c":23.8,"reports":3,"landuse":"Жилая"}},{"type":"Feature","geometry":{"type":"Point","coordinates":[77.03119,43.34338]},"properties":{"hex_id":"H01882","district":"Турксиб","ecorisk":3.26,"ecorisk_oof":3.21,"high_risk_prob":0.001,"ndvi":0.436,"lst_c":25.1,"reports":1,"landuse":"Пустырь"}},{"type":"Feature","geometry":{"type":"Point","coordinates":[77.03869,43.34338]},"properties":{"hex_id":"H01883","district":"Турксиб","ecorisk":4.29,"ecorisk_oof":4.09,"high_risk_prob":0.001,"ndvi":0.373,"lst_c":24.5,"reports":2,"landuse":"Пустырь"}},{"type":"Feature","geometry":{"type":"Point","coordinates":[77.04618,43.34338]},"properties":{"hex_id":"H01884","district":"Турксиб","ecorisk":3.73,"ecorisk_oof":4.01,"high_risk_prob":0.0,"ndvi":0.443,"lst_c":22.7,"reports":3,"landuse":"Жилая"}},{"type":"Feature","geometry":{"type":"Point","coordinates":[77.05368,43.34338]},"properties":{"hex_id":"H01885","district":"Турксиб","ecorisk":4.68,"ecorisk_oof":4.8,"high_risk_prob":0.001,"ndvi":0.267,"lst_c":24.0,"reports":2,"landuse":"Коммерческая"}},{"type":"Feature","geometry":{"type":"Point","coordinates":[77.06118,43.34338]},"properties":{"hex_id":"H01886","district":"Турксиб","ecorisk":5.32,"ecorisk_oof":5.47,"high_risk_prob":0.005,"ndvi":0.358,"lst_c":25.2,"reports":17,"landuse":"Пустырь"}},{"type":"Feature","geometry":{"type":"Point","coordinates":[77.06868,43.34338]},"properties":{"hex_id":"H01887","district":"Турксиб","ecorisk":3.81,"ecorisk_oof":3.71,"high_risk_prob":0.0,"ndvi":0.411,"lst_c":23.0,"reports":3,"landuse":"Парк/сквер"}},{"type":"Feature","geometry":{"type":"Point","coordinates":[77.07618,43.34338]},"properties":{"hex_id":"H01888","district":"Турксиб","ecorisk":3.4,"ecorisk_oof":3.33,"high_risk_prob":0.0,"ndvi":0.436,"lst_c":21.6,"reports":1,"landuse":"Коммерческая"}},{"type":"Feature","geometry":{"type":"Point","coordinates":[77.08367,43.34338]},"properties":{"hex_id":"H01889","district":"Турксиб","ecorisk":5.28,"ecorisk_oof":5.13,"high_risk_prob":0.015,"ndvi":0.417,"lst_c":25.7,"reports":25,"landuse":"Пустырь"}},{"type":"Feature","geometry":{"type":"Point","coordinates":[77.09117,43.34338]},"properties":{"hex_id":"H01890","district":"Турксиб","ecorisk":4.23,"ecorisk_oof":3.91,"high_risk_prob":0.0,"ndvi":0.427,"lst_c":22.8,"reports":3,"landuse":"Парк/сквер"}},{"type":"Feature","geometry":{"type":"Point","coordinates":[77.09867,43.34338]},"properties":{"hex_id":"H01891","district":"Турксиб","ecorisk":4.37,"ecorisk_oof":4.15,"high_risk_prob":0.001,"ndvi":0.377,"lst_c":23.8,"reports":5,"landuse":"Промышленная"}},{"type":"Feature","geometry":{"type":"Point","coordinates":[76.78,43.34811]},"properties":{"hex_id":"H01892","district":"Алатау","ecorisk":5.17,"ecorisk_oof":5.33,"high_risk_prob":0.002,"ndvi":0.381,"lst_c":22.5,"reports":28,"landuse":"Пустырь"}},{"type":"Feature","geometry":{"type":"Point","coordinates":[76.7875,43.34811]},"properties":{"hex_id":"H01893","district":"Алатау","ecorisk":4.29,"ecorisk_oof":4.77,"high_risk_prob":0.001,"ndvi":0.323,"lst_c":24.7,"reports":6,"landuse":"Промышленная"}},{"type":"Feature","geometry":{"type":"Point","coordinates":[76.795,43.34811]},"properties":{"hex_id":"H01894","district":"Алатау","ecorisk":5.29,"ecorisk_oof":5.63,"high_risk_prob":0.074,"ndvi":0.342,"lst_c":24.4,"reports":17,"landuse":"Транспорт"}},{"type":"Feature","geometry":{"type":"Point","coordinates":[76.80249,43.34811]},"properties":{"hex_id":"H01895","district":"Алатау","ecorisk":5.35,"ecorisk_oof":5.42,"high_risk_prob":0.01,"ndvi":0.306,"lst_c":24.6,"reports":14,"landuse":"Пустырь"}},{"type":"Feature","geometry":{"type":"Point","coordinates":[76.80999,43.34811]},"properties":{"hex_id":"H01896","district":"Алатау","ecorisk":4.37,"ecorisk_oof":4.86,"high_risk_prob":0.003,"ndvi":0.324,"lst_c":24.5,"reports":2,"landuse":"Транспорт"}},{"type":"Feature","geometry":{"type":"Point","coordinates":[76.81749,43.34811]},"properties":{"hex_id":"H01897","district":"Алатау","ecorisk":5.62,"ecorisk_oof":5.38,"high_risk_prob":0.007,"ndvi":0.394,"lst_c":24.0,"reports":14,"landuse":"Пустырь"}},{"type":"Feature","geometry":{"type":"Point","coordinates":[76.82499,43.34811]},"properties":{"hex_id":"H01898","district":"Алатау","ecorisk":3.84,"ecorisk_oof":4.34,"high_risk_prob":0.0,"ndvi":0.313,"lst_c":25.2,"reports":4,"landuse":"Коммерческая"}},{"type":"Feature","geometry":{"type":"Point","coordinates":[76.83249,43.34811]},"properties":{"hex_id":"H01899","district":"Алатау","ecorisk":5.4,"ecorisk_oof":5.44,"high_risk_prob":0.024,"ndvi":0.386,"lst_c":24.4,"reports":13,"landuse":"Пустырь"}},{"type":"Feature","geometry":{"type":"Point","coordinates":[76.83999,43.34811]},"properties":{"hex_id":"H01900","district":"Алатау","ecorisk":5.22,"ecorisk_oof":5.19,"high_risk_prob":0.029,"ndvi":0.28,"lst_c":26.5,"reports":1,"landuse":"Жилая"}},{"type":"Feature","geometry":{"type":"Point","coordinates":[76.84748,43.34811]},"properties":{"hex_id":"H01901","district":"Алатау","ecorisk":5.29,"ecorisk_oof":4.79,"high_risk_prob":0.003,"ndvi":0.372,"lst_c":25.5,"reports":1,"landuse":"Жилая"}},{"type":"Feature","geometry":{"type":"Point","coordinates":[76.85498,43.34811]},"properties":{"hex_id":"H01902","district":"Алатау","ecorisk":4.78,"ecorisk_oof":4.71,"high_risk_prob":0.004,"ndvi":0.398,"lst_c":25.5,"reports":12,"landuse":"Парк/сквер"}},{"type":"Feature","geometry":{"type":"Point","coordinates":[76.86248,43.34811]},"properties":{"hex_id":"H01903","district":"Алатау","ecorisk":5.27,"ecorisk_oof":5.19,"high_risk_prob":0.003,"ndvi":0.32,"lst_c":25.7,"reports":18,"landuse":"Парк/сквер"}},{"type":"Feature","geometry":{"type":"Point","coordinates":[76.86998,43.34811]},"properties":{"hex_id":"H01904","district":"Алатау","ecorisk":5.38,"ecorisk_oof":5.41,"high_risk_prob":0.047,"ndvi":0.282,"lst_c":26.0,"reports":19,"landuse":"Пустырь"}},{"type":"Feature","geometry":{"type":"Point","coordinates":[76.87748,43.34811]},"properties":{"hex_id":"H01905","district":"Алатау","ecorisk":4.58,"ecorisk_oof":4.35,"high_risk_prob":0.0,"ndvi":0.336,"lst_c":25.1,"reports":1,"landuse":"Транспорт"}},{"type":"Feature","geometry":{"type":"Point","coordinates":[76.88497,43.34811]},"properties":{"hex_id":"H01906","district":"Алатау","ecorisk":5.12,"ecorisk_oof":5.25,"high_risk_prob":0.038,"ndvi":0.312,"lst_c":26.4,"reports":2,"landuse":"Жилая"}},{"type":"Feature","geometry":{"type":"Point","coordinates":[76.89247,43.34811]},"properties":{"hex_id":"H01907","district":"Алатау","ecorisk":5.22,"ecorisk_oof":5.25,"high_risk_prob":0.001,"ndvi":0.332,"lst_c":24.0,"reports":10,"landuse":"Парк/сквер"}},{"type":"Feature","geometry":{"type":"Point","coordinates":[76.89997,43.34811]},"properties":{"hex_id":"H01908","district":"Алатау","ecorisk":6.29,"ecorisk_oof":6.19,"high_risk_prob":0.03,"ndvi":0.279,"lst_c":24.9,"reports":9,"landuse":"Пустырь"}},{"type":"Feature","geometry":{"type":"Point","coordinates":[76.90747,43.34811]},"properties":{"hex_id":"H01909","district":"Алатау","ecorisk":4.48,"ecorisk_oof":4.47,"high_risk_prob":0.0,"ndvi":0.342,"lst_c":23.9,"reports":7,"landuse":"Пустырь"}},{"type":"Feature","geometry":{"type":"Point","coordinates":[76.91497,43.34811]},"properties":{"hex_id":"H01910","district":"Алатау","ecorisk":4.95,"ecorisk_oof":4.76,"high_risk_prob":0.037,"ndvi":0.445,"lst_c":25.0,"reports":22,"landuse":"Пустырь"}},{"type":"Feature","geometry":{"type":"Point","coordinates":[76.92246,43.34811]},"properties":{"hex_id":"H01911","district":"Алатау","ecorisk":5.8,"ecorisk_oof":5.85,"high_risk_prob":0.009,"ndvi":0.348,"lst_c":25.2,"reports":15,"landuse":"Пустырь"}},{"type":"Feature","geometry":{"type":"Point","coordinates":[76.92996,43.34811]},"properties":{"hex_id":"H01912","district":"Турксиб","ecorisk":4.75,"ecorisk_oof":4.61,"high_risk_prob":0.001,"ndvi":0.29,"lst_c":24.2,"reports":1,"landuse":"Жилая"}},{"type":"Feature","geometry":{"type":"Point","coordinates":[76.93746,43.34811]},"properties":{"hex_id":"H01913","district":"Турксиб","ecorisk":4.87,"ecorisk_oof":4.86,"high_risk_prob":0.002,"ndvi":0.34,"lst_c":24.6,"reports":6,"landuse":"Пустырь"}},{"type":"Feature","geometry":{"type":"Point","coordinates":[76.94496,43.34811]},"properties":{"hex_id":"H01914","district":"Турксиб","ecorisk":5.2,"ecorisk_oof":5.25,"high_risk_prob":0.001,"ndvi":0.334,"lst_c":24.2,"reports":27,"landuse":"Пустырь"}},{"type":"Feature","geometry":{"type":"Point","coordinates":[76.95246,43.34811]},"properties":{"hex_id":"H01915","district":"Турксиб","ecorisk":3.95,"ecorisk_oof":4.08,"high_risk_prob":0.002,"ndvi":0.397,"lst_c":24.2,"reports":7,"landuse":"Транспорт"}},{"type":"Feature","geometry":{"type":"Point","coordinates":[76.95996,43.34811]},"properties":{"hex_id":"H01916","district":"Турксиб","ecorisk":4.24,"ecorisk_oof":4.68,"high_risk_prob":0.003,"ndvi":0.366,"lst_c":24.0,"reports":3,"landuse":"Жилая"}},{"type":"Feature","geometry":{"type":"Point","coordinates":[76.96745,43.34811]},"properties":{"hex_id":"H01917","district":"Турксиб","ecorisk":4.84,"ecorisk_oof":5.08,"high_risk_prob":0.001,"ndvi":0.374,"lst_c":21.2,"reports":17,"landuse":"Пустырь"}},{"type":"Feature","geometry":{"type":"Point","coordinates":[76.97495,43.34811]},"properties":{"hex_id":"H01918","district":"Турксиб","ecorisk":4.55,"ecorisk_oof":4.8,"high_risk_prob":0.001,"ndvi":0.322,"lst_c":24.4,"reports":2,"landuse":"Жилая"}},{"type":"Feature","geometry":{"type":"Point","coordinates":[76.98245,43.34811]},"properties":{"hex_id":"H01919","district":"Турксиб","ecorisk":4.35,"ecorisk_oof":4.35,"high_risk_prob":0.001,"ndvi":0.359,"lst_c":24.6,"reports":2,"landuse":"Парк/сквер"}},{"type":"Feature","geometry":{"type":"Point","coordinates":[76.98995,43.34811]},"properties":{"hex_id":"H01920","district":"Турксиб","ecorisk":5.52,"ecorisk_oof":5.41,"high_risk_prob":0.002,"ndvi":0.345,"lst_c":23.6,"reports":24,"landuse":"Пустырь"}},{"type":"Feature","geometry":{"type":"Point","coordinates":[76.99745,43.34811]},"properties":{"hex_id":"H01921","district":"Турксиб","ecorisk":4.87,"ecorisk_oof":4.78,"high_risk_prob":0.001,"ndvi":0.376,"lst_c":26.3,"reports":15,"landuse":"Парк/сквер"}},{"type":"Feature","geometry":{"type":"Point","coordinates":[77.00494,43.34811]},"properties":{"hex_id":"H01922","district":"Турксиб","ecorisk":4.3,"ecorisk_oof":4.1,"high_risk_prob":0.001,"ndvi":0.297,"lst_c":25.4,"reports":0,"landuse":"Жилая"}},{"type":"Feature","geometry":{"type":"Point","coordinates":[77.01244,43.34811]},"properties":{"hex_id":"H01923","district":"Турксиб","ecorisk":4.67,"ecorisk_oof":4.82,"high_risk_prob":0.001,"ndvi":0.35,"lst_c":25.1,"reports":2,"landuse":"Парк/сквер"}},{"type":"Feature","geometry":{"type":"Point","coordinates":[77.01994,43.34811]},"properties":{"hex_id":"H01924","district":"Турксиб","ecorisk":3.88,"ecorisk_oof":4.2,"high_risk_prob":0.0,"ndvi":0.39,"lst_c":23.5,"reports":2,"landuse":"Парк/сквер"}},{"type":"Feature","geometry":{"type":"Point","coordinates":[77.02744,43.34811]},"properties":{"hex_id":"H01925","district":"Турксиб","ecorisk":4.52,"ecorisk_oof":4.58,"high_risk_prob":0.001,"ndvi":0.401,"lst_c":22.9,"reports":9,"landuse":"Пустырь"}},{"type":"Feature","geometry":{"type":"Point","coordinates":[77.03494,43.34811]},"properties":{"hex_id":"H01926","district":"Турксиб","ecorisk":3.97,"ecorisk_oof":4.25,"high_risk_prob":0.001,"ndvi":0.388,"lst_c":23.4,"reports":1,"landuse":"Пустырь"}},{"type":"Feature","geometry":{"type":"Point","coordinates":[77.04243,43.34811]},"properties":{"hex_id":"H01927","district":"Турксиб","ecorisk":4.14,"ecorisk_oof":4.37,"high_risk_prob":0.0,"ndvi":0.316,"lst_c":23.6,"reports":3,"landuse":"Парк/сквер"}},{"type":"Feature","geometry":{"type":"Point","coordinates":[77.04993,43.34811]},"properties":{"hex_id":"H01928","district":"Турксиб","ecorisk":3.82,"ecorisk_oof":3.72,"high_risk_prob":0.0,"ndvi":0.36,"lst_c":22.6,"reports":0,"landuse":"Парк/сквер"}},{"type":"Feature","geometry":{"type":"Point","coordinates":[77.05743,43.34811]},"properties":{"hex_id":"H01929","district":"Турксиб","ecorisk":3.41,"ecorisk_oof":3.13,"high_risk_prob":0.001,"ndvi":0.469,"lst_c":21.4,"reports":2,"landuse":"Пустырь"}},{"type":"Feature","geometry":{"type":"Point","coordinates":[77.06493,43.34811]},"properties":{"hex_id":"H01930","district":"Турксиб","ecorisk":4.63,"ecorisk_oof":4.86,"high_risk_prob":0.001,"ndvi":0.309,"lst_c":23.3,"reports":4,"landuse":"Пустырь"}},{"type":"Feature","geometry":{"type":"Point","coordinates":[77.07243,43.34811]},"properties":{"hex_id":"H01931","district":"Турксиб","ecorisk":5.72,"ecorisk_oof":5.78,"high_risk_prob":0.009,"ndvi":0.372,"lst_c":25.6,"reports":19,"landuse":"Пустырь"}},{"type":"Feature","geometry":{"type":"Point","coordinates":[77.07993,43.34811]},"properties":{"hex_id":"H01932","district":"Турксиб","ecorisk":3.75,"ecorisk_oof":3.73,"high_risk_prob":0.0,"ndvi":0.406,"lst_c":22.0,"reports":2,"landuse":"Пустырь"}},{"type":"Feature","geometry":{"type":"Point","coordinates":[77.08742,43.34811]},"properties":{"hex_id":"H01933","district":"Турксиб","ecorisk":3.91,"ecorisk_oof":3.91,"high_risk_prob":0.0,"ndvi":0.402,"lst_c":22.8,"reports":0,"landuse":"Жилая"}},{"type":"Feature","geometry":{"type":"Point","coordinates":[77.09492,43.34811]},"properties":{"hex_id":"H01934","district":"Турксиб","ecorisk":5.01,"ecorisk_oof":5.25,"high_risk_prob":0.003,"ndvi":0.301,"lst_c":22.7,"reports":14,"landuse":"Пустырь"}},{"type":"Feature","geometry":{"type":"Point","coordinates":[76.78375,43.35284]},"properties":{"hex_id":"H01935","district":"Алатау","ecorisk":4.85,"ecorisk_oof":4.83,"high_risk_prob":0.004,"ndvi":0.39,"lst_c":24.4,"reports":1,"landuse":"Пустырь"}},{"type":"Feature","geometry":{"type":"Point","coordinates":[76.79125,43.35284]},"properties":{"hex_id":"H01936","district":"Алатау","ecorisk":5.24,"ecorisk_oof":5.34,"high_risk_prob":0.008,"ndvi":0.362,"lst_c":25.0,"reports":15,"landuse":"Пустырь"}},{"type":"Feature","geometry":{"type":"Point","coordinates":[76.79875,43.35284]},"properties":{"hex_id":"H01937","district":"Алатау","ecorisk":4.73,"ecorisk_oof":5.01,"high_risk_prob":0.001,"ndvi":0.332,"lst_c":25.3,"reports":7,"landuse":"Пустырь"}},{"type":"Feature","geometry":{"type":"Point","coordinates":[76.80624,43.35284]},"properties":{"hex_id":"H01938","district":"Алатау","ecorisk":4.37,"ecorisk_oof":4.93,"high_risk_prob":0.004,"ndvi":0.402,"lst_c":22.4,"reports":1,"landuse":"Парк/сквер"}},{"type":"Feature","geometry":{"type":"Point","coordinates":[76.81374,43.35284]},"properties":{"hex_id":"H01939","district":"Алатау","ecorisk":4.58,"ecorisk_oof":4.87,"high_risk_prob":0.002,"ndvi":0.294,"lst_c":24.5,"reports":2,"landuse":"Транспорт"}},{"type":"Feature","geometry":{"type":"Point","coordinates":[76.82124,43.35284]},"properties":{"hex_id":"H01940","district":"Алатау","ecorisk":5.51,"ecorisk_oof":5.42,"high_risk_prob":0.007,"ndvi":0.311,"lst_c":24.8,"reports":13,"landuse":"Парк/сквер"}},{"type":"Feature","geometry":{"type":"Point","coordinates":[76.82874,43.35284]},"properties":{"hex_id":"H01941","district":"Алатау","ecorisk":4.69,"ecorisk_oof":4.92,"high_risk_prob":0.003,"ndvi":0.361,"lst_c":26.9,"reports":22,"landuse":"Пустырь"}},{"type":"Feature","geometry":{"type":"Point","coordinates":[76.83624,43.35284]},"properties":{"hex_id":"H01942","district":"Алатау","ecorisk":6.33,"ecorisk_oof":6.3,"high_risk_prob":0.749,"ndvi":0.364,"lst_c":25.5,"reports":24,"landuse":"Пустырь"}},{"type":"Feature","geometry":{"type":"Point","coordinates":[76.84373,43.35284]},"properties":{"hex_id":"H01943","district":"Алатау","ecorisk":4.23,"ecorisk_oof":4.31,"high_risk_prob":0.001,"ndvi":0.329,"lst_c":23.0,"reports":1,"landuse":"Парк/сквер"}},{"type":"Feature","geometry":{"type":"Point","coordinates":[76.85123,43.35284]},"properties":{"hex_id":"H01944","district":"Алатау","ecorisk":5.28,"ecorisk_oof":5.18,"high_risk_prob":0.008,"ndvi":0.356,"lst_c":26.3,"reports":2,"landuse":"Парк/сквер"}},{"type":"Feature","geometry":{"type":"Point","coordinates":[76.85873,43.35284]},"properties":{"hex_id":"H01945","district":"Алатау","ecorisk":5.56,"ecorisk_oof":5.66,"high_risk_prob":0.05,"ndvi":0.361,"lst_c":25.4,"reports":23,"landuse":"Пустырь"}},{"type":"Feature","geometry":{"type":"Point","coordinates":[76.86623,43.35284]},"properties":{"hex_id":"H01946","district":"Алатау","ecorisk":3.94,"ecorisk_oof":3.87,"high_risk_prob":0.0,"ndvi":0.394,"lst_c":24.2,"reports":1,"landuse":"Пустырь"}},{"type":"Feature","geometry":{"type":"Point","coordinates":[76.87373,43.35284]},"properties":{"hex_id":"H01947","district":"Алатау","ecorisk":5.31,"ecorisk_oof":5.04,"high_risk_prob":0.002,"ndvi":0.355,"lst_c":26.5,"reports":21,"landuse":"Промышленная"}},{"type":"Feature","geometry":{"type":"Point","coordinates":[76.88122,43.35284]},"properties":{"hex_id":"H01948","district":"Алатау","ecorisk":6.11,"ecorisk_oof":5.86,"high_risk_prob":0.058,"ndvi":0.264,"lst_c":25.7,"reports":11,"landuse":"Жилая"}},{"type":"Feature","geometry":{"type":"Point","coordinates":[76.88872,43.35284]},"properties":{"hex_id":"H01949","district":"Алатау","ecorisk":6.42,"ecorisk_oof":6.39,"high_risk_prob":0.74,"ndvi":0.279,"lst_c":26.5,"reports":17,"landuse":"Пустырь"}},{"type":"Feature","geometry":{"type":"Point","coordinates":[76.89622,43.35284]},"properties":{"hex_id":"H01950","district":"Алатау","ecorisk":4.94,"ecorisk_oof":4.98,"high_risk_prob":0.002,"ndvi":0.309,"lst_c":25.9,"reports":1,"landuse":"Пустырь"}},{"type":"Feature","geometry":{"type":"Point","coordinates":[76.90372,43.35284]},"properties":{"hex_id":"H01951","district":"Алатау","ecorisk":4.18,"ecorisk_oof":4.61,"high_risk_prob":0.003,"ndvi":0.369,"lst_c":25.9,"reports":2,"landuse":"Транспорт"}},{"type":"Feature","geometry":{"type":"Point","coordinates":[76.91122,43.35284]},"properties":{"hex_id":"H01952","district":"Алатау","ecorisk":6.0,"ecorisk_oof":5.78,"high_risk_prob":0.041,"ndvi":0.273,"lst_c":25.8,"reports":22,"landuse":"Пустырь"}},{"type":"Feature","geometry":{"type":"Point","coordinates":[76.91872,43.35284]},"properties":{"hex_id":"H01953","district":"Алатау","ecorisk":5.28,"ecorisk_oof":5.39,"high_risk_prob":0.006,"ndvi":0.305,"lst_c":26.1,"reports":5,"landuse":"Пустырь"}},{"type":"Feature","geometry":{"type":"Point","coordinates":[76.92621,43.35284]},"properties":{"hex_id":"H01954","district":"Турксиб","ecorisk":5.95,"ecorisk_oof":5.86,"high_risk_prob":0.061,"ndvi":0.289,"lst_c":25.9,"reports":33,"landuse":"Пустырь"}},{"type":"Feature","geometry":{"type":"Point","coordinates":[76.93371,43.35284]},"properties":{"hex_id":"H01955","district":"Турксиб","ecorisk":4.46,"ecorisk_oof":4.61,"high_risk_prob":0.001,"ndvi":0.308,"lst_c":24.3,"reports":3,"landuse":"Пустырь"}},{"type":"Feature","geometry":{"type":"Point","coordinates":[76.94121,43.35284]},"properties":{"hex_id":"H01956","district":"Турксиб","ecorisk":4.89,"ecorisk_oof":4.96,"high_risk_prob":0.001,"ndvi":0.315,"lst_c":22.9,"reports":9,"landuse":"Промышленная"}},{"type":"Feature","geometry":{"type":"Point","coordinates":[76.94871,43.35284]},"properties":{"hex_id":"H01957","district":"Турксиб","ecorisk":4.73,"ecorisk_oof":5.15,"high_risk_prob":0.016,"ndvi":0.404,"lst_c":26.3,"reports":13,"landuse":"Пустырь"}},{"type":"Feature","geometry":{"type":"Point","coordinates":[76.95621,43.35284]},"properties":{"hex_id":"H01958","district":"Турксиб","ecorisk":4.72,"ecorisk_oof":4.85,"high_risk_prob":0.004,"ndvi":0.31,"lst_c":26.6,"reports":1,"landuse":"Пустырь"}},{"type":"Feature","geometry":{"type":"Point","coordinates":[76.9637,43.35284]},"properties":{"hex_id":"H01959","district":"Турксиб","ecorisk":5.59,"ecorisk_oof":5.72,"high_risk_prob":0.038,"ndvi":0.334,"lst_c":23.9,"reports":13,"landuse":"Коммерческая"}},{"type":"Feature","geometry":{"type":"Point","coordinates":[76.9712,43.35284]},"properties":{"hex_id":"H01960","district":"Турксиб","ecorisk":4.66,"ecorisk_oof":4.9,"high_risk_prob":0.004,"ndvi":0.331,"lst_c":24.1,"reports":4,"landuse":"Транспорт"}},{"type":"Feature","geometry":{"type":"Point","coordinates":[76.9787,43.35284]},"properties":{"hex_id":"H01961","district":"Турксиб","ecorisk":5.07,"ecorisk_oof":5.38,"high_risk_prob":0.017,"ndvi":0.353,"lst_c":25.3,"reports":21,"landuse":"Пустырь"}},{"type":"Feature","geometry":{"type":"Point","coordinates":[76.9862,43.35284]},"properties":{"hex_id":"H01962","district":"Турксиб","ecorisk":5.26,"ecorisk_oof":5.65,"high_risk_prob":0.002,"ndvi":0.311,"lst_c":22.7,"reports":35,"landuse":"Пустырь"}},{"type":"Feature","geometry":{"type":"Point","coordinates":[76.9937,43.35284]},"properties":{"hex_id":"H01963","district":"Турксиб","ecorisk":3.83,"ecorisk_oof":3.89,"high_risk_prob":0.0,"ndvi":0.369,"lst_c":23.6,"reports":1,"landuse":"Транспорт"}},{"type":"Feature","geometry":{"type":"Point","coordinates":[77.00119,43.35284]},"properties":{"hex_id":"H01964","district":"Турксиб","ecorisk":3.31,"ecorisk_oof":3.59,"high_risk_prob":0.001,"ndvi":0.388,"lst_c":24.0,"reports":4,"landuse":"Пустырь"}},{"type":"Feature","geometry":{"type":"Point","coordinates":[77.00869,43.35284]},"properties":{"hex_id":"H01965","district":"Турксиб","ecorisk":4.94,"ecorisk_oof":5.1,"high_risk_prob":0.001,"ndvi":0.309,"lst_c":23.9,"reports":13,"landuse":"Пустырь"}},{"type":"Feature","geometry":{"type":"Point","coordinates":[77.01619,43.35284]},"properties":{"hex_id":"H01966","district":"Турксиб","ecorisk":4.32,"ecorisk_oof":4.42,"high_risk_prob":0.001,"ndvi":0.432,"lst_c":24.1,"reports":6,"landuse":"Пустырь"}},{"type":"Feature","geometry":{"type":"Point","coordinates":[77.02369,43.35284]},"properties":{"hex_id":"H01967","district":"Турксиб","ecorisk":3.68,"ecorisk_oof":4.07,"high_risk_prob":0.003,"ndvi":0.386,"lst_c":23.4,"reports":5,"landuse":"Пустырь"}},{"type":"Feature","geometry":{"type":"Point","coordinates":[77.03119,43.35284]},"properties":{"hex_id":"H01968","district":"Турксиб","ecorisk":5.59,"ecorisk_oof":5.6,"high_risk_prob":0.033,"ndvi":0.392,"lst_c":25.1,"reports":10,"landuse":"Коммерческая"}},{"type":"Feature","geometry":{"type":"Point","coordinates":[77.03869,43.35284]},"properties":{"hex_id":"H01969","district":"Турксиб","ecorisk":4.26,"ecorisk_oof":4.37,"high_risk_prob":0.0,"ndvi":0.28,"lst_c":23.8,"reports":1,"landuse":"Коммерческая"}},{"type":"Feature","geometry":{"type":"Point","coordinates":[77.04618,43.35284]},"properties":{"hex_id":"H01970","district":"Турксиб","ecorisk":5.75,"ecorisk_oof":5.82,"high_risk_prob":0.069,"ndvi":0.372,"lst_c":23.7,"reports":21,"landuse":"Пустырь"}},{"type":"Feature","geometry":{"type":"Point","coordinates":[77.05368,43.35284]},"properties":{"hex_id":"H01971","district":"Турксиб","ecorisk":5.67,"ecorisk_oof":5.86,"high_risk_prob":0.033,"ndvi":0.364,"lst_c":25.5,"reports":38,"landuse":"Пустырь"}},{"type":"Feature","geometry":{"type":"Point","coordinates":[77.06118,43.35284]},"properties":{"hex_id":"H01972","district":"Турксиб","ecorisk":4.86,"ecorisk_oof":5.34,"high_risk_prob":0.001,"ndvi":0.389,"lst_c":24.2,"reports":13,"landuse":"Пустырь"}},{"type":"Feature","geometry":{"type":"Point","coordinates":[77.06868,43.35284]},"properties":{"hex_id":"H01973","district":"Турксиб","ecorisk":5.12,"ecorisk_oof":5.49,"high_risk_prob":0.002,"ndvi":0.384,"lst_c":24.2,"reports":17,"landuse":"Транспорт"}},{"type":"Feature","geometry":{"type":"Point","coordinates":[77.07618,43.35284]},"properties":{"hex_id":"H01974","district":"Турксиб","ecorisk":3.74,"ecorisk_oof":3.8,"high_risk_prob":0.001,"ndvi":0.37,"lst_c":23.7,"reports":1,"landuse":"Жилая"}},{"type":"Feature","geometry":{"type":"Point","coordinates":[77.08367,43.35284]},"properties":{"hex_id":"H01975","district":"Турксиб","ecorisk":3.85,"ecorisk_oof":3.93,"high_risk_prob":0.001,"ndvi":0.351,"lst_c":23.6,"reports":4,"landuse":"Парк/сквер"}},{"type":"Feature","geometry":{"type":"Point","coordinates":[77.09117,43.35284]},"properties":{"hex_id":"H01976","district":"Турксиб","ecorisk":4.97,"ecorisk_oof":5.19,"high_risk_prob":0.001,"ndvi":0.36,"lst_c":25.1,"reports":4,"landuse":"Пустырь"}},{"type":"Feature","geometry":{"type":"Point","coordinates":[77.09867,43.35284]},"properties":{"hex_id":"H01977","district":"Турксиб","ecorisk":4.59,"ecorisk_oof":4.86,"high_risk_prob":0.001,"ndvi":0.423,"lst_c":24.3,"reports":14,"landuse":"Пустырь"}},{"type":"Feature","geometry":{"type":"Point","coordinates":[76.78,43.35757]},"properties":{"hex_id":"H01978","district":"Алатау","ecorisk":4.76,"ecorisk_oof":4.69,"high_risk_prob":0.002,"ndvi":0.316,"lst_c":23.4,"reports":2,"landuse":"Пустырь"}},{"type":"Feature","geometry":{"type":"Point","coordinates":[76.7875,43.35757]},"properties":{"hex_id":"H01979","district":"Алатау","ecorisk":4.23,"ecorisk_oof":3.9,"high_risk_prob":0.001,"ndvi":0.353,"lst_c":22.9,"reports":3,"landuse":"Парк/сквер"}},{"type":"Feature","geometry":{"type":"Point","coordinates":[76.795,43.35757]},"properties":{"hex_id":"H01980","district":"Алатау","ecorisk":5.33,"ecorisk_oof":5.37,"high_risk_prob":0.018,"ndvi":0.301,"lst_c":23.7,"reports":11,"landuse":"Пустырь"}},{"type":"Feature","geometry":{"type":"Point","coordinates":[76.80249,43.35757]},"properties":{"hex_id":"H01981","district":"Алатау","ecorisk":5.56,"ecorisk_oof":5.78,"high_risk_prob":0.008,"ndvi":0.311,"lst_c":24.6,"reports":7,"landuse":"Пустырь"}},{"type":"Feature","geometry":{"type":"Point","coordinates":[76.80999,43.35757]},"properties":{"hex_id":"H01982","district":"Алатау","ecorisk":3.68,"ecorisk_oof":4.17,"high_risk_prob":0.0,"ndvi":0.402,"lst_c":25.8,"reports":0,"landuse":"Парк/сквер"}},{"type":"Feature","geometry":{"type":"Point","coordinates":[76.81749,43.35757]},"properties":{"hex_id":"H01983","district":"Алатау","ecorisk":4.67,"ecorisk_oof":4.69,"high_risk_prob":0.004,"ndvi":0.276,"lst_c":25.6,"reports":3,"landuse":"Промышленная"}},{"type":"Feature","geometry":{"type":"Point","coordinates":[76.82499,43.35757]},"properties":{"hex_id":"H01984","district":"Алатау","ecorisk":4.58,"ecorisk_oof":4.43,"high_risk_prob":0.002,"ndvi":0.394,"lst_c":23.8,"reports":1,"landuse":"Транспорт"}},{"type":"Feature","geometry":{"type":"Point","coordinates":[76.83249,43.35757]},"properties":{"hex_id":"H01985","district":"Алатау","ecorisk":4.94,"ecorisk_oof":5.11,"high_risk_prob":0.004,"ndvi":0.314,"lst_c":25.1,"reports":7,"landuse":"Пустырь"}},{"type":"Feature","geometry":{"type":"Point","coordinates":[76.83999,43.35757]},"properties":{"hex_id":"H01986","district":"Алатау","ecorisk":4.78,"ecorisk_oof":4.38,"high_risk_prob":0.002,"ndvi":0.384,"lst_c":25.4,"reports":2,"landuse":"Парк/сквер"}},{"type":"Feature","geometry":{"type":"Point","coordinates":[76.84748,43.35757]},"properties":{"hex_id":"H01987","district":"Алатау","ecorisk":4.37,"ecorisk_oof":4.32,"high_risk_prob":0.002,"ndvi":0.444,"lst_c":23.9,"reports":2,"landuse":"Жилая"}},{"type":"Feature","geometry":{"type":"Point","coordinates":[76.85498,43.35757]},"properties":{"hex_id":"H01988","district":"Алатау","ecorisk":5.16,"ecorisk_oof":5.19,"high_risk_prob":0.017,"ndvi":0.409,"lst_c":21.5,"reports":15,"landuse":"Пустырь"}},{"type":"Feature","geometry":{"type":"Point","coordinates":[76.86248,43.35757]},"properties":{"hex_id":"H01989","district":"Алатау","ecorisk":5.24,"ecorisk_oof":5.38,"high_risk_prob":0.01,"ndvi":0.322,"lst_c":24.7,"reports":9,"landuse":"Пустырь"}},{"type":"Feature","geometry":{"type":"Point","coordinates":[76.86998,43.35757]},"properties":{"hex_id":"H01990","district":"Алатау","ecorisk":5.19,"ecorisk_oof":5.14,"high_risk_prob":0.004,"ndvi":0.31,"lst_c":23.1,"reports":14,"landuse":"Пустырь"}},{"type":"Feature","geometry":{"type":"Point","coordinates":[76.87748,43.35757]},"properties":{"hex_id":"H01991","district":"Алатау","ecorisk":5.21,"ecorisk_oof":4.98,"high_risk_prob":0.003,"ndvi":0.364,"lst_c":25.6,"reports":4,"landuse":"Промышленная"}},{"type":"Feature","geometry":{"type":"Point","coordinates":[76.88497,43.35757]},"properties":{"hex_id":"H01992","district":"Алатау","ecorisk":5.68,"ecorisk_oof":5.4,"high_risk_prob":0.033,"ndvi":0.295,"lst_c":26.0,"reports":3,"landuse":"Транспорт"}},{"type":"Feature","geometry":{"type":"Point","coordinates":[76.89247,43.35757]},"properties":{"hex_id":"H01993","district":"Алатау","ecorisk":4.61,"ecorisk_oof":4.81,"high_risk_prob":0.016,"ndvi":0.294,"lst_c":25.4,"reports":20,"landuse":"Коммерческая"}},{"type":"Feature","geometry":{"type":"Point","coordinates":[76.89997,43.35757]},"properties":{"hex_id":"H01994","district":"Алатау","ecorisk":5.68,"ecorisk_oof":5.52,"high_risk_prob":0.003,"ndvi":0.269,"lst_c":24.7,"reports":8,"landuse":"Пустырь"}},{"type":"Feature","geometry":{"type":"Point","coordinates":[76.90747,43.35757]},"properties":{"hex_id":"H01995","district":"Алатау","ecorisk":4.25,"ecorisk_oof":4.03,"high_risk_prob":0.001,"ndvi":0.365,"lst_c":23.2,"reports":5,"landuse":"Коммерческая"}},{"type":"Feature","geometry":{"type":"Point","coordinates":[76.91497,43.35757]},"properties":{"hex_id":"H01996","district":"Алатау","ecorisk":4.34,"ecorisk_oof":4.34,"high_risk_prob":0.001,"ndvi":0.305,"lst_c":24.9,"reports":0,"landuse":"Парк/сквер"}},{"type":"Feature","geometry":{"type":"Point","coordinates":[76.92246,43.35757]},"properties":{"hex_id":"H01997","district":"Алатау","ecorisk":5.01,"ecorisk_oof":4.97,"high_risk_prob":0.001,"ndvi":0.303,"lst_c":25.0,"reports":2,"landuse":"Жилая"}},{"type":"Feature","geometry":{"type":"Point","coordinates":[76.92996,43.35757]},"properties":{"hex_id":"H01998","district":"Турксиб","ecorisk":4.49,"ecorisk_oof":4.54,"high_risk_prob":0.002,"ndvi":0.357,"lst_c":23.8,"reports":2,"landuse":"Парк/сквер"}},{"type":"Feature","geometry":{"type":"Point","coordinates":[76.93746,43.35757]},"properties":{"hex_id":"H01999","district":"Турксиб","ecorisk":3.78,"ecorisk_oof":4.0,"high_risk_prob":0.001,"ndvi":0.377,"lst_c":25.1,"reports":3,"landuse":"Жилая"}},{"type":"Feature","geometry":{"type":"Point","coordinates":[76.94496,43.35757]},"properties":{"hex_id":"H02000","district":"Турксиб","ecorisk":5.62,"ecorisk_oof":5.65,"high_risk_prob":0.008,"ndvi":0.357,"lst_c":24.5,"reports":18,"landuse":"Пустырь"}},{"type":"Feature","geometry":{"type":"Point","coordinates":[76.95246,43.35757]},"properties":{"hex_id":"H02001","district":"Турксиб","ecorisk":6.2,"ecorisk_oof":6.17,"high_risk_prob":0.406,"ndvi":0.344,"lst_c":25.0,"reports":17,"landuse":"Пустырь"}},{"type":"Feature","geometry":{"type":"Point","coordinates":[76.95996,43.35757]},"properties":{"hex_id":"H02002","district":"Турксиб","ecorisk":4.93,"ecorisk_oof":5.08,"high_risk_prob":0.001,"ndvi":0.327,"lst_c":20.3,"reports":12,"landuse":"Промышленная"}},{"type":"Feature","geometry":{"type":"Point","coordinates":[76.96745,43.35757]},"properties":{"hex_id":"H02003","district":"Турксиб","ecorisk":3.32,"ecorisk_oof":3.52,"high_risk_prob":0.0,"ndvi":0.363,"lst_c":22.1,"reports":2,"landuse":"Пустырь"}},{"type":"Feature","geometry":{"type":"Point","coordinates":[76.97495,43.35757]},"properties":{"hex_id":"H02004","district":"Турксиб","ecorisk":5.29,"ecorisk_oof":4.94,"high_risk_prob":0.001,"ndvi":0.306,"lst_c":23.3,"reports":6,"landuse":"Пустырь"}},{"type":"Feature","geometry":{"type":"Point","coordinates":[76.98245,43.35757]},"properties":{"hex_id":"H02005","district":"Турксиб","ecorisk":5.48,"ecorisk_oof":5.32,"high_risk_prob":0.006,"ndvi":0.287,"lst_c":25.7,"reports":13,"landuse":"Пустырь"}},{"type":"Feature","geometry":{"type":"Point","coordinates":[76.98995,43.35757]},"properties":{"hex_id":"H02006","district":"Турксиб","ecorisk":5.42,"ecorisk_oof":5.59,"high_risk_prob":0.03,"ndvi":0.33,"lst_c":23.9,"reports":20,"landuse":"Пустырь"}},{"type":"Feature","geometry":{"type":"Point","coordinates":[76.99745,43.35757]},"properties":{"hex_id":"H02007","district":"Турксиб","ecorisk":4.57,"ecorisk_oof":4.25,"high_risk_prob":0.001,"ndvi":0.338,"lst_c":24.5,"reports":3,"landuse":"Жилая"}},{"type":"Feature","geometry":{"type":"Point","coordinates":[77.00494,43.35757]},"properties":{"hex_id":"H02008","district":"Турксиб","ecorisk":4.5,"ecorisk_oof":4.69,"high_risk_prob":0.007,"ndvi":0.273,"lst_c":25.2,"reports":1,"landuse":"Жилая"}},{"type":"Feature","geometry":{"type":"Point","coordinates":[77.01244,43.35757]},"properties":{"hex_id":"H02009","district":"Турксиб","ecorisk":4.84,"ecorisk_oof":5.08,"high_risk_prob":0.001,"ndvi":0.387,"lst_c":24.8,"reports":28,"landuse":"Пустырь"}},{"type":"Feature","geometry":{"type":"Point","coordinates":[77.01994,43.35757]},"properties":{"hex_id":"H02010","district":"Турксиб","ecorisk":3.8,"ecorisk_oof":3.67,"high_risk_prob":0.001,"ndvi":0.48,"lst_c":23.3,"reports":8,"landuse":"Пустырь"}},{"type":"Feature","geometry":{"type":"Point","coordinates":[77.02744,43.35757]},"properties":{"hex_id":"H02011","district":"Турксиб","ecorisk":5.19,"ecorisk_oof":5.39,"high_risk_prob":0.001,"ndvi":0.413,"lst_c":25.4,"reports":15,"landuse":"Транспорт"}},{"type":"Feature","geometry":{"type":"Point","coordinates":[77.03494,43.35757]},"properties":{"hex_id":"H02012","district":"Турксиб","ecorisk":4.87,"ecorisk_oof":4.8,"high_risk_prob":0.0,"ndvi":0.38,"lst_c":25.0,"reports":7,"landuse":"Пустырь"}},{"type":"Feature","geometry":{"type":"Point","coordinates":[77.04243,43.35757]},"properties":{"hex_id":"H02013","district":"Турксиб","ecorisk":4.4,"ecorisk_oof":4.59,"high_risk_prob":0.001,"ndvi":0.34,"lst_c":24.2,"reports":5,"landuse":"Пустырь"}},{"type":"Feature","geometry":{"type":"Point","coordinates":[77.04993,43.35757]},"properties":{"hex_id":"H02014","district":"Турксиб","ecorisk":3.69,"ecorisk_oof":3.92,"high_risk_prob":0.0,"ndvi":0.392,"lst_c":23.5,"reports":0,"landuse":"Парк/сквер"}},{"type":"Feature","geometry":{"type":"Point","coordinates":[77.05743,43.35757]},"properties":{"hex_id":"H02015","district":"Турксиб","ecorisk":5.51,"ecorisk_oof":5.65,"high_risk_prob":0.017,"ndvi":0.383,"lst_c":23.0,"reports":21,"landuse":"Пустырь"}},{"type":"Feature","geometry":{"type":"Point","coordinates":[77.06493,43.35757]},"properties":{"hex_id":"H02016","district":"Турксиб","ecorisk":3.74,"ecorisk_oof":4.06,"high_risk_prob":0.001,"ndvi":0.33,"lst_c":25.0,"reports":3,"landuse":"Пустырь"}},{"type":"Feature","geometry":{"type":"Point","coordinates":[77.07243,43.35757]},"properties":{"hex_id":"H02017","district":"Турксиб","ecorisk":3.95,"ecorisk_oof":3.75,"high_risk_prob":0.0,"ndvi":0.33,"lst_c":24.7,"reports":3,"landuse":"Пустырь"}},{"type":"Feature","geometry":{"type":"Point","coordinates":[77.07993,43.35757]},"properties":{"hex_id":"H02018","district":"Турксиб","ecorisk":5.45,"ecorisk_oof":5.77,"high_risk_prob":0.011,"ndvi":0.266,"lst_c":25.4,"reports":4,"landuse":"Пустырь"}},{"type":"Feature","geometry":{"type":"Point","coordinates":[77.08742,43.35757]},"properties":{"hex_id":"H02019","district":"Турксиб","ecorisk":4.02,"ecorisk_oof":3.76,"high_risk_prob":0.0,"ndvi":0.331,"lst_c":24.9,"reports":4,"landuse":"Коммерческая"}},{"type":"Feature","geometry":{"type":"Point","coordinates":[77.09492,43.35757]},"properties":{"hex_id":"H02020","district":"Турксиб","ecorisk":5.74,"ecorisk_oof":5.97,"high_risk_prob":0.036,"ndvi":0.368,"lst_c":23.7,"reports":27,"landuse":"Пустырь"}},{"type":"Feature","geometry":{"type":"Point","coordinates":[76.78375,43.3623]},"properties":{"hex_id":"H02021","district":"Алатау","ecorisk":5.11,"ecorisk_oof":4.65,"high_risk_prob":0.003,"ndvi":0.362,"lst_c":26.5,"reports":11,"landuse":"Жилая"}},{"type":"Feature","geometry":{"type":"Point","coordinates":[76.79125,43.3623]},"properties":{"hex_id":"H02022","district":"Алатау","ecorisk":4.77,"ecorisk_oof":4.69,"high_risk_prob":0.002,"ndvi":0.388,"lst_c":24.9,"reports":13,"landuse":"Пустырь"}},{"type":"Feature","geometry":{"type":"Point","coordinates":[76.79875,43.3623]},"properties":{"hex_id":"H02023","district":"Алатау","ecorisk":4.36,"ecorisk_oof":4.16,"high_risk_prob":0.001,"ndvi":0.341,"lst_c":25.4,"reports":2,"landuse":"Промышленная"}},{"type":"Feature","geometry":{"type":"Point","coordinates":[76.80624,43.3623]},"properties":{"hex_id":"H02024","district":"Алатау","ecorisk":5.3,"ecorisk_oof":5.35,"high_risk_prob":0.001,"ndvi":0.336,"lst_c":23.7,"reports":7,"landuse":"Промышленная"}},{"type":"Feature","geometry":{"type":"Point","coordinates":[76.81374,43.3623]},"properties":{"hex_id":"H02025","district":"Алатау","ecorisk":4.15,"ecorisk_oof":4.44,"high_risk_prob":0.001,"ndvi":0.349,"lst_c":24.3,"reports":4,"landuse":"Жилая"}},{"type":"Feature","geometry":{"type":"Point","coordinates":[76.82124,43.3623]},"properties":{"hex_id":"H02026","district":"Алатау","ecorisk":3.4,"ecorisk_oof":3.87,"high_risk_prob":0.0,"ndvi":0.37,"lst_c":24.0,"reports":1,"landuse":"Транспорт"}},{"type":"Feature","geometry":{"type":"Point","coordinates":[76.82874,43.3623]},"properties":{"hex_id":"H02027","district":"Алатау","ecorisk":4.47,"ecorisk_oof":4.94,"high_risk_prob":0.002,"ndvi":0.357,"lst_c":24.9,"reports":0,"landuse":"Пустырь"}},{"type":"Feature","geometry":{"type":"Point","coordinates":[76.83624,43.3623]},"properties":{"hex_id":"H02028","district":"Алатау","ecorisk":4.9,"ecorisk_oof":5.15,"high_risk_prob":0.002,"ndvi":0.385,"lst_c":22.6,"reports":11,"landuse":"Пустырь"}},{"type":"Feature","geometry":{"type":"Point","coordinates":[76.84373,43.3623]},"properties":{"hex_id":"H02029","district":"Алатау","ecorisk":4.07,"ecorisk_oof":4.6,"high_risk_prob":0.005,"ndvi":0.273,"lst_c":26.1,"reports":4,"landuse":"Жилая"}},{"type":"Feature","geometry":{"type":"Point","coordinates":[76.85123,43.3623]},"properties":{"hex_id":"H02030","district":"Алатау","ecorisk":5.21,"ecorisk_oof":5.28,"high_risk_prob":0.013,"ndvi":0.289,"lst_c":24.3,"reports":6,"landuse":"Промышленная"}},{"type":"Feature","geometry":{"type":"Point","coordinates":[76.85873,43.3623]},"properties":{"hex_id":"H02031","district":"Алатау","ecorisk":4.53,"ecorisk_oof":4.77,"high_risk_prob":0.001,"ndvi":0.34,"lst_c":24.4,"reports":4,"landuse":"Парк/сквер"}},{"type":"Feature","geometry":{"type":"Point","coordinates":[76.86623,43.3623]},"properties":{"hex_id":"H02032","district":"Алатау","ecorisk":5.23,"ecorisk_oof":5.37,"high_risk_prob":0.001,"ndvi":0.335,"lst_c":24.2,"reports":7,"landuse":"Пустырь"}},{"type":"Feature","geometry":{"type":"Point","coordinates":[76.87373,43.3623]},"properties":{"hex_id":"H02033","district":"Алатау","ecorisk":5.84,"ecorisk_oof":5.52,"high_risk_prob":0.017,"ndvi":0.318,"lst_c":25.7,"reports":17,"landuse":"Пустырь"}},{"type":"Feature","geometry":{"type":"Point","coordinates":[76.88122,43.3623]},"properties":{"hex_id":"H02034","district":"Алатау","ecorisk":5.22,"ecorisk_oof":4.94,"high_risk_prob":0.003,"ndvi":0.229,"lst_c":25.2,"reports":0,"landuse":"Парк/сквер"}},{"type":"Feature","geometry":{"type":"Point","coordinates":[76.88872,43.3623]},"properties":{"hex_id":"H02035","district":"Алатау","ecorisk":5.88,"ecorisk_oof":5.82,"high_risk_prob":0.159,"ndvi":0.316,"lst_c":25.8,"reports":14,"landuse":"Пустырь"}},{"type":"Feature","geometry":{"type":"Point","coordinates":[76.89622,43.3623]},"properties":{"hex_id":"H02036","district":"Алатау","ecorisk":5.25,"ecorisk_oof":5.13,"high_risk_prob":0.043,"ndvi":0.334,"lst_c":25.7,"reports":8,"landuse":"Пустырь"}},{"type":"Feature","geometry":{"type":"Point","coordinates":[76.90372,43.3623]},"properties":{"hex_id":"H02037","district":"Алатау","ecorisk":6.47,"ecorisk_oof":6.41,"high_risk_prob":0.829,"ndvi":0.268,"lst_c":25.6,"reports":19,"landuse":"Пустырь"}},{"type":"Feature","geometry":{"type":"Point","coordinates":[76.91122,43.3623]},"properties":{"hex_id":"H02038","district":"Алатау","ecorisk":4.05,"ecorisk_oof":3.91,"high_risk_prob":0.001,"ndvi":0.379,"lst_c":22.7,"reports":1,"landuse":"Жилая"}},{"type":"Feature","geometry":{"type":"Point","coordinates":[76.91872,43.3623]},"properties":{"hex_id":"H02039","district":"Алатау","ecorisk":4.96,"ecorisk_oof":4.88,"high_risk_prob":0.006,"ndvi":0.324,"lst_c":26.6,"reports":5,"landuse":"Жилая"}},{"type":"Feature","geometry":{"type":"Point","coordinates":[76.92621,43.3623]},"properties":{"hex_id":"H02040","district":"Турксиб","ecorisk":4.93,"ecorisk_oof":4.65,"high_risk_prob":0.001,"ndvi":0.305,"lst_c":25.3,"reports":4,"landuse":"Пустырь"}},{"type":"Feature","geometry":{"type":"Point","coordinates":[76.93371,43.3623]},"properties":{"hex_id":"H02041","district":"Турксиб","ecorisk":5.6,"ecorisk_oof":5.14,"high_risk_prob":0.006,"ndvi":0.307,"lst_c":25.2,"reports":14,"landuse":"Пустырь"}},{"type":"Feature","geometry":{"type":"Point","coordinates":[76.94121,43.3623]},"properties":{"hex_id":"H02042","district":"Турксиб","ecorisk":4.08,"ecorisk_oof":3.99,"high_risk_prob":0.001,"ndvi":0.331,"lst_c":24.5,"reports":4,"landuse":"Промышленная"}},{"type":"Feature","geometry":{"type":"Point","coordinates":[76.94871,43.3623]},"properties":{"hex_id":"H02043","district":"Турксиб","ecorisk":4.19,"ecorisk_oof":4.27,"high_risk_prob":0.0,"ndvi":0.321,"lst_c":25.1,"reports":6,"landuse":"Промышленная"}},{"type":"Feature","geometry":{"type":"Point","coordinates":[76.95621,43.3623]},"properties":{"hex_id":"H02044","district":"Турксиб","ecorisk":3.67,"ecorisk_oof":3.86,"high_risk_prob":0.002,"ndvi":0.374,"lst_c":25.8,"reports":1,"landuse":"Пустырь"}},{"type":"Feature","geometry":{"type":"Point","coordinates":[76.9637,43.3623]},"properties":{"hex_id":"H02045","district":"Турксиб","ecorisk":3.93,"ecorisk_oof":3.97,"high_risk_prob":0.001,"ndvi":0.316,"lst_c":24.2,"reports":0,"landuse":"Парк/сквер"}},{"type":"Feature","geometry":{"type":"Point","coordinates":[76.9712,43.3623]},"properties":{"hex_id":"H02046","district":"Турксиб","ecorisk":4.2,"ecorisk_oof":3.76,"high_risk_prob":0.001,"ndvi":0.335,"lst_c":22.6,"reports":3,"landuse":"Пустырь"}},{"type":"Feature","geometry":{"type":"Point","coordinates":[76.9787,43.3623]},"properties":{"hex_id":"H02047","district":"Турксиб","ecorisk":3.91,"ecorisk_oof":3.86,"high_risk_prob":0.001,"ndvi":0.341,"lst_c":24.4,"reports":3,"landuse":"Транспорт"}},{"type":"Feature","geometry":{"type":"Point","coordinates":[76.9862,43.3623]},"properties":{"hex_id":"H02048","district":"Турксиб","ecorisk":4.94,"ecorisk_oof":5.17,"high_risk_prob":0.003,"ndvi":0.346,"lst_c":22.9,"reports":12,"landuse":"Парк/сквер"}},{"type":"Feature","geometry":{"type":"Point","coordinates":[76.9937,43.3623]},"properties":{"hex_id":"H02049","district":"Турксиб","ecorisk":3.81,"ecorisk_oof":4.36,"high_risk_prob":0.001,"ndvi":0.359,"lst_c":22.9,"reports":4,"landuse":"Парк/сквер"}},{"type":"Feature","geometry":{"type":"Point","coordinates":[77.00119,43.3623]},"properties":{"hex_id":"H02050","district":"Турксиб","ecorisk":5.16,"ecorisk_oof":5.1,"high_risk_prob":0.002,"ndvi":0.394,"lst_c":24.1,"reports":6,"landuse":"Пустырь"}},{"type":"Feature","geometry":{"type":"Point","coordinates":[77.00869,43.3623]},"properties":{"hex_id":"H02051","district":"Турксиб","ecorisk":5.48,"ecorisk_oof":5.72,"high_risk_prob":0.002,"ndvi":0.345,"lst_c":24.5,"reports":17,"landuse":"Пустырь"}},{"type":"Feature","geometry":{"type":"Point","coordinates":[77.01619,43.3623]},"properties":{"hex_id":"H02052","district":"Турксиб","ecorisk":4.36,"ecorisk_oof":4.8,"high_risk_prob":0.001,"ndvi":0.344,"lst_c":23.6,"reports":10,"landuse":"Пустырь"}},{"type":"Feature","geometry":{"type":"Point","coordinates":[77.02369,43.3623]},"properties":{"hex_id":"H02053","district":"Турксиб","ecorisk":4.97,"ecorisk_oof":5.37,"high_risk_prob":0.007,"ndvi":0.295,"lst_c":26.6,"reports":2,"landuse":"Пустырь"}},{"type":"Feature","geometry":{"type":"Point","coordinates":[77.03119,43.3623]},"properties":{"hex_id":"H02054","district":"Турксиб","ecorisk":4.44,"ecorisk_oof":4.6,"high_risk_prob":0.002,"ndvi":0.374,"lst_c":23.6,"reports":3,"landuse":"Парк/сквер"}},{"type":"Feature","geometry":{"type":"Point","coordinates":[77.03869,43.3623]},"properties":{"hex_id":"H02055","district":"Турксиб","ecorisk":5.73,"ecorisk_oof":5.82,"high_risk_prob":0.003,"ndvi":0.399,"lst_c":24.8,"reports":18,"landuse":"Пустырь"}},{"type":"Feature","geometry":{"type":"Point","coordinates":[77.04618,43.3623]},"properties":{"hex_id":"H02056","district":"Турксиб","ecorisk":5.03,"ecorisk_oof":5.27,"high_risk_prob":0.002,"ndvi":0.248,"lst_c":25.4,"reports":11,"landuse":"Промышленная"}},{"type":"Feature","geometry":{"type":"Point","coordinates":[77.05368,43.3623]},"properties":{"hex_id":"H02057","district":"Турксиб","ecorisk":4.43,"ecorisk_oof":4.82,"high_risk_prob":0.0,"ndvi":0.339,"lst_c":21.8,"reports":10,"landuse":"Пустырь"}},{"type":"Feature","geometry":{"type":"Point","coordinates":[77.06118,43.3623]},"properties":{"hex_id":"H02058","district":"Турксиб","ecorisk":5.81,"ecorisk_oof":5.66,"high_risk_prob":0.001,"ndvi":0.331,"lst_c":24.3,"reports":20,"landuse":"Пустырь"}},{"type":"Feature","geometry":{"type":"Point","coordinates":[77.06868,43.3623]},"properties":{"hex_id":"H02059","district":"Турксиб","ecorisk":3.78,"ecorisk_oof":3.22,"high_risk_prob":0.0,"ndvi":0.361,"lst_c":22.4,"reports":0,"landuse":"Пустырь"}},{"type":"Feature","geometry":{"type":"Point","coordinates":[77.07618,43.3623]},"properties":{"hex_id":"H02060","district":"Турксиб","ecorisk":3.98,"ecorisk_oof":3.51,"high_risk_prob":0.002,"ndvi":0.444,"lst_c":22.7,"reports":1,"landuse":"Пустырь"}},{"type":"Feature","geometry":{"type":"Point","coordinates":[77.08367,43.3623]},"properties":{"hex_id":"H02061","district":"Турксиб","ecorisk":4.01,"ecorisk_oof":3.97,"high_risk_prob":0.001,"ndvi":0.367,"lst_c":22.2,"reports":1,"landuse":"Жилая"}},{"type":"Feature","geometry":{"type":"Point","coordinates":[77.09117,43.3623]},"properties":{"hex_id":"H02062","district":"Турксиб","ecorisk":4.59,"ecorisk_oof":4.46,"high_risk_prob":0.002,"ndvi":0.367,"lst_c":22.5,"reports":15,"landuse":"Пустырь"}},{"type":"Feature","geometry":{"type":"Point","coordinates":[77.09867,43.3623]},"properties":{"hex_id":"H02063","district":"Турксиб","ecorisk":4.66,"ecorisk_oof":4.49,"high_risk_prob":0.001,"ndvi":0.407,"lst_c":24.6,"reports":11,"landuse":"Промышленная"}},{"type":"Feature","geometry":{"type":"Point","coordinates":[76.78,43.36703]},"properties":{"hex_id":"H02064","district":"Алатау","ecorisk":4.67,"ecorisk_oof":4.22,"high_risk_prob":0.001,"ndvi":0.294,"lst_c":24.4,"reports":4,"landuse":"Пустырь"}},{"type":"Feature","geometry":{"type":"Point","coordinates":[76.7875,43.36703]},"properties":{"hex_id":"H02065","district":"Алатау","ecorisk":3.45,"ecorisk_oof":4.0,"high_risk_prob":0.0,"ndvi":0.328,"lst_c":23.1,"reports":0,"landuse":"Коммерческая"}},{"type":"Feature","geometry":{"type":"Point","coordinates":[76.795,43.36703]},"properties":{"hex_id":"H02066","district":"Алатау","ecorisk":4.72,"ecorisk_oof":4.87,"high_risk_prob":0.001,"ndvi":0.39,"lst_c":24.2,"reports":41,"landuse":"Пустырь"}},{"type":"Feature","geometry":{"type":"Point","coordinates":[76.80249,43.36703]},"properties":{"hex_id":"H02067","district":"Алатау","ecorisk":5.68,"ecorisk_oof":5.45,"high_risk_prob":0.055,"ndvi":0.276,"lst_c":25.0,"reports":9,"landuse":"Пустырь"}},{"type":"Feature","geometry":{"type":"Point","coordinates":[76.80999,43.36703]},"properties":{"hex_id":"H02068","district":"Алатау","ecorisk":4.8,"ecorisk_oof":4.49,"high_risk_prob":0.002,"ndvi":0.35,"lst_c":21.5,"reports":14,"landuse":"Пустырь"}},{"type":"Feature","geometry":{"type":"Point","coordinates":[76.81749,43.36703]},"properties":{"hex_id":"H02069","district":"Алатау","ecorisk":5.16,"ecorisk_oof":5.33,"high_risk_prob":0.007,"ndvi":0.343,"lst_c":24.8,"reports":20,"landuse":"Пустырь"}},{"type":"Feature","geometry":{"type":"Point","coordinates":[76.82499,43.36703]},"properties":{"hex_id":"H02070","district":"Алатау","ecorisk":4.95,"ecorisk_oof":5.06,"high_risk_prob":0.003,"ndvi":0.311,"lst_c":24.9,"reports":5,"landuse":"Пустырь"}},{"type":"Feature","geometry":{"type":"Point","coordinates":[76.83249,43.36703]},"properties":{"hex_id":"H02071","district":"Алатау","ecorisk":4.71,"ecorisk_oof":4.76,"high_risk_prob":0.001,"ndvi":0.371,"lst_c":25.1,"reports":1,"landuse":"Пустырь"}},{"type":"Feature","geometry":{"type":"Point","coordinates":[76.83999,43.36703]},"properties":{"hex_id":"H02072","district":"Алатау","ecorisk":4.79,"ecorisk_oof":5.14,"high_risk_prob":0.001,"ndvi":0.346,"lst_c":24.2,"reports":7,"landuse":"Пустырь"}},{"type":"Feature","geometry":{"type":"Point","coordinates":[76.84748,43.36703]},"properties":{"hex_id":"H02073","district":"Алатау","ecorisk":3.97,"ecorisk_oof":3.36,"high_risk_prob":0.001,"ndvi":0.328,"lst_c":21.4,"reports":4,"landuse":"Пустырь"}},{"type":"Feature","geometry":{"type":"Point","coordinates":[76.85498,43.36703]},"properties":{"hex_id":"H02074","district":"Алатау","ecorisk":4.77,"ecorisk_oof":4.86,"high_risk_prob":0.021,"ndvi":0.259,"lst_c":25.2,"reports":2,"landuse":"Жилая"}},{"type":"Feature","geometry":{"type":"Point","coordinates":[76.86248,43.36703]},"properties":{"hex_id":"H02075","district":"Алатау","ecorisk":5.02,"ecorisk_oof":5.25,"high_risk_prob":0.003,"ndvi":0.305,"lst_c":27.7,"reports":14,"landuse":"Пустырь"}},{"type":"Feature","geometry":{"type":"Point","coordinates":[76.86998,43.36703]},"properties":{"hex_id":"H02076","district":"Алатау","ecorisk":4.8,"ecorisk_oof":4.67,"high_risk_prob":0.001,"ndvi":0.364,"lst_c":23.2,"reports":3,"landuse":"Пустырь"}},{"type":"Feature","geometry":{"type":"Point","coordinates":[76.87748,43.36703]},"properties":{"hex_id":"H02077","district":"Алатау","ecorisk":5.27,"ecorisk_oof":5.34,"high_risk_prob":0.016,"ndvi":0.302,"lst_c":25.7,"reports":16,"landuse":"Пустырь"}},{"type":"Feature","geometry":{"type":"Point","coordinates":[76.88497,43.36703]},"properties":{"hex_id":"H02078","district":"Алатау","ecorisk":5.87,"ecorisk_oof":5.79,"high_risk_prob":0.008,"ndvi":0.355,"lst_c":24.7,"reports":14,"landuse":"Промышленная"}},{"type":"Feature","geometry":{"type":"Point","coordinates":[76.89247,43.36703]},"properties":{"hex_id":"H02079","district":"Алатау","ecorisk":4.66,"ecorisk_oof":4.78,"high_risk_prob":0.003,"ndvi":0.313,"lst_c":26.0,"reports":1,"landuse":"Парк/сквер"}},{"type":"Feature","geometry":{"type":"Point","coordinates":[76.89997,43.36703]},"properties":{"hex_id":"H02080","district":"Алатау","ecorisk":5.39,"ecorisk_oof":5.54,"high_risk_prob":0.006,"ndvi":0.324,"lst_c":26.5,"reports":10,"landuse":"Пустырь"}},{"type":"Feature","geometry":{"type":"Point","coordinates":[76.90747,43.36703]},"properties":{"hex_id":"H02081","district":"Алатау","ecorisk":4.22,"ecorisk_oof":3.95,"high_risk_prob":0.0,"ndvi":0.368,"lst_c":24.2,"reports":10,"landuse":"Пустырь"}},{"type":"Feature","geometry":{"type":"Point","coordinates":[76.91497,43.36703]},"properties":{"hex_id":"H02082","district":"Алатау","ecorisk":5.07,"ecorisk_oof":5.03,"high_risk_prob":0.001,"ndvi":0.294,"lst_c":23.5,"reports":11,"landuse":"Транспорт"}},{"type":"Feature","geometry":{"type":"Point","coordinates":[76.92246,43.36703]},"properties":{"hex_id":"H02083","district":"Алатау","ecorisk":4.92,"ecorisk_oof":4.93,"high_risk_prob":0.005,"ndvi":0.316,"lst_c":24.7,"reports":14,"landuse":"Пустырь"}},{"type":"Feature","geometry":{"type":"Point","coordinates":[76.92996,43.36703]},"properties":{"hex_id":"H02084","district":"Турксиб","ecorisk":5.63,"ecorisk_oof":5.28,"high_risk_prob":0.002,"ndvi":0.261,"lst_c":22.8,"reports":7,"landuse":"Парк/сквер"}},{"type":"Feature","geometry":{"type":"Point","coordinates":[76.93746,43.36703]},"properties":{"hex_id":"H02085","district":"Турксиб","ecorisk":4.6,"ecorisk_oof":4.78,"high_risk_prob":0.003,"ndvi":0.334,"lst_c":24.2,"reports":2,"landuse":"Транспорт"}},{"type":"Feature","geometry":{"type":"Point","coordinates":[76.94496,43.36703]},"properties":{"hex_id":"H02086","district":"Турксиб","ecorisk":5.27,"ecorisk_oof":4.97,"high_risk_prob":0.001,"ndvi":0.363,"lst_c":23.7,"reports":16,"landuse":"Пустырь"}},{"type":"Feature","geometry":{"type":"Point","coordinates":[76.95246,43.36703]},"properties":{"hex_id":"H02087","district":"Турксиб","ecorisk":5.11,"ecorisk_oof":5.16,"high_risk_prob":0.003,"ndvi":0.274,"lst_c":24.5,"reports":5,"landuse":"Пустырь"}},{"type":"Feature","geometry":{"type":"Point","coordinates":[76.95996,43.36703]},"properties":{"hex_id":"H02088","district":"Турксиб","ecorisk":4.83,"ecorisk_oof":4.61,"high_risk_prob":0.024,"ndvi":0.401,"lst_c":25.8,"reports":16,"landuse":"Жилая"}},{"type":"Feature","geometry":{"type":"Point","coordinates":[76.96745,43.36703]},"properties":{"hex_id":"H02089","district":"Турксиб","ecorisk":5.8,"ecorisk_oof":5.97,"high_risk_prob":0.141,"ndvi":0.357,"lst_c":23.0,"reports":15,"landuse":"Пустырь"}},{"type":"Feature","geometry":{"type":"Point","coordinates":[76.97495,43.36703]},"properties":{"hex_id":"H02090","district":"Турксиб","ecorisk":3.22,"ecorisk_oof":3.44,"high_risk_prob":0.001,"ndvi":0.411,"lst_c":23.9,"reports":1,"landuse":"Парк/сквер"}},{"type":"Feature","geometry":{"type":"Point","coordinates":[76.98245,43.36703]},"properties":{"hex_id":"H02091","district":"Турксиб","ecorisk":4.34,"ecorisk_oof":5.07,"high_risk_prob":0.005,"ndvi":0.354,"lst_c":25.0,"reports":1,"landuse":"Пустырь"}},{"type":"Feature","geometry":{"type":"Point","coordinates":[76.98995,43.36703]},"properties":{"hex_id":"H02092","district":"Турксиб","ecorisk":5.56,"ecorisk_oof":5.47,"high_risk_prob":0.008,"ndvi":0.376,"lst_c":23.7,"reports":10,"landuse":"Пустырь"}},{"type":"Feature","geometry":{"type":"Point","coordinates":[76.99745,43.36703]},"properties":{"hex_id":"H02093","district":"Турксиб","ecorisk":4.91,"ecorisk_oof":4.76,"high_risk_prob":0.001,"ndvi":0.358,"lst_c":22.4,"reports":9,"landuse":"Парк/сквер"}},{"type":"Feature","geometry":{"type":"Point","coordinates":[77.00494,43.36703]},"properties":{"hex_id":"H02094","district":"Турксиб","ecorisk":3.99,"ecorisk_oof":4.08,"high_risk_prob":0.0,"ndvi":0.332,"lst_c":24.2,"reports":13,"landuse":"Пустырь"}},{"type":"Feature","geometry":{"type":"Point","coordinates":[77.01244,43.36703]},"properties":{"hex_id":"H02095","district":"Турксиб","ecorisk":4.71,"ecorisk_oof":5.03,"high_risk_prob":0.003,"ndvi":0.344,"lst_c":26.3,"reports":11,"landuse":"Пустырь"}},{"type":"Feature","geometry":{"type":"Point","coordinates":[77.01994,43.36703]},"properties":{"hex_id":"H02096","district":"Турксиб","ecorisk":5.46,"ecorisk_oof":5.47,"high_risk_prob":0.001,"ndvi":0.307,"lst_c":24.7,"reports":10,"landuse":"Пустырь"}},{"type":"Feature","geometry":{"type":"Point","coordinates":[77.02744,43.36703]},"properties":{"hex_id":"H02097","district":"Турксиб","ecorisk":4.53,"ecorisk_oof":4.8,"high_risk_prob":0.0,"ndvi":0.365,"lst_c":23.8,"reports":5,"landuse":"Пустырь"}},{"type":"Feature","geometry":{"type":"Point","coordinates":[77.03494,43.36703]},"properties":{"hex_id":"H02098","district":"Турксиб","ecorisk":4.34,"ecorisk_oof":4.51,"high_risk_prob":0.001,"ndvi":0.345,"lst_c":23.4,"reports":3,"landuse":"Жилая"}},{"type":"Feature","geometry":{"type":"Point","coordinates":[77.04243,43.36703]},"properties":{"hex_id":"H02099","district":"Турксиб","ecorisk":5.92,"ecorisk_oof":6.23,"high_risk_prob":0.499,"ndvi":0.342,"lst_c":25.8,"reports":32,"landuse":"Пустырь"}},{"type":"Feature","geometry":{"type":"Point","coordinates":[77.04993,43.36703]},"properties":{"hex_id":"H02100","district":"Турксиб","ecorisk":4.09,"ecorisk_oof":4.01,"high_risk_prob":0.001,"ndvi":0.33,"lst_c":24.2,"reports":3,"landuse":"Жилая"}},{"type":"Feature","geometry":{"type":"Point","coordinates":[77.05743,43.36703]},"properties":{"hex_id":"H02101","district":"Турксиб","ecorisk":5.57,"ecorisk_oof":5.16,"high_risk_prob":0.002,"ndvi":0.299,"lst_c":24.3,"reports":6,"landuse":"Парк/сквер"}},{"type":"Feature","geometry":{"type":"Point","coordinates":[77.06493,43.36703]},"properties":{"hex_id":"H02102","district":"Турксиб","ecorisk":4.3,"ecorisk_oof":4.54,"high_risk_prob":0.001,"ndvi":0.318,"lst_c":23.9,"reports":10,"landuse":"Транспорт"}},{"type":"Feature","geometry":{"type":"Point","coordinates":[77.07243,43.36703]},"properties":{"hex_id":"H02103","district":"Турксиб","ecorisk":5.47,"ecorisk_oof":5.72,"high_risk_prob":0.002,"ndvi":0.323,"lst_c":27.9,"reports":13,"landuse":"Парк/сквер"}},{"type":"Feature","geometry":{"type":"Point","coordinates":[77.07993,43.36703]},"properties":{"hex_id":"H02104","district":"Турксиб","ecorisk":4.02,"ecorisk_oof":4.29,"high_risk_prob":0.001,"ndvi":0.385,"lst_c":25.0,"reports":0,"landuse":"Транспорт"}},{"type":"Feature","geometry":{"type":"Point","coordinates":[77.08742,43.36703]},"properties":{"hex_id":"H02105","district":"Турксиб","ecorisk":4.03,"ecorisk_oof":3.88,"high_risk_prob":0.0,"ndvi":0.345,"lst_c":21.4,"reports":2,"landuse":"Транспорт"}},{"type":"Feature","geometry":{"type":"Point","coordinates":[77.09492,43.36703]},"properties":{"hex_id":"H02106","district":"Турксиб","ecorisk":4.82,"ecorisk_oof":4.61,"high_risk_prob":0.009,"ndvi":0.317,"lst_c":25.7,"reports":1,"landuse":"Пустырь"}},{"type":"Feature","geometry":{"type":"Point","coordinates":[76.78375,43.37176]},"properties":{"hex_id":"H02107","district":"Алатау","ecorisk":5.74,"ecorisk_oof":5.86,"high_risk_prob":0.012,"ndvi":0.29,"lst_c":26.3,"reports":8,"landuse":"Промышленная"}},{"type":"Feature","geometry":{"type":"Point","coordinates":[76.79125,43.37176]},"properties":{"hex_id":"H02108","district":"Алатау","ecorisk":4.5,"ecorisk_oof":4.87,"high_risk_prob":0.004,"ndvi":0.375,"lst_c":25.4,"reports":1,"landuse":"Парк/сквер"}},{"type":"Feature","geometry":{"type":"Point","coordinates":[76.79875,43.37176]},"properties":{"hex_id":"H02109","district":"Алатау","ecorisk":4.5,"ecorisk_oof":4.99,"high_risk_prob":0.005,"ndvi":0.319,"lst_c":25.2,"reports":7,"landuse":"Пустырь"}},{"type":"Feature","geometry":{"type":"Point","coordinates":[76.80624,43.37176]},"properties":{"hex_id":"H02110","district":"Алатау","ecorisk":5.01,"ecorisk_oof":4.74,"high_risk_prob":0.021,"ndvi":0.28,"lst_c":26.5,"reports":13,"landuse":"Пустырь"}},{"type":"Feature","geometry":{"type":"Point","coordinates":[76.81374,43.37176]},"properties":{"hex_id":"H02111","district":"Алатау","ecorisk":4.08,"ecorisk_oof":4.08,"high_risk_prob":0.001,"ndvi":0.367,"lst_c":23.1,"reports":1,"landuse":"Жилая"}},{"type":"Feature","geometry":{"type":"Point","coordinates":[76.82124,43.37176]},"properties":{"hex_id":"H02112","district":"Алатау","ecorisk":4.84,"ecorisk_oof":5.16,"high_risk_prob":0.01,"ndvi":0.327,"lst_c":26.1,"reports":3,"landuse":"Жилая"}},{"type":"Feature","geometry":{"type":"Point","coordinates":[76.82874,43.37176]},"properties":{"hex_id":"H02113","district":"Алатау","ecorisk":4.08,"ecorisk_oof":3.95,"high_risk_prob":0.001,"ndvi":0.385,"lst_c":22.8,"reports":3,"landuse":"Парк/сквер"}},{"type":"Feature","geometry":{"type":"Point","coordinates":[76.83624,43.37176]},"properties":{"hex_id":"H02114","district":"Алатау","ecorisk":5.23,"ecorisk_oof":5.08,"high_risk_prob":0.01,"ndvi":0.333,"lst_c":25.3,"reports":5,"landuse":"Транспорт"}},{"type":"Feature","geometry":{"type":"Point","coordinates":[76.84373,43.37176]},"properties":{"hex_id":"H02115","district":"Алатау","ecorisk":3.88,"ecorisk_oof":4.38,"high_risk_prob":0.0,"ndvi":0.376,"lst_c":24.5,"reports":2,"landuse":"Коммерческая"}},{"type":"Feature","geometry":{"type":"Point","coordinates":[76.85123,43.37176]},"properties":{"hex_id":"H02116","district":"Алатау","ecorisk":4.33,"ecorisk_oof":4.57,"high_risk_prob":0.0,"ndvi":0.384,"lst_c":24.6,"reports":3,"landuse":"Парк/сквер"}},{"type":"Feature","geometry":{"type":"Point","coordinates":[76.85873,43.37176]},"properties":{"hex_id":"H02117","district":"Алатау","ecorisk":4.79,"ecorisk_oof":5.06,"high_risk_prob":0.001,"ndvi":0.351,"lst_c":23.6,"reports":7,"landuse":"Парк/сквер"}},{"type":"Feature","geometry":{"type":"Point","coordinates":[76.86623,43.37176]},"properties":{"hex_id":"H02118","district":"Алатау","ecorisk":3.83,"ecorisk_oof":4.09,"high_risk_prob":0.0,"ndvi":0.383,"lst_c":23.5,"reports":2,"landuse":"Промышленная"}},{"type":"Feature","geometry":{"type":"Point","coordinates":[76.87373,43.37176]},"properties":{"hex_id":"H02119","district":"Алатау","ecorisk":4.89,"ecorisk_oof":5.12,"high_risk_prob":0.002,"ndvi":0.331,"lst_c":24.7,"reports":16,"landuse":"Парк/сквер"}},{"type":"Feature","geometry":{"type":"Point","coordinates":[76.88122,43.37176]},"properties":{"hex_id":"H02120","district":"Алатау","ecorisk":3.93,"ecorisk_oof":3.77,"high_risk_prob":0.001,"ndvi":0.383,"lst_c":23.6,"reports":1,"landuse":"Жилая"}},{"type":"Feature","geometry":{"type":"Point","coordinates":[76.88872,43.37176]},"properties":{"hex_id":"H02121","district":"Алатау","ecorisk":5.05,"ecorisk_oof":5.3,"high_risk_prob":0.001,"ndvi":0.339,"lst_c":22.3,"reports":11,"landuse":"Транспорт"}},{"type":"Feature","geometry":{"type":"Point","coordinates":[76.89622,43.37176]},"properties":{"hex_id":"H02122","district":"Алатау","ecorisk":5.46,"ecorisk_oof":5.21,"high_risk_prob":0.008,"ndvi":0.268,"lst_c":25.0,"reports":21,"landuse":"Парк/сквер"}},{"type":"Feature","geometry":{"type":"Point","coordinates":[76.90372,43.37176]},"properties":{"hex_id":"H02123","district":"Алатау","ecorisk":4.74,"ecorisk_oof":4.79,"high_risk_prob":0.002,"ndvi":0.297,"lst_c":25.0,"reports":3,"landuse":"Коммерческая"}},{"type":"Feature","geometry":{"type":"Point","coordinates":[76.91122,43.37176]},"properties":{"hex_id":"H02124","district":"Алатау","ecorisk":4.73,"ecorisk_oof":4.45,"high_risk_prob":0.002,"ndvi":0.383,"lst_c":24.5,"reports":0,"landuse":"Пустырь"}},{"type":"Feature","geometry":{"type":"Point","coordinates":[76.91872,43.37176]},"properties":{"hex_id":"H02125","district":"Алатау","ecorisk":4.32,"ecorisk_oof":4.07,"high_risk_prob":0.001,"ndvi":0.309,"lst_c":26.2,"reports":2,"landuse":"Коммерческая"}},{"type":"Feature","geometry":{"type":"Point","coordinates":[76.92621,43.37176]},"properties":{"hex_id":"H02126","district":"Турксиб","ecorisk":4.09,"ecorisk_oof":4.42,"high_risk_prob":0.0,"ndvi":0.324,"lst_c":24.0,"reports":3,"landuse":"Пустырь"}},{"type":"Feature","geometry":{"type":"Point","coordinates":[76.93371,43.37176]},"properties":{"hex_id":"H02127","district":"Турксиб","ecorisk":4.96,"ecorisk_oof":5.06,"high_risk_prob":0.001,"ndvi":0.297,"lst_c":24.0,"reports":5,"landuse":"Пустырь"}},{"type":"Feature","geometry":{"type":"Point","coordinates":[76.94121,43.37176]},"properties":{"hex_id":"H02128","district":"Турксиб","ecorisk":4.94,"ecorisk_oof":4.98,"high_risk_prob":0.004,"ndvi":0.251,"lst_c":26.0,"reports":0,"landuse":"Парк/сквер"}},{"type":"Feature","geometry":{"type":"Point","coordinates":[76.94871,43.37176]},"properties":{"hex_id":"H02129","district":"Турксиб","ecorisk":5.11,"ecorisk_oof":5.09,"high_risk_prob":0.013,"ndvi":0.363,"lst_c":25.6,"reports":11,"landuse":"Пустырь"}},{"type":"Feature","geometry":{"type":"Point","coordinates":[76.95621,43.37176]},"properties":{"hex_id":"H02130","district":"Турксиб","ecorisk":4.14,"ecorisk_oof":3.86,"high_risk_prob":0.001,"ndvi":0.318,"lst_c":24.7,"reports":1,"landuse":"Транспорт"}},{"type":"Feature","geometry":{"type":"Point","coordinates":[76.9637,43.37176]},"properties":{"hex_id":"H02131","district":"Турксиб","ecorisk":5.35,"ecorisk_oof":5.22,"high_risk_prob":0.003,"ndvi":0.312,"lst_c":24.5,"reports":12,"landuse":"Пустырь"}},{"type":"Feature","geometry":{"type":"Point","coordinates":[76.9712,43.37176]},"properties":{"hex_id":"H02132","district":"Турксиб","ecorisk":5.02,"ecorisk_oof":4.83,"high_risk_prob":0.002,"ndvi":0.283,"lst_c":26.1,"reports":7,"landuse":"Пустырь"}},{"type":"Feature","geometry":{"type":"Point","coordinates":[76.9787,43.37176]},"properties":{"hex_id":"H02133","district":"Турксиб","ecorisk":4.82,"ecorisk_oof":4.81,"high_risk_prob":0.002,"ndvi":0.386,"lst_c":24.4,"reports":6,"landuse":"Парк/сквер"}},{"type":"Feature","geometry":{"type":"Point","coordinates":[76.9862,43.37176]},"properties":{"hex_id":"H02134","district":"Турксиб","ecorisk":5.14,"ecorisk_oof":5.01,"high_risk_prob":0.002,"ndvi":0.328,"lst_c":23.1,"reports":27,"landuse":"Пустырь"}},{"type":"Feature","geometry":{"type":"Point","coordinates":[76.9937,43.37176]},"properties":{"hex_id":"H02135","district":"Турксиб","ecorisk":5.09,"ecorisk_oof":5.25,"high_risk_prob":0.0,"ndvi":0.388,"lst_c":24.4,"reports":15,"landuse":"Пустырь"}},{"type":"Feature","geometry":{"type":"Point","coordinates":[77.00119,43.37176]},"properties":{"hex_id":"H02136","district":"Турксиб","ecorisk":3.69,"ecorisk_oof":4.0,"high_risk_prob":0.0,"ndvi":0.387,"lst_c":23.4,"reports":1,"landuse":"Парк/сквер"}},{"type":"Feature","geometry":{"type":"Point","coordinates":[77.00869,43.37176]},"properties":{"hex_id":"H02137","district":"Турксиб","ecorisk":4.17,"ecorisk_oof":3.97,"high_risk_prob":0.001,"ndvi":0.353,"lst_c":24.8,"reports":2,"landuse":"Коммерческая"}},{"type":"Feature","geometry":{"type":"Point","coordinates":[77.01619,43.37176]},"properties":{"hex_id":"H02138","district":"Турксиб","ecorisk":5.19,"ecorisk_oof":5.13,"high_risk_prob":0.03,"ndvi":0.303,"lst_c":26.1,"reports":19,"landuse":"Парк/сквер"}},{"type":"Feature","geometry":{"type":"Point","coordinates":[77.02369,43.37176]},"properties":{"hex_id":"H02139","district":"Турксиб","ecorisk":5.41,"ecorisk_oof":5.43,"high_risk_prob":0.002,"ndvi":0.306,"lst_c":24.9,"reports":7,"landuse":"Пустырь"}},{"type":"Feature","geometry":{"type":"Point","coordinates":[77.03119,43.37176]},"properties":{"hex_id":"H02140","district":"Турксиб","ecorisk":5.17,"ecorisk_oof":4.69,"high_risk_prob":0.002,"ndvi":0.318,"lst_c":25.7,"reports":0,"landuse":"Пустырь"}},{"type":"Feature","geometry":{"type":"Point","coordinates":[77.03869,43.37176]},"properties":{"hex_id":"H02141","district":"Турксиб","ecorisk":5.77,"ecorisk_oof":5.83,"high_risk_prob":0.009,"ndvi":0.325,"lst_c":22.8,"reports":15,"landuse":"Пустырь"}},{"type":"Feature","geometry":{"type":"Point","coordinates":[77.04618,43.37176]},"properties":{"hex_id":"H02142","district":"Турксиб","ecorisk":5.85,"ecorisk_oof":5.87,"high_risk_prob":0.028,"ndvi":0.324,"lst_c":25.9,"reports":18,"landuse":"Пустырь"}},{"type":"Feature","geometry":{"type":"Point","coordinates":[77.05368,43.37176]},"properties":{"hex_id":"H02143","district":"Турксиб","ecorisk":5.69,"ecorisk_oof":5.82,"high_risk_prob":0.005,"ndvi":0.355,"lst_c":23.3,"reports":13,"landuse":"Пустырь"}},{"type":"Feature","geometry":{"type":"Point","coordinates":[77.06118,43.37176]},"properties":{"hex_id":"H02144","district":"Турксиб","ecorisk":5.31,"ecorisk_oof":5.35,"high_risk_prob":0.003,"ndvi":0.316,"lst_c":23.7,"reports":20,"landuse":"Пустырь"}},{"type":"Feature","geometry":{"type":"Point","coordinates":[77.06868,43.37176]},"properties":{"hex_id":"H02145","district":"Турксиб","ecorisk":4.54,"ecorisk_oof":4.42,"high_risk_prob":0.007,"ndvi":0.351,"lst_c":22.8,"reports":2,"landuse":"Жилая"}},{"type":"Feature","geometry":{"type":"Point","coordinates":[77.07618,43.37176]},"properties":{"hex_id":"H02146","district":"Турксиб","ecorisk":4.6,"ecorisk_oof":4.95,"high_risk_prob":0.001,"ndvi":0.402,"lst_c":23.1,"reports":7,"landuse":"Транспорт"}},{"type":"Feature","geometry":{"type":"Point","coordinates":[77.08367,43.37176]},"properties":{"hex_id":"H02147","district":"Турксиб","ecorisk":4.8,"ecorisk_oof":4.77,"high_risk_prob":0.001,"ndvi":0.437,"lst_c":24.3,"reports":13,"landuse":"Пустырь"}},{"type":"Feature","geometry":{"type":"Point","coordinates":[77.09117,43.37176]},"properties":{"hex_id":"H02148","district":"Турксиб","ecorisk":5.02,"ecorisk_oof":5.2,"high_risk_prob":0.0,"ndvi":0.392,"lst_c":24.2,"reports":13,"landuse":"Пустырь"}},{"type":"Feature","geometry":{"type":"Point","coordinates":[77.09867,43.37176]},"properties":{"hex_id":"H02149","district":"Турксиб","ecorisk":4.14,"ecorisk_oof":4.37,"high_risk_prob":0.0,"ndvi":0.351,"lst_c":24.6,"reports":4,"landuse":"Пустырь"}},{"type":"Feature","geometry":{"type":"Point","coordinates":[76.78,43.37649]},"properties":{"hex_id":"H02150","district":"Алатау","ecorisk":4.6,"ecorisk_oof":4.58,"high_risk_prob":0.0,"ndvi":0.365,"lst_c":24.1,"reports":7,"landuse":"Пустырь"}},{"type":"Feature","geometry":{"type":"Point","coordinates":[76.7875,43.37649]},"properties":{"hex_id":"H02151","district":"Алатау","ecorisk":5.63,"ecorisk_oof":5.57,"high_risk_prob":0.002,"ndvi":0.382,"lst_c":24.9,"reports":15,"landuse":"Пустырь"}},{"type":"Feature","geometry":{"type":"Point","coordinates":[76.795,43.37649]},"properties":{"hex_id":"H02152","district":"Алатау","ecorisk":4.42,"ecorisk_oof":4.55,"high_risk_prob":0.001,"ndvi":0.31,"lst_c":23.2,"reports":2,"landuse":"Пустырь"}},{"type":"Feature","geometry":{"type":"Point","coordinates":[76.80249,43.37649]},"properties":{"hex_id":"H02153","district":"Алатау","ecorisk":4.61,"ecorisk_oof":4.25,"high_risk_prob":0.001,"ndvi":0.378,"lst_c":22.3,"reports":5,"landuse":"Пустырь"}},{"type":"Feature","geometry":{"type":"Point","coordinates":[76.80999,43.37649]},"properties":{"hex_id":"H02154","district":"Алатау","ecorisk":4.86,"ecorisk_oof":5.08,"high_risk_prob":0.005,"ndvi":0.333,"lst_c":23.8,"reports":6,"landuse":"Пустырь"}},{"type":"Feature","geometry":{"type":"Point","coordinates":[76.81749,43.37649]},"properties":{"hex_id":"H02155","district":"Алатау","ecorisk":5.08,"ecorisk_oof":5.21,"high_risk_prob":0.006,"ndvi":0.328,"lst_c":25.7,"reports":7,"landuse":"Пустырь"}},{"type":"Feature","geometry":{"type":"Point","coordinates":[76.82499,43.37649]},"properties":{"hex_id":"H02156","district":"Алатау","ecorisk":4.95,"ecorisk_oof":5.16,"high_risk_prob":0.016,"ndvi":0.265,"lst_c":26.5,"reports":12,"landuse":"Промышленная"}},{"type":"Feature","geometry":{"type":"Point","coordinates":[76.83249,43.37649]},"properties":{"hex_id":"H02157","district":"Алатау","ecorisk":5.04,"ecorisk_oof":5.17,"high_risk_prob":0.006,"ndvi":0.302,"lst_c":25.2,"reports":15,"landuse":"Жилая"}},{"type":"Feature","geometry":{"type":"Point","coordinates":[76.83999,43.37649]},"properties":{"hex_id":"H02158","district":"Алатау","ecorisk":4.18,"ecorisk_oof":4.63,"high_risk_prob":0.001,"ndvi":0.269,"lst_c":24.4,"reports":1,"landuse":"Пустырь"}},{"type":"Feature","geometry":{"type":"Point","coordinates":[76.84748,43.37649]},"properties":{"hex_id":"H02159","district":"Алатау","ecorisk":4.93,"ecorisk_oof":4.86,"high_risk_prob":0.0,"ndvi":0.359,"lst_c":25.3,"reports":5,"landuse":"Промышленная"}},{"type":"Feature","geometry":{"type":"Point","coordinates":[76.85498,43.37649]},"properties":{"hex_id":"H02160","district":"Алатау","ecorisk":5.11,"ecorisk_oof":5.21,"high_risk_prob":0.004,"ndvi":0.322,"lst_c":23.4,"reports":1,"landuse":"Пустырь"}},{"type":"Feature","geometry":{"type":"Point","coordinates":[76.86248,43.37649]},"properties":{"hex_id":"H02161","district":"Алатау","ecorisk":4.98,"ecorisk_oof":5.02,"high_risk_prob":0.002,"ndvi":0.342,"lst_c":25.2,"reports":10,"landuse":"Пустырь"}},{"type":"Feature","geometry":{"type":"Point","coordinates":[76.86998,43.37649]},"properties":{"hex_id":"H02162","district":"Алатау","ecorisk":5.03,"ecorisk_oof":5.1,"high_risk_prob":0.012,"ndvi":0.276,"lst_c":25.2,"reports":2,"landuse":"Парк/сквер"}},{"type":"Feature","geometry":{"type":"Point","coordinates":[76.87748,43.37649]},"properties":{"hex_id":"H02163","district":"Алатау","ecorisk":5.56,"ecorisk_oof":5.36,"high_risk_prob":0.002,"ndvi":0.324,"lst_c":24.5,"reports":4,"landuse":"Коммерческая"}},{"type":"Feature","geometry":{"type":"Point","coordinates":[76.88497,43.37649]},"properties":{"hex_id":"H02164","district":"Алатау","ecorisk":5.1,"ecorisk_oof":5.03,"high_risk_prob":0.002,"ndvi":0.311,"lst_c":25.1,"reports":13,"landuse":"Пустырь"}},{"type":"Feature","geometry":{"type":"Point","coordinates":[76.89247,43.37649]},"properties":{"hex_id":"H02165","district":"Алатау","ecorisk":5.36,"ecorisk_oof":5.27,"high_risk_prob":0.069,"ndvi":0.254,"lst_c":25.8,"reports":3,"landuse":"Пустырь"}},{"type":"Feature","geometry":{"type":"Point","coordinates":[76.89997,43.37649]},"properties":{"hex_id":"H02166","district":"Алатау","ecorisk":5.54,"ecorisk_oof":5.75,"high_risk_prob":0.004,"ndvi":0.338,"lst_c":26.7,"reports":6,"landuse":"Пустырь"}},{"type":"Feature","geometry":{"type":"Point","coordinates":[76.90747,43.37649]},"properties":{"hex_id":"H02167","district":"Алатау","ecorisk":5.42,"ecorisk_oof":5.21,"high_risk_prob":0.014,"ndvi":0.376,"lst_c":25.5,"reports":10,"landuse":"Пустырь"}},{"type":"Feature","geometry":{"type":"Point","coordinates":[76.91497,43.37649]},"properties":{"hex_id":"H02168","district":"Алатау","ecorisk":4.81,"ecorisk_oof":5.04,"high_risk_prob":0.011,"ndvi":0.274,"lst_c":27.0,"reports":4,"landuse":"Жилая"}},{"type":"Feature","geometry":{"type":"Point","coordinates":[76.92246,43.37649]},"properties":{"hex_id":"H02169","district":"Алатау","ecorisk":5.73,"ecorisk_oof":5.82,"high_risk_prob":0.02,"ndvi":0.311,"lst_c":25.2,"reports":19,"landuse":"Пустырь"}},{"type":"Feature","geometry":{"type":"Point","coordinates":[76.92996,43.37649]},"properties":{"hex_id":"H02170","district":"Турксиб","ecorisk":5.87,"ecorisk_oof":5.76,"high_risk_prob":0.028,"ndvi":0.386,"lst_c":23.5,"reports":30,"landuse":"Пустырь"}},{"type":"Feature","geometry":{"type":"Point","coordinates":[76.93746,43.37649]},"properties":{"hex_id":"H02171","district":"Турксиб","ecorisk":4.52,"ecorisk_oof":4.17,"high_risk_prob":0.001,"ndvi":0.298,"lst_c":24.6,"reports":1,"landuse":"Транспорт"}},{"type":"Feature","geometry":{"type":"Point","coordinates":[76.94496,43.37649]},"properties":{"hex_id":"H02172","district":"Турксиб","ecorisk":4.69,"ecorisk_oof":4.68,"high_risk_prob":0.001,"ndvi":0.42,"lst_c":23.4,"reports":6,"landuse":"Пустырь"}},{"type":"Feature","geometry":{"type":"Point","coordinates":[76.95246,43.37649]},"properties":{"hex_id":"H02173","district":"Турксиб","ecorisk":4.8,"ecorisk_oof":4.34,"high_risk_prob":0.001,"ndvi":0.304,"lst_c":22.5,"reports":10,"landuse":"Пустырь"}},{"type":"Feature","geometry":{"type":"Point","coordinates":[76.95996,43.37649]},"properties":{"hex_id":"H02174","district":"Турксиб","ecorisk":4.38,"ecorisk_oof":4.24,"high_risk_prob":0.001,"ndvi":0.335,"lst_c":24.4,"reports":1,"landuse":"Парк/сквер"}},{"type":"Feature","geometry":{"type":"Point","coordinates":[76.96745,43.37649]},"properties":{"hex_id":"H02175","district":"Турксиб","ecorisk":4.96,"ecorisk_oof":4.55,"high_risk_prob":0.003,"ndvi":0.278,"lst_c":24.6,"reports":29,"landuse":"Пустырь"}},{"type":"Feature","geometry":{"type":"Point","coordinates":[76.97495,43.37649]},"properties":{"hex_id":"H02176","district":"Турксиб","ecorisk":4.73,"ecorisk_oof":4.89,"high_risk_prob":0.001,"ndvi":0.346,"lst_c":25.3,"reports":6,"landuse":"Жилая"}},{"type":"Feature","geometry":{"type":"Point","coordinates":[76.98245,43.37649]},"properties":{"hex_id":"H02177","district":"Турксиб","ecorisk":5.41,"ecorisk_oof":5.18,"high_risk_prob":0.002,"ndvi":0.393,"lst_c":24.4,"reports":19,"landuse":"Транспорт"}},{"type":"Feature","geometry":{"type":"Point","coordinates":[76.98995,43.37649]},"properties":{"hex_id":"H02178","district":"Турксиб","ecorisk":5.06,"ecorisk_oof":5.08,"high_risk_prob":0.003,"ndvi":0.319,"lst_c":26.1,"reports":11,"landuse":"Пустырь"}},{"type":"Feature","geometry":{"type":"Point","coordinates":[76.99745,43.37649]},"properties":{"hex_id":"H02179","district":"Турксиб","ecorisk":5.93,"ecorisk_oof":5.85,"high_risk_prob":0.086,"ndvi":0.372,"lst_c":24.0,"reports":21,"landuse":"Пустырь"}},{"type":"Feature","geometry":{"type":"Point","coordinates":[77.00494,43.37649]},"properties":{"hex_id":"H02180","district":"Турксиб","ecorisk":5.7,"ecorisk_oof":5.4,"high_risk_prob":0.002,"ndvi":0.305,"lst_c":25.0,"reports":6,"landuse":"Пустырь"}},{"type":"Feature","geometry":{"type":"Point","coordinates":[77.01244,43.37649]},"properties":{"hex_id":"H02181","district":"Турксиб","ecorisk":5.51,"ecorisk_oof":5.51,"high_risk_prob":0.013,"ndvi":0.284,"lst_c":25.6,"reports":12,"landuse":"Пустырь"}},{"type":"Feature","geometry":{"type":"Point","coordinates":[77.01994,43.37649]},"properties":{"hex_id":"H02182","district":"Турксиб","ecorisk":5.47,"ecorisk_oof":5.31,"high_risk_prob":0.002,"ndvi":0.337,"lst_c":21.3,"reports":11,"landuse":"Пустырь"}},{"type":"Feature","geometry":{"type":"Point","coordinates":[77.02744,43.37649]},"properties":{"hex_id":"H02183","district":"Турксиб","ecorisk":4.94,"ecorisk_oof":4.78,"high_risk_prob":0.004,"ndvi":0.263,"lst_c":24.0,"reports":2,"landuse":"Парк/сквер"}},{"type":"Feature","geometry":{"type":"Point","coordinates":[77.03494,43.37649]},"properties":{"hex_id":"H02184","district":"Турксиб","ecorisk":5.98,"ecorisk_oof":5.9,"high_risk_prob":0.016,"ndvi":0.343,"lst_c":23.7,"reports":13,"landuse":"Пустырь"}},{"type":"Feature","geometry":{"type":"Point","coordinates":[77.04243,43.37649]},"properties":{"hex_id":"H02185","district":"Турксиб","ecorisk":4.69,"ecorisk_oof":4.94,"high_risk_prob":0.001,"ndvi":0.297,"lst_c":25.2,"reports":5,"landuse":"Пустырь"}},{"type":"Feature","geometry":{"type":"Point","coordinates":[77.04993,43.37649]},"properties":{"hex_id":"H02186","district":"Турксиб","ecorisk":4.59,"ecorisk_oof":4.8,"high_risk_prob":0.001,"ndvi":0.325,"lst_c":24.9,"reports":1,"landuse":"Парк/сквер"}},{"type":"Feature","geometry":{"type":"Point","coordinates":[77.05743,43.37649]},"properties":{"hex_id":"H02187","district":"Турксиб","ecorisk":5.23,"ecorisk_oof":5.23,"high_risk_prob":0.001,"ndvi":0.354,"lst_c":22.7,"reports":18,"landuse":"Пустырь"}},{"type":"Feature","geometry":{"type":"Point","coordinates":[77.06493,43.37649]},"properties":{"hex_id":"H02188","district":"Турксиб","ecorisk":5.62,"ecorisk_oof":5.8,"high_risk_prob":0.001,"ndvi":0.36,"lst_c":23.6,"reports":22,"landuse":"Пустырь"}},{"type":"Feature","geometry":{"type":"Point","coordinates":[77.07243,43.37649]},"properties":{"hex_id":"H02189","district":"Турксиб","ecorisk":4.89,"ecorisk_oof":4.97,"high_risk_prob":0.001,"ndvi":0.421,"lst_c":22.9,"reports":15,"landuse":"Парк/сквер"}},{"type":"Feature","geometry":{"type":"Point","coordinates":[77.07993,43.37649]},"properties":{"hex_id":"H02190","district":"Турксиб","ecorisk":4.87,"ecorisk_oof":4.7,"high_risk_prob":0.006,"ndvi":0.321,"lst_c":24.4,"reports":2,"landuse":"Парк/сквер"}},{"type":"Feature","geometry":{"type":"Point","coordinates":[77.08742,43.37649]},"properties":{"hex_id":"H02191","district":"Турксиб","ecorisk":5.66,"ecorisk_oof":5.42,"high_risk_prob":0.006,"ndvi":0.415,"lst_c":25.1,"reports":9,"landuse":"Транспорт"}},{"type":"Feature","geometry":{"type":"Point","coordinates":[77.09492,43.37649]},"properties":{"hex_id":"H02192","district":"Турксиб","ecorisk":3.25,"ecorisk_oof":3.41,"high_risk_prob":0.001,"ndvi":0.335,"lst_c":22.8,"reports":1,"landuse":"Жилая"}},{"type":"Feature","geometry":{"type":"Point","coordinates":[76.78375,43.38122]},"properties":{"hex_id":"H02193","district":"Алатау","ecorisk":4.36,"ecorisk_oof":4.46,"high_risk_prob":0.001,"ndvi":0.326,"lst_c":24.4,"reports":3,"landuse":"Жилая"}},{"type":"Feature","geometry":{"type":"Point","coordinates":[76.79125,43.38122]},"properties":{"hex_id":"H02194","district":"Алатау","ecorisk":4.61,"ecorisk_oof":4.48,"high_risk_prob":0.001,"ndvi":0.362,"lst_c":22.3,"reports":9,"landuse":"Транспорт"}},{"type":"Feature","geometry":{"type":"Point","coordinates":[76.79875,43.38122]},"properties":{"hex_id":"H02195","district":"Алатау","ecorisk":5.16,"ecorisk_oof":5.23,"high_risk_prob":0.006,"ndvi":0.313,"lst_c":24.9,"reports":5,"landuse":"Пустырь"}},{"type":"Feature","geometry":{"type":"Point","coordinates":[76.80624,43.38122]},"properties":{"hex_id":"H02196","district":"Алатау","ecorisk":5.1,"ecorisk_oof":4.78,"high_risk_prob":0.013,"ndvi":0.328,"lst_c":26.1,"reports":13,"landuse":"Пустырь"}},{"type":"Feature","geometry":{"type":"Point","coordinates":[76.81374,43.38122]},"properties":{"hex_id":"H02197","district":"Алатау","ecorisk":5.69,"ecorisk_oof":5.61,"high_risk_prob":0.007,"ndvi":0.285,"lst_c":24.5,"reports":7,"landuse":"Парк/сквер"}},{"type":"Feature","geometry":{"type":"Point","coordinates":[76.82124,43.38122]},"properties":{"hex_id":"H02198","district":"Алатау","ecorisk":5.49,"ecorisk_oof":5.46,"high_risk_prob":0.003,"ndvi":0.355,"lst_c":27.3,"reports":6,"landuse":"Парк/сквер"}},{"type":"Feature","geometry":{"type":"Point","coordinates":[76.82874,43.38122]},"properties":{"hex_id":"H02199","district":"Алатау","ecorisk":4.84,"ecorisk_oof":5.31,"high_risk_prob":0.003,"ndvi":0.287,"lst_c":26.3,"reports":5,"landuse":"Коммерческая"}},{"type":"Feature","geometry":{"type":"Point","coordinates":[76.83624,43.38122]},"properties":{"hex_id":"H02200","district":"Алатау","ecorisk":5.04,"ecorisk_oof":5.18,"high_risk_prob":0.0,"ndvi":0.384,"lst_c":22.7,"reports":20,"landuse":"Пустырь"}},{"type":"Feature","geometry":{"type":"Point","coordinates":[76.84373,43.38122]},"properties":{"hex_id":"H02201","district":"Алатау","ecorisk":5.89,"ecorisk_oof":5.67,"high_risk_prob":0.016,"ndvi":0.367,"lst_c":23.7,"reports":11,"landuse":"Парк/сквер"}},{"type":"Feature","geometry":{"type":"Point","coordinates":[76.85123,43.38122]},"properties":{"hex_id":"H02202","district":"Алатау","ecorisk":4.88,"ecorisk_oof":5.23,"high_risk_prob":0.003,"ndvi":0.286,"lst_c":24.1,"reports":19,"landuse":"Промышленная"}},{"type":"Feature","geometry":{"type":"Point","coordinates":[76.85873,43.38122]},"properties":{"hex_id":"H02203","district":"Алатау","ecorisk":5.85,"ecorisk_oof":5.73,"high_risk_prob":0.029,"ndvi":0.27,"lst_c":24.4,"reports":22,"landuse":"Пустырь"}},{"type":"Feature","geometry":{"type":"Point","coordinates":[76.86623,43.38122]},"properties":{"hex_id":"H02204","district":"Алатау","ecorisk":6.06,"ecorisk_oof":6.06,"high_risk_prob":0.052,"ndvi":0.261,"lst_c":27.4,"reports":12,"landuse":"Пустырь"}},{"type":"Feature","geometry":{"type":"Point","coordinates":[76.87373,43.38122]},"properties":{"hex_id":"H02205","district":"Алатау","ecorisk":4.92,"ecorisk_oof":4.7,"high_risk_prob":0.002,"ndvi":0.307,"lst_c":26.5,"reports":1,"landuse":"Пустырь"}},{"type":"Feature","geometry":{"type":"Point","coordinates":[76.88122,43.38122]},"properties":{"hex_id":"H02206","district":"Алатау","ecorisk":5.31,"ecorisk_oof":5.39,"high_risk_prob":0.002,"ndvi":0.345,"lst_c":23.2,"reports":11,"landuse":"Пустырь"}},{"type":"Feature","geometry":{"type":"Point","coordinates":[76.88872,43.38122]},"properties":{"hex_id":"H02207","district":"Алатау","ecorisk":4.98,"ecorisk_oof":4.97,"high_risk_prob":0.001,"ndvi":0.304,"lst_c":24.9,"reports":4,"landuse":"Пустырь"}},{"type":"Feature","geometry":{"type":"Point","coordinates":[76.89622,43.38122]},"properties":{"hex_id":"H02208","district":"Алатау","ecorisk":5.26,"ecorisk_oof":5.16,"high_risk_prob":0.004,"ndvi":0.321,"lst_c":26.2,"reports":3,"landuse":"Пустырь"}},{"type":"Feature","geometry":{"type":"Point","coordinates":[76.90372,43.38122]},"properties":{"hex_id":"H02209","district":"Алатау","ecorisk":4.36,"ecorisk_oof":4.63,"high_risk_prob":0.003,"ndvi":0.353,"lst_c":23.6,"reports":1,"landuse":"Парк/сквер"}},{"type":"Feature","geometry":{"type":"Point","coordinates":[76.91122,43.38122]},"properties":{"hex_id":"H02210","district":"Алатау","ecorisk":5.42,"ecorisk_oof":5.33,"high_risk_prob":0.003,"ndvi":0.296,"lst_c":25.2,"reports":3,"landuse":"Промышленная"}},{"type":"Feature","geometry":{"type":"Point","coordinates":[76.91872,43.38122]},"properties":{"hex_id":"H02211","district":"Алатау","ecorisk":5.81,"ecorisk_oof":5.8,"high_risk_prob":0.042,"ndvi":0.375,"lst_c":25.8,"reports":11,"landuse":"Парк/сквер"}},{"type":"Feature","geometry":{"type":"Point","coordinates":[76.92621,43.38122]},"properties":{"hex_id":"H02212","district":"Турксиб","ecorisk":5.91,"ecorisk_oof":5.68,"high_risk_prob":0.002,"ndvi":0.29,"lst_c":24.6,"reports":9,"landuse":"Пустырь"}},{"type":"Feature","geometry":{"type":"Point","coordinates":[76.93371,43.38122]},"properties":{"hex_id":"H02213","district":"Турксиб","ecorisk":4.8,"ecorisk_oof":4.64,"high_risk_prob":0.001,"ndvi":0.308,"lst_c":24.1,"reports":3,"landuse":"Пустырь"}},{"type":"Feature","geometry":{"type":"Point","coordinates":[76.94121,43.38122]},"properties":{"hex_id":"H02214","district":"Турксиб","ecorisk":4.91,"ecorisk_oof":4.94,"high_risk_prob":0.001,"ndvi":0.286,"lst_c":24.1,"reports":5,"landuse":"Жилая"}},{"type":"Feature","geometry":{"type":"Point","coordinates":[76.94871,43.38122]},"properties":{"hex_id":"H02215","district":"Турксиб","ecorisk":4.99,"ecorisk_oof":4.89,"high_risk_prob":0.004,"ndvi":0.326,"lst_c":22.3,"reports":8,"landuse":"Пустырь"}},{"type":"Feature","geometry":{"type":"Point","coordinates":[76.95621,43.38122]},"properties":{"hex_id":"H02216","district":"Турксиб","ecorisk":5.09,"ecorisk_oof":4.75,"high_risk_prob":0.009,"ndvi":0.279,"lst_c":24.6,"reports":11,"landuse":"Транспорт"}},{"type":"Feature","geometry":{"type":"Point","coordinates":[76.9637,43.38122]},"properties":{"hex_id":"H02217","district":"Турксиб","ecorisk":4.68,"ecorisk_oof":4.46,"high_risk_prob":0.021,"ndvi":0.322,"lst_c":24.6,"reports":2,"landuse":"Жилая"}},{"type":"Feature","geometry":{"type":"Point","coordinates":[76.9712,43.38122]},"properties":{"hex_id":"H02218","district":"Турксиб","ecorisk":3.93,"ecorisk_oof":3.92,"high_risk_prob":0.001,"ndvi":0.389,"lst_c":22.8,"reports":0,"landuse":"Жилая"}},{"type":"Feature","geometry":{"type":"Point","coordinates":[76.9787,43.38122]},"properties":{"hex_id":"H02219","district":"Турксиб","ecorisk":5.2,"ecorisk_oof":5.32,"high_risk_prob":0.003,"ndvi":0.316,"lst_c":23.2,"reports":11,"landuse":"Парк/сквер"}},{"type":"Feature","geometry":{"type":"Point","coordinates":[76.9862,43.38122]},"properties":{"hex_id":"H02220","district":"Турксиб","ecorisk":5.14,"ecorisk_oof":5.17,"high_risk_prob":0.003,"ndvi":0.378,"lst_c":22.2,"reports":7,"landuse":"Пустырь"}},{"type":"Feature","geometry":{"type":"Point","coordinates":[76.9937,43.38122]},"properties":{"hex_id":"H02221","district":"Турксиб","ecorisk":4.73,"ecorisk_oof":4.62,"high_risk_prob":0.0,"ndvi":0.396,"lst_c":23.3,"reports":3,"landuse":"Пустырь"}},{"type":"Feature","geometry":{"type":"Point","coordinates":[77.00119,43.38122]},"properties":{"hex_id":"H02222","district":"Турксиб","ecorisk":5.69,"ecorisk_oof":5.64,"high_risk_prob":0.004,"ndvi":0.288,"lst_c":24.2,"reports":12,"landuse":"Пустырь"}},{"type":"Feature","geometry":{"type":"Point","coordinates":[77.00869,43.38122]},"properties":{"hex_id":"H02223","district":"Турксиб","ecorisk":4.47,"ecorisk_oof":4.68,"high_risk_prob":0.0,"ndvi":0.293,"lst_c":25.3,"reports":2,"landuse":"Коммерческая"}},{"type":"Feature","geometry":{"type":"Point","coordinates":[77.01619,43.38122]},"properties":{"hex_id":"H02224","district":"Турксиб","ecorisk":5.45,"ecorisk_oof":5.18,"high_risk_prob":0.002,"ndvi":0.337,"lst_c":24.1,"reports":8,"landuse":"Пустырь"}},{"type":"Feature","geometry":{"type":"Point","coordinates":[77.02369,43.38122]},"properties":{"hex_id":"H02225","district":"Турксиб","ecorisk":4.39,"ecorisk_oof":4.11,"high_risk_prob":0.001,"ndvi":0.277,"lst_c":23.1,"reports":4,"landuse":"Коммерческая"}},{"type":"Feature","geometry":{"type":"Point","coordinates":[77.03119,43.38122]},"properties":{"hex_id":"H02226","district":"Турксиб","ecorisk":5.04,"ecorisk_oof":5.09,"high_risk_prob":0.001,"ndvi":0.291,"lst_c":25.0,"reports":8,"landuse":"Пустырь"}},{"type":"Feature","geometry":{"type":"Point","coordinates":[77.03869,43.38122]},"properties":{"hex_id":"H02227","district":"Турксиб","ecorisk":5.15,"ecorisk_oof":4.75,"high_risk_prob":0.001,"ndvi":0.306,"lst_c":27.3,"reports":6,"landuse":"Транспорт"}},{"type":"Feature","geometry":{"type":"Point","coordinates":[77.04618,43.38122]},"properties":{"hex_id":"H02228","district":"Турксиб","ecorisk":4.97,"ecorisk_oof":4.79,"high_risk_prob":0.012,"ndvi":0.356,"lst_c":26.3,"reports":2,"landuse":"Жилая"}},{"type":"Feature","geometry":{"type":"Point","coordinates":[77.05368,43.38122]},"properties":{"hex_id":"H02229","district":"Турксиб","ecorisk":5.25,"ecorisk_oof":5.64,"high_risk_prob":0.002,"ndvi":0.391,"lst_c":27.5,"reports":9,"landuse":"Пустырь"}},{"type":"Feature","geometry":{"type":"Point","coordinates":[77.06118,43.38122]},"properties":{"hex_id":"H02230","district":"Турксиб","ecorisk":5.76,"ecorisk_oof":5.45,"high_risk_prob":0.007,"ndvi":0.239,"lst_c":27.3,"reports":5,"landuse":"Пустырь"}},{"type":"Feature","geometry":{"type":"Point","coordinates":[77.06868,43.38122]},"properties":{"hex_id":"H02231","district":"Турксиб","ecorisk":4.15,"ecorisk_oof":3.94,"high_risk_prob":0.003,"ndvi":0.299,"lst_c":25.6,"reports":3,"landuse":"Пустырь"}},{"type":"Feature","geometry":{"type":"Point","coordinates":[77.07618,43.38122]},"properties":{"hex_id":"H02232","district":"Турксиб","ecorisk":4.58,"ecorisk_oof":4.11,"high_risk_prob":0.002,"ndvi":0.33,"lst_c":24.4,"reports":1,"landuse":"Парк/сквер"}},{"type":"Feature","geometry":{"type":"Point","coordinates":[77.08367,43.38122]},"properties":{"hex_id":"H02233","district":"Турксиб","ecorisk":5.48,"ecorisk_oof":5.37,"high_risk_prob":0.002,"ndvi":0.328,"lst_c":25.0,"reports":13,"landuse":"Промышленная"}},{"type":"Feature","geometry":{"type":"Point","coordinates":[77.09117,43.38122]},"properties":{"hex_id":"H02234","district":"Турксиб","ecorisk":5.07,"ecorisk_oof":5.35,"high_risk_prob":0.002,"ndvi":0.383,"lst_c":25.5,"reports":11,"landuse":"Пустырь"}},{"type":"Feature","geometry":{"type":"Point","coordinates":[77.09867,43.38122]},"properties":{"hex_id":"H02235","district":"Турксиб","ecorisk":4.86,"ecorisk_oof":5.08,"high_risk_prob":0.001,"ndvi":0.367,"lst_c":24.9,"reports":10,"landuse":"Пустырь"}},{"type":"Feature","geometry":{"type":"Point","coordinates":[76.78,43.38595]},"properties":{"hex_id":"H02236","district":"Алатау","ecorisk":5.15,"ecorisk_oof":4.59,"high_risk_prob":0.005,"ndvi":0.314,"lst_c":24.6,"reports":2,"landuse":"Парк/сквер"}},{"type":"Feature","geometry":{"type":"Point","coordinates":[76.7875,43.38595]},"properties":{"hex_id":"H02237","district":"Алатау","ecorisk":4.46,"ecorisk_oof":5.1,"high_risk_prob":0.013,"ndvi":0.288,"lst_c":24.5,"reports":0,"landuse":"Пустырь"}},{"type":"Feature","geometry":{"type":"Point","coordinates":[76.795,43.38595]},"properties":{"hex_id":"H02238","district":"Алатау","ecorisk":4.78,"ecorisk_oof":4.79,"high_risk_prob":0.001,"ndvi":0.347,"lst_c":24.6,"reports":7,"landuse":"Пустырь"}},{"type":"Feature","geometry":{"type":"Point","coordinates":[76.80249,43.38595]},"properties":{"hex_id":"H02239","district":"Алатау","ecorisk":6.11,"ecorisk_oof":6.12,"high_risk_prob":0.034,"ndvi":0.254,"lst_c":25.1,"reports":8,"landuse":"Пустырь"}},{"type":"Feature","geometry":{"type":"Point","coordinates":[76.80999,43.38595]},"properties":{"hex_id":"H02240","district":"Алатау","ecorisk":4.93,"ecorisk_oof":4.92,"high_risk_prob":0.002,"ndvi":0.341,"lst_c":23.9,"reports":2,"landuse":"Транспорт"}},{"type":"Feature","geometry":{"type":"Point","coordinates":[76.81749,43.38595]},"properties":{"hex_id":"H02241","district":"Алатау","ecorisk":5.33,"ecorisk_oof":5.41,"high_risk_prob":0.001,"ndvi":0.337,"lst_c":24.1,"reports":10,"landuse":"Пустырь"}},{"type":"Feature","geometry":{"type":"Point","coordinates":[76.82499,43.38595]},"properties":{"hex_id":"H02242","district":"Алатау","ecorisk":5.17,"ecorisk_oof":5.15,"high_risk_prob":0.002,"ndvi":0.273,"lst_c":26.9,"reports":2,"landuse":"Промышленная"}},{"type":"Feature","geometry":{"type":"Point","coordinates":[76.83249,43.38595]},"properties":{"hex_id":"H02243","district":"Алатау","ecorisk":6.06,"ecorisk_oof":5.95,"high_risk_prob":0.488,"ndvi":0.267,"lst_c":27.0,"reports":17,"landuse":"Пустырь"}},{"type":"Feature","geometry":{"type":"Point","coordinates":[76.83999,43.38595]},"properties":{"hex_id":"H02244","district":"Алатау","ecorisk":6.01,"ecorisk_oof":6.21,"high_risk_prob":0.013,"ndvi":0.338,"lst_c":25.6,"reports":17,"landuse":"Пустырь"}},{"type":"Feature","geometry":{"type":"Point","coordinates":[76.84748,43.38595]},"properties":{"hex_id":"H02245","district":"Алатау","ecorisk":4.63,"ecorisk_oof":4.56,"high_risk_prob":0.0,"ndvi":0.418,"lst_c":25.6,"reports":1,"landuse":"Промышленная"}},{"type":"Feature","geometry":{"type":"Point","coordinates":[76.85498,43.38595]},"properties":{"hex_id":"H02246","district":"Алатау","ecorisk":4.92,"ecorisk_oof":5.0,"high_risk_prob":0.004,"ndvi":0.327,"lst_c":23.3,"reports":3,"landuse":"Пустырь"}},{"type":"Feature","geometry":{"type":"Point","coordinates":[76.86248,43.38595]},"properties":{"hex_id":"H02247","district":"Алатау","ecorisk":6.13,"ecorisk_oof":5.99,"high_risk_prob":0.3,"ndvi":0.325,"lst_c":26.4,"reports":10,"landuse":"Пустырь"}},{"type":"Feature","geometry":{"type":"Point","coordinates":[76.86998,43.38595]},"properties":{"hex_id":"H02248","district":"Алатау","ecorisk":5.57,"ecorisk_oof":5.62,"high_risk_prob":0.002,"ndvi":0.29,"lst_c":25.2,"reports":8,"landuse":"Пустырь"}},{"type":"Feature","geometry":{"type":"Point","coordinates":[76.87748,43.38595]},"properties":{"hex_id":"H02249","district":"Алатау","ecorisk":4.47,"ecorisk_oof":4.55,"high_risk_prob":0.001,"ndvi":0.339,"lst_c":24.6,"reports":4,"landuse":"Пустырь"}},{"type":"Feature","geometry":{"type":"Point","coordinates":[76.88497,43.38595]},"properties":{"hex_id":"H02250","district":"Алатау","ecorisk":4.68,"ecorisk_oof":4.74,"high_risk_prob":0.003,"ndvi":0.383,"lst_c":25.2,"reports":13,"landuse":"Пустырь"}},{"type":"Feature","geometry":{"type":"Point","coordinates":[76.89247,43.38595]},"properties":{"hex_id":"H02251","district":"Алатау","ecorisk":5.7,"ecorisk_oof":5.76,"high_risk_prob":0.018,"ndvi":0.311,"lst_c":27.2,"reports":9,"landuse":"Пустырь"}},{"type":"Feature","geometry":{"type":"Point","coordinates":[76.89997,43.38595]},"properties":{"hex_id":"H02252","district":"Алатау","ecorisk":5.09,"ecorisk_oof":4.86,"high_risk_prob":0.003,"ndvi":0.263,"lst_c":25.1,"reports":3,"landuse":"Парк/сквер"}},{"type":"Feature","geometry":{"type":"Point","coordinates":[76.90747,43.38595]},"properties":{"hex_id":"H02253","district":"Алатау","ecorisk":5.02,"ecorisk_oof":4.98,"high_risk_prob":0.002,"ndvi":0.333,"lst_c":25.2,"reports":10,"landuse":"Пустырь"}},{"type":"Feature","geometry":{"type":"Point","coordinates":[76.91497,43.38595]},"properties":{"hex_id":"H02254","district":"Алатау","ecorisk":5.65,"ecorisk_oof":5.52,"high_risk_prob":0.065,"ndvi":0.251,"lst_c":25.6,"reports":16,"landuse":"Пустырь"}},{"type":"Feature","geometry":{"type":"Point","coordinates":[76.92246,43.38595]},"properties":{"hex_id":"H02255","district":"Алатау","ecorisk":5.14,"ecorisk_oof":4.77,"high_risk_prob":0.003,"ndvi":0.352,"lst_c":24.6,"reports":2,"landuse":"Транспорт"}},{"type":"Feature","geometry":{"type":"Point","coordinates":[76.92996,43.38595]},"properties":{"hex_id":"H02256","district":"Турксиб","ecorisk":6.09,"ecorisk_oof":5.96,"high_risk_prob":0.053,"ndvi":0.288,"lst_c":24.7,"reports":16,"landuse":"Коммерческая"}},{"type":"Feature","geometry":{"type":"Point","coordinates":[76.93746,43.38595]},"properties":{"hex_id":"H02257","district":"Турксиб","ecorisk":4.17,"ecorisk_oof":4.25,"high_risk_prob":0.002,"ndvi":0.301,"lst_c":24.4,"reports":0,"landuse":"Парк/сквер"}},{"type":"Feature","geometry":{"type":"Point","coordinates":[76.94496,43.38595]},"properties":{"hex_id":"H02258","district":"Турксиб","ecorisk":5.25,"ecorisk_oof":5.03,"high_risk_prob":0.004,"ndvi":0.291,"lst_c":24.3,"reports":25,"landuse":"Пустырь"}},{"type":"Feature","geometry":{"type":"Point","coordinates":[76.95246,43.38595]},"properties":{"hex_id":"H02259","district":"Турксиб","ecorisk":4.43,"ecorisk_oof":3.69,"high_risk_prob":0.001,"ndvi":0.296,"lst_c":23.3,"reports":1,"landuse":"Транспорт"}},{"type":"Feature","geometry":{"type":"Point","coordinates":[76.95996,43.38595]},"properties":{"hex_id":"H02260","district":"Турксиб","ecorisk":6.28,"ecorisk_oof":6.26,"high_risk_prob":0.217,"ndvi":0.308,"lst_c":26.1,"reports":11,"landuse":"Пустырь"}},{"type":"Feature","geometry":{"type":"Point","coordinates":[76.96745,43.38595]},"properties":{"hex_id":"H02261","district":"Турксиб","ecorisk":4.61,"ecorisk_oof":4.23,"high_risk_prob":0.001,"ndvi":0.344,"lst_c":25.4,"reports":8,"landuse":"Пустырь"}},{"type":"Feature","geometry":{"type":"Point","coordinates":[76.97495,43.38595]},"properties":{"hex_id":"H02262","district":"Турксиб","ecorisk":4.97,"ecorisk_oof":4.6,"high_risk_prob":0.001,"ndvi":0.326,"lst_c":23.8,"reports":3,"landuse":"Жилая"}},{"type":"Feature","geometry":{"type":"Point","coordinates":[76.98245,43.38595]},"properties":{"hex_id":"H02263","district":"Турксиб","ecorisk":5.06,"ecorisk_oof":5.03,"high_risk_prob":0.002,"ndvi":0.357,"lst_c":24.7,"reports":8,"landuse":"Жилая"}},{"type":"Feature","geometry":{"type":"Point","coordinates":[76.98995,43.38595]},"properties":{"hex_id":"H02264","district":"Турксиб","ecorisk":3.68,"ecorisk_oof":3.62,"high_risk_prob":0.001,"ndvi":0.455,"lst_c":22.8,"reports":2,"landuse":"Пустырь"}},{"type":"Feature","geometry":{"type":"Point","coordinates":[76.99745,43.38595]},"properties":{"hex_id":"H02265","district":"Турксиб","ecorisk":4.83,"ecorisk_oof":4.91,"high_risk_prob":0.002,"ndvi":0.347,"lst_c":24.2,"reports":10,"landuse":"Пустырь"}},{"type":"Feature","geometry":{"type":"Point","coordinates":[77.00494,43.38595]},"properties":{"hex_id":"H02266","district":"Турксиб","ecorisk":5.31,"ecorisk_oof":5.44,"high_risk_prob":0.001,"ndvi":0.324,"lst_c":24.4,"reports":18,"landuse":"Пустырь"}},{"type":"Feature","geometry":{"type":"Point","coordinates":[77.01244,43.38595]},"properties":{"hex_id":"H02267","district":"Турксиб","ecorisk":4.67,"ecorisk_oof":5.07,"high_risk_prob":0.006,"ndvi":0.312,"lst_c":25.1,"reports":2,"landuse":"Пустырь"}},{"type":"Feature","geometry":{"type":"Point","coordinates":[77.01994,43.38595]},"properties":{"hex_id":"H02268","district":"Турксиб","ecorisk":3.23,"ecorisk_oof":3.08,"high_risk_prob":0.0,"ndvi":0.363,"lst_c":24.0,"reports":3,"landuse":"Пустырь"}},{"type":"Feature","geometry":{"type":"Point","coordinates":[77.02744,43.38595]},"properties":{"hex_id":"H02269","district":"Турксиб","ecorisk":6.0,"ecorisk_oof":5.82,"high_risk_prob":0.01,"ndvi":0.304,"lst_c":25.0,"reports":8,"landuse":"Пустырь"}},{"type":"Feature","geometry":{"type":"Point","coordinates":[77.03494,43.38595]},"properties":{"hex_id":"H02270","district":"Турксиб","ecorisk":4.98,"ecorisk_oof":4.82,"high_risk_prob":0.003,"ndvi":0.344,"lst_c":26.4,"reports":1,"landuse":"Транспорт"}},{"type":"Feature","geometry":{"type":"Point","coordinates":[77.04243,43.38595]},"properties":{"hex_id":"H02271","district":"Турксиб","ecorisk":5.23,"ecorisk_oof":5.04,"high_risk_prob":0.007,"ndvi":0.277,"lst_c":26.9,"reports":14,"landuse":"Пустырь"}},{"type":"Feature","geometry":{"type":"Point","coordinates":[77.04993,43.38595]},"properties":{"hex_id":"H02272","district":"Турксиб","ecorisk":4.73,"ecorisk_oof":4.79,"high_risk_prob":0.001,"ndvi":0.327,"lst_c":24.4,"reports":5,"landuse":"Коммерческая"}},{"type":"Feature","geometry":{"type":"Point","coordinates":[77.05743,43.38595]},"properties":{"hex_id":"H02273","district":"Турксиб","ecorisk":4.6,"ecorisk_oof":4.65,"high_risk_prob":0.001,"ndvi":0.355,"lst_c":23.2,"reports":4,"landuse":"Пустырь"}},{"type":"Feature","geometry":{"type":"Point","coordinates":[77.06493,43.38595]},"properties":{"hex_id":"H02274","district":"Турксиб","ecorisk":4.77,"ecorisk_oof":4.92,"high_risk_prob":0.0,"ndvi":0.299,"lst_c":24.9,"reports":2,"landuse":"Парк/сквер"}},{"type":"Feature","geometry":{"type":"Point","coordinates":[77.07243,43.38595]},"properties":{"hex_id":"H02275","district":"Турксиб","ecorisk":5.27,"ecorisk_oof":5.24,"high_risk_prob":0.02,"ndvi":0.336,"lst_c":26.5,"reports":1,"landuse":"Пустырь"}},{"type":"Feature","geometry":{"type":"Point","coordinates":[77.07993,43.38595]},"properties":{"hex_id":"H02276","district":"Турксиб","ecorisk":4.8,"ecorisk_oof":4.77,"high_risk_prob":0.0,"ndvi":0.345,"lst_c":23.6,"reports":5,"landuse":"Промышленная"}},{"type":"Feature","geometry":{"type":"Point","coordinates":[77.08742,43.38595]},"properties":{"hex_id":"H02277","district":"Турксиб","ecorisk":4.76,"ecorisk_oof":4.56,"high_risk_prob":0.004,"ndvi":0.329,"lst_c":25.1,"reports":7,"landuse":"Жилая"}},{"type":"Feature","geometry":{"type":"Point","coordinates":[77.09492,43.38595]},"properties":{"hex_id":"H02278","district":"Турксиб","ecorisk":5.56,"ecorisk_oof":6.09,"high_risk_prob":0.018,"ndvi":0.33,"lst_c":27.1,"reports":14,"landuse":"Пустырь"}},{"type":"Feature","geometry":{"type":"Point","coordinates":[76.78375,43.39068]},"properties":{"hex_id":"H02279","district":"Алатау","ecorisk":4.37,"ecorisk_oof":4.47,"high_risk_prob":0.0,"ndvi":0.305,"lst_c":25.1,"reports":1,"landuse":"Пустырь"}},{"type":"Feature","geometry":{"type":"Point","coordinates":[76.79125,43.39068]},"properties":{"hex_id":"H02280","district":"Алатау","ecorisk":5.11,"ecorisk_oof":5.15,"high_risk_prob":0.001,"ndvi":0.323,"lst_c":24.6,"reports":2,"landuse":"Коммерческая"}},{"type":"Feature","geometry":{"type":"Point","coordinates":[76.79875,43.39068]},"properties":{"hex_id":"H02281","district":"Алатау","ecorisk":5.52,"ecorisk_oof":5.1,"high_risk_prob":0.008,"ndvi":0.261,"lst_c":23.9,"reports":2,"landuse":"Пустырь"}},{"type":"Feature","geometry":{"type":"Point","coordinates":[76.80624,43.39068]},"properties":{"hex_id":"H02282","district":"Алатау","ecorisk":5.55,"ecorisk_oof":4.92,"high_risk_prob":0.004,"ndvi":0.33,"lst_c":24.1,"reports":3,"landuse":"Пустырь"}},{"type":"Feature","geometry":{"type":"Point","coordinates":[76.81374,43.39068]},"properties":{"hex_id":"H02283","district":"Алатау","ecorisk":4.44,"ecorisk_oof":4.61,"high_risk_prob":0.001,"ndvi":0.455,"lst_c":24.2,"reports":12,"landuse":"Пустырь"}},{"type":"Feature","geometry":{"type":"Point","coordinates":[76.82124,43.39068]},"properties":{"hex_id":"H02284","district":"Алатау","ecorisk":6.67,"ecorisk_oof":6.54,"high_risk_prob":0.615,"ndvi":0.307,"lst_c":27.5,"reports":21,"landuse":"Пустырь"}},{"type":"Feature","geometry":{"type":"Point","coordinates":[76.82874,43.39068]},"properties":{"hex_id":"H02285","district":"Алатау","ecorisk":5.01,"ecorisk_oof":5.0,"high_risk_prob":0.0,"ndvi":0.293,"lst_c":25.0,"reports":3,"landuse":"Парк/сквер"}},{"type":"Feature","geometry":{"type":"Point","coordinates":[76.83624,43.39068]},"properties":{"hex_id":"H02286","district":"Алатау","ecorisk":5.26,"ecorisk_oof":5.45,"high_risk_prob":0.001,"ndvi":0.292,"lst_c":26.1,"reports":5,"landuse":"Пустырь"}},{"type":"Feature","geometry":{"type":"Point","coordinates":[76.84373,43.39068]},"properties":{"hex_id":"H02287","district":"Алатау","ecorisk":4.96,"ecorisk_oof":5.43,"high_risk_prob":0.005,"ndvi":0.282,"lst_c":25.3,"reports":10,"landuse":"Пустырь"}},{"type":"Feature","geometry":{"type":"Point","coordinates":[76.85123,43.39068]},"properties":{"hex_id":"H02288","district":"Алатау","ecorisk":5.34,"ecorisk_oof":4.87,"high_risk_prob":0.004,"ndvi":0.291,"lst_c":24.5,"reports":9,"landuse":"Пустырь"}},{"type":"Feature","geometry":{"type":"Point","coordinates":[76.85873,43.39068]},"properties":{"hex_id":"H02289","district":"Алатау","ecorisk":5.52,"ecorisk_oof":5.37,"high_risk_prob":0.028,"ndvi":0.287,"lst_c":26.3,"reports":1,"landuse":"Жилая"}},{"type":"Feature","geometry":{"type":"Point","coordinates":[76.86623,43.39068]},"properties":{"hex_id":"H02290","district":"Алатау","ecorisk":4.15,"ecorisk_oof":4.44,"high_risk_prob":0.001,"ndvi":0.31,"lst_c":24.3,"reports":6,"landuse":"Парк/сквер"}},{"type":"Feature","geometry":{"type":"Point","coordinates":[76.87373,43.39068]},"properties":{"hex_id":"H02291","district":"Алатау","ecorisk":4.49,"ecorisk_oof":4.53,"high_risk_prob":0.0,"ndvi":0.327,"lst_c":23.8,"reports":2,"landuse":"Пустырь"}},{"type":"Feature","geometry":{"type":"Point","coordinates":[76.88122,43.39068]},"properties":{"hex_id":"H02292","district":"Алатау","ecorisk":4.68,"ecorisk_oof":4.6,"high_risk_prob":0.004,"ndvi":0.28,"lst_c":23.9,"reports":0,"landuse":"Жилая"}},{"type":"Feature","geometry":{"type":"Point","coordinates":[76.88872,43.39068]},"properties":{"hex_id":"H02293","district":"Алатау","ecorisk":5.98,"ecorisk_oof":5.97,"high_risk_prob":0.301,"ndvi":0.336,"lst_c":24.2,"reports":19,"landuse":"Пустырь"}},{"type":"Feature","geometry":{"type":"Point","coordinates":[76.89622,43.39068]},"properties":{"hex_id":"H02294","district":"Алатау","ecorisk":6.18,"ecorisk_oof":6.18,"high_risk_prob":0.232,"ndvi":0.297,"lst_c":25.9,"reports":19,"landuse":"Парк/сквер"}},{"type":"Feature","geometry":{"type":"Point","coordinates":[76.90372,43.39068]},"properties":{"hex_id":"H02295","district":"Алатау","ecorisk":4.41,"ecorisk_oof":4.32,"high_risk_prob":0.004,"ndvi":0.311,"lst_c":26.9,"reports":3,"landuse":"Транспорт"}},{"type":"Feature","geometry":{"type":"Point","coordinates":[76.91122,43.39068]},"properties":{"hex_id":"H02296","district":"Алатау","ecorisk":5.29,"ecorisk_oof":5.65,"high_risk_prob":0.012,"ndvi":0.316,"lst_c":23.7,"reports":14,"landuse":"Пустырь"}},{"type":"Feature","geometry":{"type":"Point","coordinates":[76.91872,43.39068]},"properties":{"hex_id":"H02297","district":"Алатау","ecorisk":4.9,"ecorisk_oof":4.72,"high_risk_prob":0.001,"ndvi":0.303,"lst_c":24.5,"reports":4,"landuse":"Пустырь"}},{"type":"Feature","geometry":{"type":"Point","coordinates":[76.92621,43.39068]},"properties":{"hex_id":"H02298","district":"Турксиб","ecorisk":4.95,"ecorisk_oof":4.7,"high_risk_prob":0.006,"ndvi":0.381,"lst_c":23.8,"reports":21,"landuse":"Пустырь"}},{"type":"Feature","geometry":{"type":"Point","coordinates":[76.93371,43.39068]},"properties":{"hex_id":"H02299","district":"Турксиб","ecorisk":5.16,"ecorisk_oof":5.36,"high_risk_prob":0.002,"ndvi":0.281,"lst_c":23.7,"reports":7,"landuse":"Пустырь"}},{"type":"Feature","geometry":{"type":"Point","coordinates":[76.94121,43.39068]},"properties":{"hex_id":"H02300","district":"Турксиб","ecorisk":5.53,"ecorisk_oof":4.96,"high_risk_prob":0.005,"ndvi":0.224,"lst_c":24.9,"reports":4,"landuse":"Пустырь"}},{"type":"Feature","geometry":{"type":"Point","coordinates":[76.94871,43.39068]},"properties":{"hex_id":"H02301","district":"Турксиб","ecorisk":5.18,"ecorisk_oof":5.11,"high_risk_prob":0.011,"ndvi":0.25,"lst_c":26.3,"reports":12,"landuse":"Жилая"}},{"type":"Feature","geometry":{"type":"Point","coordinates":[76.95621,43.39068]},"properties":{"hex_id":"H02302","district":"Турксиб","ecorisk":4.51,"ecorisk_oof":4.14,"high_risk_prob":0.002,"ndvi":0.286,"lst_c":25.1,"reports":2,"landuse":"Пустырь"}},{"type":"Feature","geometry":{"type":"Point","coordinates":[76.9637,43.39068]},"properties":{"hex_id":"H02303","district":"Турксиб","ecorisk":5.29,"ecorisk_oof":5.0,"high_risk_prob":0.015,"ndvi":0.296,"lst_c":25.5,"reports":15,"landuse":"Пустырь"}},{"type":"Feature","geometry":{"type":"Point","coordinates":[76.9712,43.39068]},"properties":{"hex_id":"H02304","district":"Турксиб","ecorisk":5.54,"ecorisk_oof":5.23,"high_risk_prob":0.002,"ndvi":0.297,"lst_c":24.0,"reports":16,"landuse":"Пустырь"}},{"type":"Feature","geometry":{"type":"Point","coordinates":[76.9787,43.39068]},"properties":{"hex_id":"H02305","district":"Турксиб","ecorisk":5.68,"ecorisk_oof":5.5,"high_risk_prob":0.003,"ndvi":0.326,"lst_c":23.5,"reports":10,"landuse":"Пустырь"}},{"type":"Feature","geometry":{"type":"Point","coordinates":[76.9862,43.39068]},"properties":{"hex_id":"H02306","district":"Турксиб","ecorisk":5.5,"ecorisk_oof":5.34,"high_risk_prob":0.002,"ndvi":0.335,"lst_c":24.0,"reports":20,"landuse":"Пустырь"}},{"type":"Feature","geometry":{"type":"Point","coordinates":[76.9937,43.39068]},"properties":{"hex_id":"H02307","district":"Турксиб","ecorisk":4.65,"ecorisk_oof":4.52,"high_risk_prob":0.002,"ndvi":0.268,"lst_c":25.8,"reports":0,"landuse":"Коммерческая"}},{"type":"Feature","geometry":{"type":"Point","coordinates":[77.00119,43.39068]},"properties":{"hex_id":"H02308","district":"Турксиб","ecorisk":5.4,"ecorisk_oof":5.14,"high_risk_prob":0.003,"ndvi":0.281,"lst_c":25.0,"reports":2,"landuse":"Промышленная"}},{"type":"Feature","geometry":{"type":"Point","coordinates":[77.00869,43.39068]},"properties":{"hex_id":"H02309","district":"Турксиб","ecorisk":4.79,"ecorisk_oof":4.8,"high_risk_prob":0.001,"ndvi":0.31,"lst_c":22.4,"reports":4,"landuse":"Пустырь"}},{"type":"Feature","geometry":{"type":"Point","coordinates":[77.01619,43.39068]},"properties":{"hex_id":"H02310","district":"Турксиб","ecorisk":5.17,"ecorisk_oof":4.79,"high_risk_prob":0.001,"ndvi":0.361,"lst_c":24.5,"reports":2,"landuse":"Коммерческая"}},{"type":"Feature","geometry":{"type":"Point","coordinates":[77.02369,43.39068]},"properties":{"hex_id":"H02311","district":"Турксиб","ecorisk":4.86,"ecorisk_oof":4.95,"high_risk_prob":0.002,"ndvi":0.284,"lst_c":25.6,"reports":3,"landuse":"Коммерческая"}},{"type":"Feature","geometry":{"type":"Point","coordinates":[77.03119,43.39068]},"properties":{"hex_id":"H02312","district":"Турксиб","ecorisk":4.56,"ecorisk_oof":4.51,"high_risk_prob":0.002,"ndvi":0.286,"lst_c":24.5,"reports":1,"landuse":"Парк/сквер"}},{"type":"Feature","geometry":{"type":"Point","coordinates":[77.03869,43.39068]},"properties":{"hex_id":"H02313","district":"Турксиб","ecorisk":4.39,"ecorisk_oof":4.35,"high_risk_prob":0.002,"ndvi":0.29,"lst_c":25.6,"reports":1,"landuse":"Парк/сквер"}},{"type":"Feature","geometry":{"type":"Point","coordinates":[77.04618,43.39068]},"properties":{"hex_id":"H02314","district":"Турксиб","ecorisk":4.39,"ecorisk_oof":4.49,"high_risk_prob":0.002,"ndvi":0.271,"lst_c":25.2,"reports":1,"landuse":"Жилая"}},{"type":"Feature","geometry":{"type":"Point","coordinates":[77.05368,43.39068]},"properties":{"hex_id":"H02315","district":"Турксиб","ecorisk":5.76,"ecorisk_oof":5.54,"high_risk_prob":0.009,"ndvi":0.341,"lst_c":25.1,"reports":7,"landuse":"Пустырь"}},{"type":"Feature","geometry":{"type":"Point","coordinates":[77.06118,43.39068]},"properties":{"hex_id":"H02316","district":"Турксиб","ecorisk":4.99,"ecorisk_oof":5.06,"high_risk_prob":0.012,"ndvi":0.335,"lst_c":21.7,"reports":26,"landuse":"Пустырь"}},{"type":"Feature","geometry":{"type":"Point","coordinates":[77.06868,43.39068]},"properties":{"hex_id":"H02317","district":"Турксиб","ecorisk":4.27,"ecorisk_oof":4.82,"high_risk_prob":0.001,"ndvi":0.289,"lst_c":25.9,"reports":3,"landuse":"Пустырь"}},{"type":"Feature","geometry":{"type":"Point","coordinates":[77.07618,43.39068]},"properties":{"hex_id":"H02318","district":"Турксиб","ecorisk":4.75,"ecorisk_oof":4.63,"high_risk_prob":0.003,"ndvi":0.302,"lst_c":24.1,"reports":1,"landuse":"Пустырь"}},{"type":"Feature","geometry":{"type":"Point","coordinates":[77.08367,43.39068]},"properties":{"hex_id":"H02319","district":"Турксиб","ecorisk":5.58,"ecorisk_oof":5.69,"high_risk_prob":0.007,"ndvi":0.36,"lst_c":24.2,"reports":14,"landuse":"Пустырь"}},{"type":"Feature","geometry":{"type":"Point","coordinates":[77.09117,43.39068]},"properties":{"hex_id":"H02320","district":"Турксиб","ecorisk":4.43,"ecorisk_oof":4.45,"high_risk_prob":0.001,"ndvi":0.379,"lst_c":27.1,"reports":3,"landuse":"Пустырь"}},{"type":"Feature","geometry":{"type":"Point","coordinates":[77.09867,43.39068]},"properties":{"hex_id":"H02321","district":"Турксиб","ecorisk":4.52,"ecorisk_oof":4.45,"high_risk_prob":0.001,"ndvi":0.359,"lst_c":23.4,"reports":4,"landuse":"Коммерческая"}},{"type":"Feature","geometry":{"type":"Point","coordinates":[76.78,43.39541]},"properties":{"hex_id":"H02322","district":"Алатау","ecorisk":4.96,"ecorisk_oof":4.67,"high_risk_prob":0.002,"ndvi":0.389,"lst_c":23.3,"reports":2,"landuse":"Жилая"}},{"type":"Feature","geometry":{"type":"Point","coordinates":[76.7875,43.39541]},"properties":{"hex_id":"H02323","district":"Алатау","ecorisk":5.45,"ecorisk_oof":5.33,"high_risk_prob":0.0,"ndvi":0.302,"lst_c":26.0,"reports":7,"landuse":"Парк/сквер"}},{"type":"Feature","geometry":{"type":"Point","coordinates":[76.795,43.39541]},"properties":{"hex_id":"H02324","district":"Алатау","ecorisk":5.39,"ecorisk_oof":5.19,"high_risk_prob":0.014,"ndvi":0.283,"lst_c":25.2,"reports":2,"landuse":"Пустырь"}},{"type":"Feature","geometry":{"type":"Point","coordinates":[76.80249,43.39541]},"properties":{"hex_id":"H02325","district":"Алатау","ecorisk":5.92,"ecorisk_oof":6.18,"high_risk_prob":0.132,"ndvi":0.275,"lst_c":23.4,"reports":20,"landuse":"Пустырь"}},{"type":"Feature","geometry":{"type":"Point","coordinates":[76.80999,43.39541]},"properties":{"hex_id":"H02326","district":"Алатау","ecorisk":4.75,"ecorisk_oof":4.5,"high_risk_prob":0.0,"ndvi":0.347,"lst_c":24.1,"reports":4,"landuse":"Жилая"}},{"type":"Feature","geometry":{"type":"Point","coordinates":[76.81749,43.39541]},"properties":{"hex_id":"H02327","district":"Алатау","ecorisk":4.67,"ecorisk_oof":4.65,"high_risk_prob":0.001,"ndvi":0.369,"lst_c":25.7,"reports":0,"landuse":"Коммерческая"}},{"type":"Feature","geometry":{"type":"Point","coordinates":[76.82499,43.39541]},"properties":{"hex_id":"H02328","district":"Алатау","ecorisk":6.23,"ecorisk_oof":6.15,"high_risk_prob":0.704,"ndvi":0.292,"lst_c":26.9,"reports":12,"landuse":"Пустырь"}},{"type":"Feature","geometry":{"type":"Point","coordinates":[76.83249,43.39541]},"properties":{"hex_id":"H02329","district":"Алатау","ecorisk":4.65,"ecorisk_oof":4.72,"high_risk_prob":0.001,"ndvi":0.319,"lst_c":26.5,"reports":0,"landuse":"Пустырь"}},{"type":"Feature","geometry":{"type":"Point","coordinates":[76.83999,43.39541]},"properties":{"hex_id":"H02330","district":"Алатау","ecorisk":4.4,"ecorisk_oof":4.47,"high_risk_prob":0.001,"ndvi":0.324,"lst_c":24.5,"reports":0,"landuse":"Пустырь"}},{"type":"Feature","geometry":{"type":"Point","coordinates":[76.84748,43.39541]},"properties":{"hex_id":"H02331","district":"Алатау","ecorisk":5.25,"ecorisk_oof":5.25,"high_risk_prob":0.002,"ndvi":0.374,"lst_c":24.2,"reports":5,"landuse":"Транспорт"}},{"type":"Feature","geometry":{"type":"Point","coordinates":[76.85498,43.39541]},"properties":{"hex_id":"H02332","district":"Алатау","ecorisk":6.32,"ecorisk_oof":6.22,"high_risk_prob":0.789,"ndvi":0.316,"lst_c":25.4,"reports":19,"landuse":"Пустырь"}},{"type":"Feature","geometry":{"type":"Point","coordinates":[76.86248,43.39541]},"properties":{"hex_id":"H02333","district":"Алатау","ecorisk":4.82,"ecorisk_oof":5.39,"high_risk_prob":0.005,"ndvi":0.269,"lst_c":26.1,"reports":21,"landuse":"Пустырь"}},{"type":"Feature","geometry":{"type":"Point","coordinates":[76.86998,43.39541]},"properties":{"hex_id":"H02334","district":"Алатау","ecorisk":5.83,"ecorisk_oof":5.79,"high_risk_prob":0.056,"ndvi":0.324,"lst_c":24.5,"reports":29,"landuse":"Пустырь"}},{"type":"Feature","geometry":{"type":"Point","coordinates":[76.87748,43.39541]},"properties":{"hex_id":"H02335","district":"Алатау","ecorisk":5.86,"ecorisk_oof":5.77,"high_risk_prob":0.028,"ndvi":0.365,"lst_c":24.5,"reports":18,"landuse":"Пустырь"}},{"type":"Feature","geometry":{"type":"Point","coordinates":[76.88497,43.39541]},"properties":{"hex_id":"H02336","district":"Алатау","ecorisk":5.33,"ecorisk_oof":5.08,"high_risk_prob":0.003,"ndvi":0.319,"lst_c":26.5,"reports":4,"landuse":"Пустырь"}},{"type":"Feature","geometry":{"type":"Point","coordinates":[76.89247,43.39541]},"properties":{"hex_id":"H02337","district":"Алатау","ecorisk":5.14,"ecorisk_oof":5.31,"high_risk_prob":0.034,"ndvi":0.249,"lst_c":24.6,"reports":1,"landuse":"Пустырь"}},{"type":"Feature","geometry":{"type":"Point","coordinates":[76.89997,43.39541]},"properties":{"hex_id":"H02338","district":"Алатау","ecorisk":5.88,"ecorisk_oof":5.99,"high_risk_prob":0.011,"ndvi":0.27,"lst_c":22.1,"reports":16,"landuse":"Промышленная"}},{"type":"Feature","geometry":{"type":"Point","coordinates":[76.90747,43.39541]},"properties":{"hex_id":"H02339","district":"Алатау","ecorisk":6.33,"ecorisk_oof":6.08,"high_risk_prob":0.254,"ndvi":0.266,"lst_c":24.3,"reports":34,"landuse":"Пустырь"}},{"type":"Feature","geometry":{"type":"Point","coordinates":[76.91497,43.39541]},"properties":{"hex_id":"H02340","district":"Алатау","ecorisk":5.06,"ecorisk_oof":5.27,"high_risk_prob":0.034,"ndvi":0.28,"lst_c":25.6,"reports":17,"landuse":"Промышленная"}},{"type":"Feature","geometry":{"type":"Point","coordinates":[76.92246,43.39541]},"properties":{"hex_id":"H02341","district":"Алатау","ecorisk":5.97,"ecorisk_oof":5.87,"high_risk_prob":0.074,"ndvi":0.295,"lst_c":26.9,"reports":8,"landuse":"Пустырь"}},{"type":"Feature","geometry":{"type":"Point","coordinates":[76.92996,43.39541]},"properties":{"hex_id":"H02342","district":"Турксиб","ecorisk":6.03,"ecorisk_oof":5.63,"high_risk_prob":0.032,"ndvi":0.291,"lst_c":25.8,"reports":38,"landuse":"Пустырь"}},{"type":"Feature","geometry":{"type":"Point","coordinates":[76.93746,43.39541]},"properties":{"hex_id":"H02343","district":"Турксиб","ecorisk":5.61,"ecorisk_oof":5.43,"high_risk_prob":0.01,"ndvi":0.372,"lst_c":26.2,"reports":10,"landuse":"Пустырь"}},{"type":"Feature","geometry":{"type":"Point","coordinates":[76.94496,43.39541]},"properties":{"hex_id":"H02344","district":"Турксиб","ecorisk":4.54,"ecorisk_oof":4.3,"high_risk_prob":0.004,"ndvi":0.267,"lst_c":24.9,"reports":3,"landuse":"Жилая"}},{"type":"Feature","geometry":{"type":"Point","coordinates":[76.95246,43.39541]},"properties":{"hex_id":"H02345","district":"Турксиб","ecorisk":4.87,"ecorisk_oof":4.52,"high_risk_prob":0.003,"ndvi":0.252,"lst_c":25.0,"reports":1,"landuse":"Транспорт"}},{"type":"Feature","geometry":{"type":"Point","coordinates":[76.95996,43.39541]},"properties":{"hex_id":"H02346","district":"Турксиб","ecorisk":5.37,"ecorisk_oof":5.29,"high_risk_prob":0.001,"ndvi":0.296,"lst_c":24.2,"reports":7,"landuse":"Промышленная"}},{"type":"Feature","geometry":{"type":"Point","coordinates":[76.96745,43.39541]},"properties":{"hex_id":"H02347","district":"Турксиб","ecorisk":4.18,"ecorisk_oof":4.18,"high_risk_prob":0.001,"ndvi":0.318,"lst_c":23.7,"reports":1,"landuse":"Промышленная"}},{"type":"Feature","geometry":{"type":"Point","coordinates":[76.97495,43.39541]},"properties":{"hex_id":"H02348","district":"Турксиб","ecorisk":6.07,"ecorisk_oof":5.83,"high_risk_prob":0.045,"ndvi":0.306,"lst_c":23.1,"reports":17,"landuse":"Пустырь"}},{"type":"Feature","geometry":{"type":"Point","coordinates":[76.98245,43.39541]},"properties":{"hex_id":"H02349","district":"Турксиб","ecorisk":5.02,"ecorisk_oof":4.58,"high_risk_prob":0.001,"ndvi":0.294,"lst_c":25.2,"reports":2,"landuse":"Промышленная"}},{"type":"Feature","geometry":{"type":"Point","coordinates":[76.98995,43.39541]},"properties":{"hex_id":"H02350","district":"Турксиб","ecorisk":4.75,"ecorisk_oof":4.85,"high_risk_prob":0.001,"ndvi":0.323,"lst_c":23.9,"reports":5,"landuse":"Парк/сквер"}},{"type":"Feature","geometry":{"type":"Point","coordinates":[76.99745,43.39541]},"properties":{"hex_id":"H02351","district":"Турксиб","ecorisk":5.87,"ecorisk_oof":5.99,"high_risk_prob":0.017,"ndvi":0.218,"lst_c":26.6,"reports":14,"landuse":"Промышленная"}},{"type":"Feature","geometry":{"type":"Point","coordinates":[77.00494,43.39541]},"properties":{"hex_id":"H02352","district":"Турксиб","ecorisk":4.11,"ecorisk_oof":4.19,"high_risk_prob":0.0,"ndvi":0.311,"lst_c":23.0,"reports":0,"landuse":"Пустырь"}},{"type":"Feature","geometry":{"type":"Point","coordinates":[77.01244,43.39541]},"properties":{"hex_id":"H02353","district":"Турксиб","ecorisk":4.6,"ecorisk_oof":4.59,"high_risk_prob":0.001,"ndvi":0.331,"lst_c":24.7,"reports":6,"landuse":"Транспорт"}},{"type":"Feature","geometry":{"type":"Point","coordinates":[77.01994,43.39541]},"properties":{"hex_id":"H02354","district":"Турксиб","ecorisk":6.45,"ecorisk_oof":6.11,"high_risk_prob":0.252,"ndvi":0.317,"lst_c":26.6,"reports":17,"landuse":"Транспорт"}},{"type":"Feature","geometry":{"type":"Point","coordinates":[77.02744,43.39541]},"properties":{"hex_id":"H02355","district":"Турксиб","ecorisk":4.41,"ecorisk_oof":4.57,"high_risk_prob":0.001,"ndvi":0.358,"lst_c":25.8,"reports":2,"landuse":"Жилая"}},{"type":"Feature","geometry":{"type":"Point","coordinates":[77.03494,43.39541]},"properties":{"hex_id":"H02356","district":"Турксиб","ecorisk":5.19,"ecorisk_oof":5.21,"high_risk_prob":0.002,"ndvi":0.276,"lst_c":23.7,"reports":15,"landuse":"Промышленная"}},{"type":"Feature","geometry":{"type":"Point","coordinates":[77.04243,43.39541]},"properties":{"hex_id":"H02357","district":"Турксиб","ecorisk":4.74,"ecorisk_oof":4.94,"high_risk_prob":0.002,"ndvi":0.266,"lst_c":25.4,"reports":1,"landuse":"Пустырь"}},{"type":"Feature","geometry":{"type":"Point","coordinates":[77.04993,43.39541]},"properties":{"hex_id":"H02358","district":"Турксиб","ecorisk":5.67,"ecorisk_oof":5.58,"high_risk_prob":0.03,"ndvi":0.266,"lst_c":25.3,"reports":15,"landuse":"Парк/сквер"}},{"type":"Feature","geometry":{"type":"Point","coordinates":[77.05743,43.39541]},"properties":{"hex_id":"H02359","district":"Турксиб","ecorisk":5.84,"ecorisk_oof":5.93,"high_risk_prob":0.005,"ndvi":0.288,"lst_c":26.9,"reports":16,"landuse":"Пустырь"}},{"type":"Feature","geometry":{"type":"Point","coordinates":[77.06493,43.39541]},"properties":{"hex_id":"H02360","district":"Турксиб","ecorisk":5.36,"ecorisk_oof":5.55,"high_risk_prob":0.012,"ndvi":0.303,"lst_c":24.9,"reports":26,"landuse":"Пустырь"}},{"type":"Feature","geometry":{"type":"Point","coordinates":[77.07243,43.39541]},"properties":{"hex_id":"H02361","district":"Турксиб","ecorisk":5.16,"ecorisk_oof":5.31,"high_risk_prob":0.001,"ndvi":0.377,"lst_c":24.0,"reports":11,"landuse":"Транспорт"}},{"type":"Feature","geometry":{"type":"Point","coordinates":[77.07993,43.39541]},"properties":{"hex_id":"H02362","district":"Турксиб","ecorisk":5.76,"ecorisk_oof":5.7,"high_risk_prob":0.011,"ndvi":0.323,"lst_c":24.4,"reports":26,"landuse":"Пустырь"}},{"type":"Feature","geometry":{"type":"Point","coordinates":[77.08742,43.39541]},"properties":{"hex_id":"H02363","district":"Турксиб","ecorisk":4.23,"ecorisk_oof":4.16,"high_risk_prob":0.002,"ndvi":0.356,"lst_c":23.1,"reports":1,"landuse":"Пустырь"}},{"type":"Feature","geometry":{"type":"Point","coordinates":[77.09492,43.39541]},"properties":{"hex_id":"H02364","district":"Турксиб","ecorisk":5.21,"ecorisk_oof":4.28,"high_risk_prob":0.002,"ndvi":0.381,"lst_c":24.0,"reports":1,"landuse":"Промышленная"}}]}