hex_id,lat,lng,district,ndvi,ndvi_trend_3y,lst_c,pop_density,built_density,road_density,dist_road_m,impervious,elevation_m,landuse,structural_component,behavioural_component,eco_risk_true,high_risk_true,rep_count,rep_sev_mean,rep_sev_max,rep_trust_sum,rep_verified_share,rep_uniq_users,rep_behav_share,rep_late_share
H00000,43.14,76.78,Алмалы,0.367,-0.003,20.7,1727.0,0.048,0.251,284.0,0.062,1526.0,Парк/сквер,-2.216,-1.167,3.484,0,1.0,3.0,3.0,0.15,1.0,1.0,1.0,1.0
H00001,43.14,76.78749813170916,Алмалы,0.457,-0.001,20.4,898.0,0.051,0.253,313.0,0.112,1494.0,Парк/сквер,-3.014,-1.573,2.027,0,3.0,3.0,4.0,1.5470000000000002,0.6666666666666666,2.0,0.3333333333333333,1.0
H00002,43.14,76.79499626341831,Алмалы,0.46,0.029,20.6,1658.0,0.055,0.255,316.0,0.02,1525.0,Коммерческая,-4.054,0.449,2.869,0,19.0,2.8421052631578947,5.0,10.143,0.47368421052631576,18.0,0.8421052631578947,0.5789473684210527
H00003,43.14,76.80249439512747,Алмалы,0.457,0.016,21.6,2450.0,0.06,0.259,288.0,0.02,1523.0,Парк/сквер,-3.402,-2.583,2.873,0,1.0,5.0,5.0,0.415,1.0,1.0,1.0,1.0
H00004,43.14,76.80999252683662,Алмалы,0.523,0.012,19.9,2123.0,0.067,0.262,288.0,0.087,1540.0,Парк/сквер,-3.842,-0.829,2.452,0,1.0,1.0,1.0,0.536,0.0,1.0,1.0,0.0
H00005,43.14,76.81749065854578,Алмалы,0.478,0.003,20.5,2675.0,0.074,0.267,205.0,0.087,1586.0,Транспорт,-2.798,-0.206,3.737,0,0.0,0.0,0.0,0.0,0.0,0.0,0.0,0.0
H00006,43.14,76.82498879025493,Алмалы,0.466,0.007,20.3,4069.0,0.082,0.271,258.0,0.02,1546.0,Жилая,-3.19,-1.057,2.022,0,6.0,2.1666666666666665,3.0,4.171,0.6666666666666666,6.0,0.8333333333333334,0.6666666666666666
H00007,43.14,76.83248692196409,Алмалы,0.558,0.012,20.5,4697.0,0.091,0.276,210.0,0.099,1547.0,Жилая,-3.603,-0.814,2.675,0,2.0,2.0,3.0,1.388,0.5,2.0,1.0,0.5
H00008,43.14,76.83998505367325,Алмалы,0.558,-0.005,20.2,2665.0,0.099,0.28,250.0,0.02,1599.0,Парк/сквер,-3.502,-0.687,2.882,0,2.0,3.0,4.0,1.3330000000000002,0.5,2.0,0.5,1.0
H00009,43.14,76.8474831853824,Алмалы,0.425,0.035,20.9,4933.0,0.107,0.283,224.0,0.079,1557.0,Транспорт,-3.2,-0.262,3.227,0,3.0,2.3333333333333335,3.0,0.777,0.6666666666666666,3.0,1.0,1.0
H00010,43.14,76.85498131709156,Алмалы,0.447,0.012,23.1,4447.0,0.115,0.285,297.0,0.159,1575.0,Промышленная,-2.527,1.546,5.034,0,55.0,3.418181818181818,5.0,32.853,0.6909090909090909,51.0,0.8909090909090909,0.6545454545454545
H00011,43.14,76.86247944880071,Алмалы,0.551,0.022,20.5,3779.0,0.121,0.286,248.0,0.087,1589.0,Парк/сквер,-3.916,0.87,4.522,0,27.0,3.185185185185185,5.0,12.703,0.6666666666666666,26.0,0.8148148148148148,0.7037037037037037
H00012,43.14,76.86997758050987,Алмалы,0.481,-0.006,21.2,4713.0,0.126,0.286,269.0,0.089,1596.0,Жилая,-2.562,0.632,4.29,0,16.0,3.5,5.0,8.819,0.5625,13.0,0.75,0.6875
H00013,43.14,76.87747571221902,Бостандык,0.488,-0.019,21.0,5086.0,0.129,0.283,390.0,0.11,1629.0,Жилая,-2.714,-0.425,3.178,0,1.0,2.0,2.0,0.764,1.0,1.0,1.0,0.0
H00014,43.14,76.88497384392818,Бостандык,0.507,0.012,21.2,5185.0,0.13,0.28,393.0,0.071,1640.0,Парк/сквер,-3.791,-0.381,3.088,0,1.0,2.0,2.0,0.246,0.0,1.0,1.0,1.0
H00015,43.14,76.89247197563733,Бостандык,0.49,0.008,24.0,4992.0,0.13,0.275,259.0,0.061,1661.0,Жилая,-2.652,0.262,3.228,0,10.0,2.4,5.0,5.554,0.6,10.0,0.8,0.6
H00016,43.14,76.89997010734649,Бостандык,0.555,0.034,21.4,4516.0,0.128,0.27,224.0,0.132,1642.0,Парк/сквер,-3.91,-1.567,1.53,0,4.0,2.5,4.0,2.26,0.0,4.0,1.0,0.5
H00017,43.14,76.90746823905565,Бостандык,0.536,0.006,20.0,5175.0,0.124,0.263,288.0,0.13,1634.0,Парк/сквер,-3.459,-0.356,3.609,0,4.0,4.5,5.0,1.596,0.75,4.0,1.0,0.5
H00018,43.14,76.9149663707648,Бостандык,0.501,0.012,20.0,3947.0,0.12,0.257,281.0,0.074,1652.0,Жилая,-3.466,-1.053,1.799,0,3.0,1.3333333333333333,2.0,1.576,0.6666666666666666,3.0,0.3333333333333333,0.3333333333333333
H00019,43.14,76.92246450247396,Бостандык,0.484,0.009,21.4,4915.0,0.114,0.25,327.0,0.048,1693.0,Парк/сквер,-3.351,-0.505,3.305,0,2.0,1.5,2.0,0.625,1.0,2.0,0.5,1.0
H00020,43.14,76.92996263418311,Бостандык,0.555,0.03,22.4,4123.0,0.108,0.244,315.0,0.058,1656.0,Парк/сквер,-4.297,-0.009,2.155,0,1.0,1.0,1.0,0.235,1.0,1.0,1.0,1.0
H00021,43.14,76.93746076589227,Бостандык,0.595,0.031,19.9,5545.0,0.101,0.238,340.0,0.039,1665.0,Парк/сквер,-5.142,-0.035,3.514,0,2.0,1.0,1.0,1.0010000000000001,0.5,2.0,0.5,0.5
H00022,43.14,76.94495889760142,Бостандык,0.562,0.023,21.9,4057.0,0.094,0.232,313.0,0.11,1696.0,Парк/сквер,-4.145,-0.677,1.892,0,1.0,3.0,3.0,0.349,1.0,1.0,1.0,1.0
H00023,43.14,76.95245702931058,Бостандык,0.615,0.019,19.5,5028.0,0.087,0.227,301.0,0.05,1678.0,Парк/сквер,-4.879,0.156,3.071,0,8.0,2.375,5.0,3.973,0.375,8.0,0.875,0.5
H00024,43.14,76.95995516101974,Медеу,0.533,0.014,18.0,3219.0,0.079,0.222,275.0,0.02,1692.0,Парк/сквер,-4.284,-1.75,1.808,0,2.0,1.0,1.0,1.062,1.0,2.0,0.5,0.5
H00025,43.14,76.96745329272889,Медеу,0.537,0.006,20.6,2964.0,0.073,0.218,241.0,0.119,1713.0,Парк/сквер,-3.392,-0.445,4.198,0,1.0,2.0,2.0,0.449,1.0,1.0,1.0,0.0
H00026,43.14,76.97495142443805,Медеу,0.641,0.008,18.1,5286.0,0.066,0.214,286.0,0.02,1765.0,Пустырь,-5.045,1.843,3.532,0,61.0,2.5901639344262297,5.0,30.22,0.7540983606557377,53.0,0.8688524590163934,0.6557377049180327
H00027,43.14,76.9824495561472,Медеу,0.579,-0.003,19.4,2760.0,0.061,0.211,292.0,0.02,1722.0,Парк/сквер,-4.115,0.451,3.316,0,17.0,2.2941176470588234,4.0,7.274,0.5882352941176471,17.0,0.7647058823529411,0.6470588235294118
H00028,43.14,76.98994768785636,Медеу,0.541,0.033,21.2,3707.0,0.056,0.207,251.0,0.036,1747.0,Жилая,-4.401,-0.513,2.148,0,3.0,3.0,4.0,1.699,0.6666666666666666,3.0,1.0,0.6666666666666666
H00029,43.14,76.99744581956551,Медеу,0.555,0.002,18.9,3470.0,0.052,0.204,278.0,0.02,1759.0,Парк/сквер,-4.113,0.588,3.146,0,17.0,2.5294117647058822,4.0,8.946,0.7058823529411765,15.0,1.0,0.5294117647058824
H00030,43.14,77.00494395127467,Медеу,0.623,0.039,21.4,3011.0,0.048,0.2,340.0,0.042,1751.0,Жилая,-5.563,0.658,2.284,0,15.0,2.2,5.0,8.138,0.6666666666666666,15.0,0.7333333333333333,0.7333333333333333
H00031,43.14,77.01244208298382,Медеу,0.612,-0.003,18.8,3315.0,0.045,0.197,334.0,0.02,1734.0,Парк/сквер,-4.663,-0.124,2.29,0,0.0,0.0,0.0,0.0,0.0,0.0,0.0,0.0
H00032,43.14,77.01994021469298,Медеу,0.662,0.042,18.0,2563.0,0.043,0.193,309.0,0.02,1752.0,Пустырь,-6.331,0.306,1.761,0,14.0,2.142857142857143,4.0,6.13,0.7142857142857143,14.0,0.8571428571428571,0.5714285714285714
H00033,43.14,77.02743834640214,Медеу,0.55,0.045,19.6,3038.0,0.042,0.19,396.0,0.034,1833.0,Коммерческая,-5.655,-0.37,1.425,0,3.0,2.6666666666666665,4.0,1.366,0.6666666666666666,3.0,0.6666666666666666,1.0
H00034,43.14,77.03493647811129,Медеу,0.569,0.022,18.2,2891.0,0.04,0.187,259.0,0.02,1802.0,Парк/сквер,-4.821,-0.622,1.829,0,3.0,1.6666666666666667,2.0,1.392,0.3333333333333333,3.0,0.6666666666666666,0.3333333333333333
H00035,43.14,77.04243460982045,Медеу,0.533,0.044,22.0,3722.0,0.04,0.184,362.0,0.02,1809.0,Коммерческая,-5.11,-1.098,1.618,0,1.0,4.0,4.0,0.41,1.0,1.0,1.0,1.0
H00036,43.14,77.0499327415296,Медеу,0.643,-0.001,19.9,1978.0,0.039,0.182,289.0,0.02,1875.0,Транспорт,-4.665,1.507,4.077,0,47.0,2.74468085106383,5.0,25.391,0.574468085106383,45.0,0.851063829787234,0.7446808510638298
H00037,43.14,77.05743087323876,Медеу,0.609,0.032,19.3,2611.0,0.039,0.18,247.0,0.02,1782.0,Парк/сквер,-5.235,-0.399,2.396,0,1.0,3.0,3.0,0.488,1.0,1.0,1.0,0.0
H00038,43.14,77.06492900494791,Медеу,0.596,0.001,20.9,2669.0,0.039,0.18,327.0,0.02,1821.0,Парк/сквер,-4.405,-0.12,2.777,0,0.0,0.0,0.0,0.0,0.0,0.0,0.0,0.0
H00039,43.14,77.07242713665707,Медеу,0.642,0.025,19.2,3032.0,0.039,0.18,355.0,0.02,1880.0,Парк/сквер,-5.752,-0.714,1.669,0,1.0,2.0,2.0,0.315,0.0,1.0,1.0,1.0
H00040,43.14,77.07992526836622,Медеу,0.592,0.032,19.0,1921.0,0.039,0.18,288.0,0.02,1850.0,Парк/сквер,-5.313,-2.036,0.572,0,0.0,0.0,0.0,0.0,0.0,0.0,0.0,0.0
H00041,43.14,77.08742340007538,Медеу,0.634,0.007,18.9,1865.0,0.04,0.182,380.0,0.026,1854.0,Жилая,-5.309,-0.973,1.954,0,0.0,0.0,0.0,0.0,0.0,0.0,0.0,0.0
H00042,43.14,77.09492153178454,Медеу,0.664,0.012,20.5,3202.0,0.04,0.184,306.0,0.02,1871.0,Коммерческая,-5.19,-1.731,0.884,0,3.0,1.3333333333333333,2.0,1.5779999999999998,0.6666666666666666,3.0,0.6666666666666666,0.3333333333333333
H00043,43.14472972972973,76.78374906585458,Алмалы,0.469,0.022,21.9,2786.0,0.051,0.253,273.0,0.098,1526.0,Жилая,-3.418,-0.648,2.615,0,2.0,2.0,3.0,1.501,1.0,2.0,1.0,0.5
H00044,43.14472972972973,76.79124719756373,Алмалы,0.45,0.032,22.8,1858.0,0.055,0.255,305.0,0.02,1524.0,Коммерческая,-3.722,-0.368,2.461,0,1.0,1.0,1.0,0.551,1.0,1.0,1.0,0.0
H00045,43.14472972972973,76.79874532927289,Алмалы,0.463,0.05,19.4,3083.0,0.06,0.259,364.0,0.033,1520.0,Парк/сквер,-4.951,-0.797,1.297,0,1.0,1.0,1.0,0.754,0.0,1.0,1.0,0.0
H00046,43.14472972972973,76.80624346098205,Алмалы,0.531,0.015,21.5,3837.0,0.067,0.263,250.0,0.02,1540.0,Жилая,-3.792,-1.637,2.172,0,1.0,1.0,1.0,0.815,1.0,1.0,1.0,1.0
H00047,43.14472972972973,76.8137415926912,Алмалы,0.506,0.022,21.5,4150.0,0.075,0.268,208.0,0.02,1527.0,Пустырь,-3.587,-0.082,2.942,0,2.0,3.5,4.0,1.1199999999999999,1.0,2.0,0.0,1.0
H00048,43.14472972972973,76.82123972440036,Алмалы,0.495,0.03,21.6,3195.0,0.085,0.273,217.0,0.13,1525.0,Жилая,-3.447,-1.104,3.806,0,2.0,3.0,3.0,1.2280000000000002,0.5,2.0,1.0,0.5
H00049,43.14472972972973,76.82873785610951,Алмалы,0.462,0.029,20.3,4159.0,0.095,0.279,373.0,0.034,1571.0,Парк/сквер,-4.164,-0.027,3.633,0,3.0,4.0,5.0,1.228,0.3333333333333333,3.0,1.0,0.0
H00050,43.14472972972973,76.83623598781867,Алмалы,0.445,0.007,23.3,3455.0,0.105,0.284,286.0,0.046,1564.0,Парк/сквер,-2.598,0.084,3.506,0,7.0,2.7142857142857144,4.0,3.461,0.8571428571428571,7.0,1.0,0.42857142857142855
H00051,43.14472972972973,76.84373411952782,Алмалы,0.445,0.01,22.7,3832.0,0.116,0.289,307.0,0.077,1573.0,Парк/сквер,-2.736,-1.597,3.243,0,1.0,2.0,2.0,0.558,1.0,1.0,1.0,1.0
H00052,43.14472972972973,76.85123225123698,Алмалы,0.531,0.017,23.0,5576.0,0.125,0.293,319.0,0.048,1617.0,Промышленная,-3.653,0.549,3.352,0,19.0,2.6842105263157894,5.0,11.698,0.5789473684210527,17.0,1.0,0.5263157894736842
H00053,43.14472972972973,76.85873038294613,Алмалы,0.449,0.022,20.7,4584.0,0.134,0.296,276.0,0.115,1601.0,Промышленная,-3.077,-0.314,3.66,0,1.0,3.0,3.0,0.461,1.0,1.0,0.0,0.0
H00054,43.14472972972973,76.86622851465529,Алмалы,0.481,0.03,22.0,4536.0,0.141,0.297,268.0,0.107,1581.0,Парк/сквер,-3.333,1.096,3.654,0,32.0,3.03125,5.0,17.605,0.625,29.0,0.84375,0.46875
H00055,43.14472972972973,76.87372664636445,Алмалы,0.502,-0.03,23.4,4716.0,0.146,0.296,320.0,0.152,1604.0,Жилая,-1.763,0.113,3.783,0,5.0,2.2,3.0,1.872,0.6,5.0,0.8,0.6
H00056,43.14472972972973,76.8812247780736,Бостандык,0.478,0.01,23.9,5837.0,0.15,0.294,281.0,0.193,1616.0,Жилая,-2.34,-1.834,2.392,0,1.0,2.0,2.0,0.15,0.0,1.0,0.0,1.0
H00057,43.14472972972973,76.88872290978276,Бостандык,0.464,0.027,22.2,5858.0,0.151,0.29,203.0,0.179,1632.0,Парк/сквер,-2.639,0.077,3.178,0,5.0,3.2,4.0,2.6500000000000004,0.8,5.0,0.8,0.8
H00058,43.14472972972973,76.89622104149191,Бостандык,0.472,0.012,21.6,5737.0,0.15,0.285,323.0,0.055,1622.0,Парк/сквер,-3.15,-2.141,2.116,0,3.0,3.0,4.0,1.294,0.6666666666666666,3.0,1.0,0.3333333333333333
H00059,43.14472972972973,76.90371917320107,Бостандык,0.499,-0.008,20.3,6166.0,0.147,0.279,242.0,0.117,1612.0,Пустырь,-2.49,-0.133,4.684,0,2.0,2.5,3.0,0.893,0.5,2.0,1.0,1.0
H00060,43.14472972972973,76.91121730491022,Бостандык,0.626,0.01,20.1,5595.0,0.143,0.272,390.0,0.02,1662.0,Транспорт,-4.879,-0.099,3.374,0,4.0,3.0,4.0,1.433,0.25,4.0,0.5,0.5
H00061,43.14472972972973,76.91871543661938,Бостандык,0.505,0.012,20.4,6341.0,0.137,0.264,270.0,0.087,1642.0,Парк/сквер,-3.297,0.337,3.702,0,17.0,2.5294117647058822,5.0,8.773,0.5882352941176471,15.0,0.9411764705882353,0.7058823529411765
H00062,43.14472972972973,76.92621356832854,Бостандык,0.539,0.018,24.6,5354.0,0.13,0.257,276.0,0.064,1635.0,Парк/сквер,-3.317,-1.254,1.953,0,0.0,0.0,0.0,0.0,0.0,0.0,0.0,0.0
H00063,43.14472972972973,76.93371170003769,Бостандык,0.54,0.007,22.2,5312.0,0.122,0.25,313.0,0.02,1672.0,Промышленная,-3.591,-0.903,2.594,0,2.0,2.0,2.0,0.976,0.5,2.0,1.0,0.5
H00064,43.14472972972973,76.94120983174685,Бостандык,0.472,0.022,21.4,5047.0,0.114,0.243,307.0,0.041,1671.0,Парк/сквер,-3.558,-2.084,1.841,0,2.0,3.0,4.0,1.3679999999999999,1.0,2.0,1.0,1.0
H00065,43.14472972972973,76.948707963456,Бостандык,0.52,-0.005,21.0,4577.0,0.105,0.237,278.0,0.094,1706.0,Жилая,-3.027,-0.876,2.698,0,4.0,3.25,5.0,1.8499999999999999,0.5,4.0,0.75,1.0
H00066,43.14472972972973,76.95620609516516,Медеу,0.551,0.017,20.6,5646.0,0.096,0.231,296.0,0.121,1688.0,Парк/сквер,-3.958,0.876,3.418,0,27.0,3.0,5.0,13.975999999999999,0.4444444444444444,25.0,0.8148148148148148,0.6666666666666666
H00067,43.14472972972973,76.96370422687431,Медеу,0.577,0.027,20.9,3273.0,0.087,0.226,238.0,0.034,1663.0,Коммерческая,-4.386,-1.112,1.385,0,3.0,1.6666666666666667,2.0,0.986,0.6666666666666666,3.0,0.6666666666666666,0.3333333333333333
H00068,43.14472972972973,76.97120235858347,Медеу,0.545,0.022,22.3,3931.0,0.079,0.221,225.0,0.02,1721.0,Парк/сквер,-3.84,0.026,2.656,0,2.0,2.0,2.0,0.753,0.5,2.0,1.0,1.0
H00069,43.14472972972973,76.97870049029262,Медеу,0.57,0.013,20.7,3309.0,0.072,0.216,296.0,0.038,1689.0,Коммерческая,-4.282,-0.405,2.57,0,1.0,4.0,4.0,0.529,1.0,1.0,1.0,1.0
H00070,43.14472972972973,76.98619862200178,Медеу,0.675,-0.002,20.3,5041.0,0.065,0.212,256.0,0.063,1752.0,Жилая,-4.517,-1.463,2.505,0,2.0,3.0,3.0,1.328,1.0,2.0,0.0,0.5
H00071,43.14472972972973,76.99369675371094,Медеу,0.562,0.039,20.8,4389.0,0.059,0.207,304.0,0.02,1749.0,Пустырь,-5.046,1.008,3.212,0,29.0,2.2758620689655173,4.0,15.807,0.6551724137931034,26.0,0.9310344827586207,0.6206896551724138
H00072,43.14472972972973,77.00119488542009,Медеу,0.581,0.029,21.2,3100.0,0.054,0.203,281.0,0.02,1744.0,Жилая,-4.776,0.442,2.335,0,13.0,2.4615384615384617,5.0,6.785,0.6153846153846154,12.0,0.6923076923076923,0.6153846153846154
H00073,43.14472972972973,77.00869301712925,Медеу,0.576,0.05,19.2,3547.0,0.05,0.199,210.0,0.054,1690.0,Жилая,-5.217,0.347,3.084,0,11.0,2.6363636363636362,5.0,5.8870000000000005,0.7272727272727273,9.0,0.9090909090909091,0.36363636363636365
H00074,43.14472972972973,77.0161911488384,Медеу,0.558,0.037,22.7,2124.0,0.047,0.195,340.0,0.02,1774.0,Транспорт,-4.892,-0.171,2.859,0,3.0,3.0,4.0,1.737,1.0,3.0,1.0,0.6666666666666666
H00075,43.14472972972973,77.02368928054756,Медеу,0.532,0.004,18.0,2548.0,0.044,0.191,348.0,0.02,1754.0,Парк/сквер,-4.403,-0.428,2.57,0,3.0,3.0,3.0,1.449,0.6666666666666666,3.0,1.0,0.6666666666666666
H00076,43.14472972972973,77.03118741225671,Медеу,0.639,0.003,21.0,3016.0,0.042,0.188,257.0,0.065,1762.0,Парк/сквер,-4.377,1.271,2.547,0,41.0,2.4146341463414633,5.0,19.168,0.4634146341463415,40.0,0.8048780487804879,0.5609756097560976
H00077,43.14472972972973,77.03868554396587,Медеу,0.692,0.012,18.5,1823.0,0.041,0.185,368.0,0.02,1766.0,Жилая,-5.908,0.708,1.585,0,21.0,1.9047619047619047,5.0,11.44,0.7619047619047619,21.0,0.9047619047619048,0.42857142857142855
H00078,43.14472972972973,77.04618367567502,Медеу,0.603,0.016,21.0,1197.0,0.04,0.182,307.0,0.02,1747.0,Парк/сквер,-4.776,-0.984,2.818,0,0.0,0.0,0.0,0.0,0.0,0.0,0.0,0.0
H00079,43.14472972972973,77.05368180738418,Медеу,0.588,0.016,20.7,1476.0,0.04,0.18,331.0,0.078,1781.0,Парк/сквер,-4.667,-2.04,1.595,0,2.0,3.0,4.0,1.384,1.0,2.0,1.0,0.5
H00080,43.14472972972973,77.06117993909334,Медеу,0.618,0.023,19.7,4364.0,0.039,0.179,362.0,0.02,1789.0,Парк/сквер,-5.472,0.48,2.163,0,13.0,2.4615384615384617,4.0,7.104,0.6923076923076923,13.0,0.8461538461538461,0.6153846153846154
H00081,43.14472972972973,77.06867807080249,Медеу,0.604,0.006,21.0,2225.0,0.039,0.178,385.0,0.02,1843.0,Парк/сквер,-4.832,-2.9,0.929,0,3.0,1.3333333333333333,2.0,1.208,1.0,3.0,0.0,0.3333333333333333
H00082,43.14472972972973,77.07617620251165,Медеу,0.641,0.019,18.5,1450.0,0.039,0.179,320.0,0.02,1802.0,Жилая,-5.512,-1.331,0.698,0,1.0,1.0,1.0,0.666,1.0,1.0,0.0,1.0
H00083,43.14472972972973,77.0836743342208,Медеу,0.588,0.01,21.4,2713.0,0.039,0.18,310.0,0.02,1842.0,Парк/сквер,-4.45,-0.791,2.147,0,2.0,3.5,5.0,0.677,0.5,2.0,0.5,1.0
H00084,43.14472972972973,77.09117246592996,Медеу,0.592,0.017,18.9,3300.0,0.04,0.182,276.0,0.02,1833.0,Коммерческая,-4.838,-0.491,0.822,0,3.0,1.6666666666666667,2.0,1.168,0.6666666666666666,3.0,0.3333333333333333,1.0
H00085,43.14472972972973,77.09867059763911,Медеу,0.549,0.033,18.1,2160.0,0.04,0.184,287.0,0.02,1872.0,Коммерческая,-5.104,-1.064,1.112,0,0.0,0.0,0.0,0.0,0.0,0.0,0.0,0.0
H00086,43.149459459459464,76.78,Алмалы,0.41,-0.011,21.3,3312.0,0.05,0.252,242.0,0.028,1440.0,Транспорт,-2.154,-1.335,3.921,0,2.0,5.0,5.0,1.2189999999999999,0.5,2.0,1.0,0.0
H00087,43.149459459459464,76.78749813170916,Алмалы,0.42,-0.001,20.6,2625.0,0.054,0.255,288.0,0.041,1489.0,Парк/сквер,-2.738,-2.327,2.734,0,3.0,2.0,3.0,1.863,0.6666666666666666,3.0,1.0,0.3333333333333333
H00088,43.149459459459464,76.79499626341831,Алмалы,0.56,-0.006,18.0,4414.0,0.06,0.259,277.0,0.031,1450.0,Парк/сквер,-3.986,0.398,3.263,0,12.0,3.25,5.0,6.7620000000000005,0.3333333333333333,12.0,0.75,0.6666666666666666
H00089,43.149459459459464,76.80249439512747,Алмалы,0.441,0.013,20.1,2365.0,0.067,0.263,377.0,0.036,1518.0,Парк/сквер,-3.692,-0.224,2.294,0,4.0,2.25,3.0,1.96,0.5,4.0,1.0,0.5
H00090,43.149459459459464,76.80999252683662,Алмалы,0.412,0.021,21.8,3826.0,0.076,0.269,280.0,0.063,1511.0,Парк/сквер,-2.974,-0.526,2.976,0,2.0,1.5,2.0,0.8280000000000001,0.5,2.0,1.0,0.5
H00091,43.149459459459464,76.81749065854578,Алмалы,0.406,0.015,23.5,2981.0,0.086,0.275,377.0,0.093,1542.0,Транспорт,-2.849,-1.854,2.538,0,3.0,1.6666666666666667,2.0,1.572,0.6666666666666666,3.0,1.0,1.0
H00092,43.149459459459464,76.82498879025493,Алмалы,0.493,-0.002,23.1,4597.0,0.098,0.282,287.0,0.118,1535.0,Коммерческая,-2.621,-0.099,3.721,0,2.0,2.0,3.0,0.674,1.0,2.0,1.0,0.5
H00093,43.149459459459464,76.83248692196409,Алмалы,0.507,0.029,22.3,4417.0,0.11,0.289,291.0,0.105,1541.0,Транспорт,-3.693,0.17,3.144,0,5.0,3.0,5.0,2.85,0.6,5.0,0.8,0.0
H00094,43.149459459459464,76.83998505367325,Алмалы,0.477,-0.003,21.6,4800.0,0.123,0.295,276.0,0.207,1523.0,Транспорт,-2.305,-1.234,2.84,0,0.0,0.0,0.0,0.0,0.0,0.0,0.0,0.0
H00095,43.149459459459464,76.8474831853824,Алмалы,0.503,0.006,22.2,5378.0,0.135,0.301,331.0,0.02,1567.0,Парк/сквер,-3.311,-1.24,3.014,0,4.0,4.0,5.0,1.96,0.75,4.0,1.0,0.75
H00096,43.149459459459464,76.85498131709156,Алмалы,0.522,0.001,19.2,3840.0,0.147,0.306,277.0,0.113,1549.0,Жилая,-3.225,-0.389,3.556,0,3.0,2.6666666666666665,3.0,1.538,1.0,3.0,0.6666666666666666,0.6666666666666666
H00097,43.149459459459464,76.86247944880071,Алмалы,0.557,0.018,21.3,5154.0,0.156,0.309,311.0,0.185,1554.0,Парк/сквер,-3.645,-0.919,2.284,0,0.0,0.0,0.0,0.0,0.0,0.0,0.0,0.0
H00098,43.149459459459464,76.86997758050987,Алмалы,0.45,-0.014,21.6,4161.0,0.164,0.31,282.0,0.089,1600.0,Жилая,-1.95,-1.095,3.191,0,3.0,2.6666666666666665,4.0,0.999,0.3333333333333333,3.0,0.6666666666666666,0.3333333333333333
H00099,43.149459459459464,76.87747571221902,Бостандык,0.466,0.004,22.2,4571.0,0.17,0.309,322.0,0.196,1634.0,Парк/сквер,-2.411,0.858,4.838,0,30.0,3.533333333333333,5.0,15.542,0.5,28.0,0.7666666666666667,0.5666666666666667
H00100,43.149459459459464,76.88497384392818,Бостандык,0.55,0.005,23.4,4571.0,0.173,0.307,251.0,0.173,1575.0,Парк/сквер,-2.684,-0.185,2.952,0,1.0,1.0,1.0,0.28,1.0,1.0,1.0,0.0
H00101,43.149459459459464,76.89247197563733,Бостандык,0.466,0.0,21.4,6213.0,0.174,0.303,235.0,0.108,1599.0,Промышленная,-2.216,1.063,4.586,0,35.0,3.342857142857143,5.0,18.187,0.4857142857142857,33.0,0.8857142857142857,0.5428571428571428
H00102,43.149459459459464,76.89997010734649,Бостандык,0.443,0.018,23.2,4952.0,0.173,0.297,263.0,0.069,1615.0,Транспорт,-2.512,-0.37,3.484,0,2.0,2.0,3.0,1.063,1.0,2.0,0.5,0.0
H00103,43.149459459459464,76.90746823905565,Бостандык,0.527,0.01,22.7,5726.0,0.169,0.29,349.0,0.025,1638.0,Жилая,-3.495,-2.526,1.762,0,1.0,4.0,4.0,0.452,0.0,1.0,1.0,0.0
H00104,43.149459459459464,76.9149663707648,Бостандык,0.517,0.011,22.5,6696.0,0.163,0.282,275.0,0.169,1600.0,Парк/сквер,-2.844,-0.002,3.942,0,3.0,2.6666666666666665,5.0,1.462,0.6666666666666666,3.0,0.3333333333333333,1.0
H00105,43.149459459459464,76.92246450247396,Бостандык,0.554,0.025,20.6,6055.0,0.156,0.274,363.0,0.02,1631.0,Жилая,-4.49,-0.505,2.13,0,7.0,2.7142857142857144,5.0,2.823,0.5714285714285714,7.0,0.7142857142857143,0.5714285714285714
H00106,43.149459459459464,76.92996263418311,Бостандык,0.504,0.001,21.5,7262.0,0.147,0.266,264.0,0.02,1613.0,Транспорт,-2.936,-1.393,2.864,0,3.0,3.0,4.0,1.605,0.6666666666666666,3.0,1.0,0.6666666666666666
H00107,43.149459459459464,76.93746076589227,Бостандык,0.559,0.028,22.2,6353.0,0.138,0.258,365.0,0.094,1659.0,Транспорт,-4.327,-0.724,2.412,0,1.0,2.0,2.0,0.453,1.0,1.0,0.0,0.0
H00108,43.149459459459464,76.94495889760142,Бостандык,0.573,0.008,20.9,5177.0,0.128,0.251,290.0,0.081,1675.0,Парк/сквер,-3.797,-0.43,3.216,0,5.0,2.8,4.0,3.259,1.0,5.0,0.8,0.8
H00109,43.149459459459464,76.95245702931058,Бостандык,0.494,0.008,22.4,4926.0,0.117,0.243,419.0,0.09,1683.0,Парк/сквер,-3.547,-0.403,2.485,0,3.0,1.6666666666666667,2.0,0.8250000000000001,0.3333333333333333,3.0,0.6666666666666666,0.3333333333333333
H00110,43.149459459459464,76.95995516101974,Медеу,0.45,0.004,21.1,6352.0,0.106,0.237,286.0,0.038,1674.0,Парк/сквер,-2.86,-1.46,1.531,0,2.0,3.0,3.0,1.217,0.5,2.0,1.0,0.0
H00111,43.149459459459464,76.96745329272889,Медеу,0.479,0.0,24.0,4037.0,0.096,0.23,306.0,0.062,1681.0,Парк/сквер,-2.68,-1.045,3.446,0,3.0,2.6666666666666665,4.0,1.2189999999999999,0.6666666666666666,3.0,1.0,0.6666666666666666
H00112,43.149459459459464,76.97495142443805,Медеу,0.605,0.033,21.5,5055.0,0.086,0.224,276.0,0.066,1671.0,Парк/сквер,-4.793,0.037,2.961,0,1.0,1.0,1.0,0.553,0.0,1.0,1.0,0.0
H00113,43.149459459459464,76.9824495561472,Медеу,0.61,0.023,18.9,3879.0,0.078,0.219,366.0,0.086,1714.0,Парк/сквер,-5.235,0.621,2.481,0,21.0,2.761904761904762,5.0,10.695,0.8095238095238095,20.0,0.9523809523809523,0.6666666666666666
H00114,43.149459459459464,76.98994768785636,Медеу,0.517,0.029,21.4,4240.0,0.07,0.213,299.0,0.02,1771.0,Парк/сквер,-4.26,-1.327,1.521,0,1.0,1.0,1.0,0.357,1.0,1.0,1.0,1.0
H00115,43.149459459459464,76.99744581956551,Медеу,0.543,0.008,18.4,4153.0,0.063,0.208,297.0,0.075,1719.0,Промышленная,-4.165,0.898,2.804,0,36.0,2.5555555555555554,5.0,18.927,0.6111111111111112,35.0,0.7777777777777778,0.8611111111111112
H00116,43.149459459459464,77.00494395127467,Медеу,0.571,-0.003,20.6,4648.0,0.057,0.204,288.0,0.029,1754.0,Парк/сквер,-3.89,1.112,3.951,0,51.0,3.0588235294117645,5.0,23.995,0.6078431372549019,46.0,0.8235294117647058,0.5098039215686274
H00117,43.149459459459464,77.01244208298382,Медеу,0.622,0.025,19.9,3167.0,0.052,0.199,266.0,0.02,1747.0,Коммерческая,-5.096,-1.293,1.03,0,3.0,2.0,3.0,1.4420000000000002,0.3333333333333333,3.0,1.0,0.6666666666666666
H00118,43.149459459459464,77.01994021469298,Медеу,0.61,0.006,20.6,3037.0,0.049,0.194,288.0,0.02,1800.0,Парк/сквер,-4.477,0.298,1.661,0,11.0,2.0,4.0,4.855,0.5454545454545454,11.0,0.7272727272727273,0.5454545454545454
H00119,43.149459459459464,77.02743834640214,Медеу,0.573,0.05,22.3,3166.0,0.046,0.19,329.0,0.029,1751.0,Промышленная,-5.362,1.225,2.562,0,32.0,2.1875,4.0,15.57,0.5,30.0,0.90625,0.75
H00120,43.149459459459464,77.03493647811129,Медеу,0.563,0.039,21.4,2581.0,0.043,0.187,315.0,0.02,1744.0,Транспорт,-5.046,-1.096,1.615,0,1.0,4.0,4.0,0.502,0.0,1.0,1.0,1.0
H00121,43.149459459459464,77.04243460982045,Медеу,0.634,0.031,18.7,4386.0,0.042,0.184,322.0,0.02,1765.0,Промышленная,-5.769,1.15,2.835,0,31.0,2.5161290322580645,5.0,15.201,0.7419354838709677,30.0,0.8064516129032258,0.7096774193548387
H00122,43.149459459459464,77.0499327415296,Медеу,0.587,0.04,21.7,2247.0,0.041,0.181,335.0,0.02,1799.0,Транспорт,-5.338,-0.457,2.143,0,2.0,2.0,3.0,1.572,0.0,2.0,1.0,1.0
H00123,43.149459459459464,77.05743087323876,Медеу,0.587,0.039,19.1,2107.0,0.04,0.179,327.0,0.02,1803.0,Парк/сквер,-5.594,-1.396,1.688,0,3.0,2.3333333333333335,3.0,1.326,0.6666666666666666,3.0,1.0,0.6666666666666666
H00124,43.149459459459464,77.06492900494791,Медеу,0.591,0.047,21.0,1673.0,0.04,0.178,391.0,0.02,1794.0,Парк/сквер,-5.884,-1.988,1.486,0,2.0,2.0,2.0,1.596,1.0,2.0,1.0,1.0
H00125,43.149459459459464,77.07242713665707,Медеу,0.64,-0.002,19.7,2390.0,0.039,0.178,374.0,0.02,1820.0,Парк/сквер,-5.005,-1.922,1.1,0,3.0,1.6666666666666667,3.0,1.319,0.0,3.0,0.6666666666666666,0.6666666666666666
H00126,43.149459459459464,77.07992526836622,Медеу,0.643,0.024,18.9,3497.0,0.04,0.179,330.0,0.02,1841.0,Жилая,-5.659,-1.711,1.908,0,4.0,2.25,3.0,1.6119999999999999,0.75,4.0,0.75,0.5
H00127,43.149459459459464,77.08742340007538,Медеу,0.667,0.023,18.3,1444.0,0.04,0.18,336.0,0.02,1842.0,Парк/сквер,-5.938,-0.233,2.025,0,2.0,1.5,2.0,0.881,0.0,2.0,1.0,0.5
H00128,43.149459459459464,77.09492153178454,Медеу,0.545,0.021,21.6,2485.0,0.04,0.182,336.0,0.025,1792.0,Пустырь,-4.482,0.368,2.678,0,10.0,2.8,4.0,5.232,0.6,10.0,0.8,0.6
H00129,43.154189189189196,76.78374906585458,Алмалы,0.426,0.001,20.5,3653.0,0.053,0.255,306.0,0.051,1489.0,Жилая,-2.911,1.139,4.69,0,27.0,3.5555555555555554,5.0,14.429,0.7037037037037037,26.0,0.9259259259259259,0.6666666666666666
H00130,43.154189189189196,76.79124719756373,Алмалы,0.395,0.017,22.5,3636.0,0.059,0.258,293.0,0.104,1477.0,Жилая,-2.675,-2.181,3.337,0,3.0,3.3333333333333335,4.0,1.3940000000000001,1.0,3.0,0.6666666666666666,1.0
H00131,43.154189189189196,76.79874532927289,Алмалы,0.43,-0.003,22.8,3761.0,0.066,0.263,308.0,0.056,1497.0,Парк/сквер,-2.483,-0.462,2.361,0,2.0,1.5,2.0,1.014,1.0,2.0,0.5,1.0
H00132,43.154189189189196,76.80624346098205,Алмалы,0.446,0.014,20.8,4287.0,0.076,0.269,286.0,0.099,1499.0,Парк/сквер,-3.092,-0.014,3.275,0,0.0,0.0,0.0,0.0,0.0,0.0,0.0,0.0
H00133,43.154189189189196,76.8137415926912,Алмалы,0.406,-0.0,21.4,3330.0,0.087,0.276,313.0,0.108,1496.0,Промышленная,-2.378,0.546,4.001,0,10.0,3.2,5.0,5.694,0.9,10.0,0.9,0.6
H00134,43.154189189189196,76.82123972440036,Алмалы,0.456,-0.015,23.1,4758.0,0.1,0.284,302.0,0.034,1539.0,Парк/сквер,-2.228,-1.87,2.394,0,0.0,0.0,0.0,0.0,0.0,0.0,0.0,0.0
H00135,43.154189189189196,76.82873785610951,Алмалы,0.425,0.002,22.8,5624.0,0.114,0.292,306.0,0.047,1503.0,Промышленная,-2.422,-0.609,3.309,0,1.0,1.0,1.0,0.849,1.0,1.0,1.0,1.0
H00136,43.154189189189196,76.83623598781867,Алмалы,0.418,-0.022,23.5,4647.0,0.129,0.3,261.0,0.071,1532.0,Пустырь,-1.314,1.091,4.74,0,22.0,3.3636363636363638,5.0,11.502,0.5909090909090909,21.0,0.9090909090909091,0.5
H00137,43.154189189189196,76.84373411952782,Алмалы,0.425,-0.011,20.3,4028.0,0.144,0.308,337.0,0.201,1535.0,Парк/сквер,-2.05,-1.746,3.097,0,2.0,3.0,3.0,0.589,1.0,2.0,1.0,0.5
H00138,43.154189189189196,76.85123225123698,Алмалы,0.534,0.006,22.1,3773.0,0.158,0.315,261.0,0.078,1527.0,Промышленная,-3.073,-0.971,2.643,0,0.0,0.0,0.0,0.0,0.0,0.0,0.0,0.0
H00139,43.154189189189196,76.85873038294613,Алмалы,0.507,0.003,22.7,4504.0,0.171,0.321,260.0,0.13,1558.0,Парк/сквер,-2.537,-0.935,2.764,0,1.0,3.0,3.0,0.422,1.0,1.0,1.0,0.0
H00140,43.154189189189196,76.86622851465529,Алмалы,0.436,0.0,22.9,5419.0,0.182,0.324,219.0,0.167,1585.0,Транспорт,-1.576,0.65,4.543,0,23.0,3.0434782608695654,5.0,12.063,0.6086956521739131,21.0,0.9130434782608695,0.6086956521739131
H00141,43.154189189189196,76.87372664636445,Алмалы,0.369,0.004,24.8,5917.0,0.191,0.326,343.0,0.105,1541.0,Парк/сквер,-1.515,-0.924,3.343,0,1.0,1.0,1.0,0.828,0.0,1.0,0.0,1.0
H00142,43.154189189189196,76.8812247780736,Бостандык,0.516,-0.032,22.6,6719.0,0.197,0.325,268.0,0.225,1582.0,Парк/сквер,-1.347,-1.901,3.727,0,1.0,2.0,2.0,0.277,1.0,1.0,1.0,0.0
H00143,43.154189189189196,76.88872290978276,Бостандык,0.518,-0.002,24.1,8029.0,0.201,0.322,269.0,0.123,1602.0,Жилая,-2.24,0.449,4.381,0,21.0,3.380952380952381,5.0,11.09,0.5714285714285714,21.0,0.8571428571428571,0.38095238095238093
H00144,43.154189189189196,76.89622104149191,Бостандык,0.479,-0.008,21.8,4499.0,0.201,0.318,281.0,0.136,1592.0,Пустырь,-2.089,-0.381,3.303,0,2.0,3.0,4.0,1.435,1.0,2.0,1.0,1.0
H00145,43.154189189189196,76.90371917320107,Бостандык,0.484,0.01,23.4,5825.0,0.199,0.311,270.0,0.115,1641.0,Парк/сквер,-2.436,-1.575,1.919,0,1.0,1.0,1.0,0.911,1.0,1.0,1.0,1.0
H00146,43.154189189189196,76.91121730491022,Бостандык,0.476,-0.009,26.8,6119.0,0.194,0.304,276.0,0.092,1619.0,Транспорт,-1.512,-0.528,4.576,0,0.0,0.0,0.0,0.0,0.0,0.0,0.0,0.0
H00147,43.154189189189196,76.91871543661938,Бостандык,0.495,0.012,23.1,6018.0,0.187,0.295,241.0,0.059,1583.0,Парк/сквер,-2.659,-0.678,3.173,0,3.0,3.0,3.0,1.8130000000000002,0.3333333333333333,3.0,1.0,0.6666666666666666
H00148,43.154189189189196,76.92621356832854,Бостандык,0.48,-0.015,22.6,5639.0,0.178,0.286,294.0,0.119,1596.0,Парк/сквер,-1.96,-0.409,4.537,0,1.0,5.0,5.0,0.284,1.0,1.0,1.0,1.0
H00149,43.154189189189196,76.93371170003769,Бостандык,0.482,0.004,20.4,5352.0,0.167,0.277,212.0,0.106,1659.0,Парк/сквер,-2.52,-0.917,3.098,0,1.0,2.0,2.0,0.15,0.0,1.0,0.0,1.0
H00150,43.154189189189196,76.94120983174685,Бостандык,0.486,0.034,20.4,5934.0,0.155,0.268,321.0,0.02,1649.0,Парк/сквер,-4.07,-0.427,2.653,0,1.0,3.0,3.0,0.742,0.0,1.0,1.0,1.0
H00151,43.154189189189196,76.948707963456,Бостандык,0.469,0.008,22.3,5555.0,0.143,0.26,256.0,0.043,1657.0,Пустырь,-2.713,0.278,4.241,0,15.0,3.0,5.0,8.133000000000001,0.4666666666666667,14.0,0.8,0.4666666666666667
H00152,43.154189189189196,76.95620609516516,Медеу,0.518,0.024,22.2,4481.0,0.13,0.251,305.0,0.02,1655.0,Парк/сквер,-3.83,0.289,3.301,0,8.0,2.75,4.0,5.717,0.75,8.0,0.75,0.75
H00153,43.154189189189196,76.96370422687431,Медеу,0.603,-0.007,18.7,4400.0,0.117,0.243,292.0,0.082,1679.0,Коммерческая,-3.942,-1.268,1.306,0,5.0,1.8,3.0,3.1390000000000002,0.6,4.0,0.8,0.4
H00154,43.154189189189196,76.97120235858347,Медеу,0.491,0.025,22.6,5194.0,0.105,0.236,311.0,0.02,1698.0,Жилая,-3.72,-0.251,2.019,0,0.0,0.0,0.0,0.0,0.0,0.0,0.0,0.0
H00155,43.154189189189196,76.97870049029262,Медеу,0.596,0.021,20.1,5696.0,0.094,0.229,349.0,0.046,1670.0,Жилая,-4.89,0.001,2.304,0,0.0,0.0,0.0,0.0,0.0,0.0,0.0,0.0
H00156,43.154189189189196,76.98619862200178,Медеу,0.537,-0.001,21.5,5814.0,0.083,0.222,298.0,0.02,1683.0,Пустырь,-3.534,1.331,4.587,0,41.0,3.024390243902439,5.0,22.009,0.6829268292682927,36.0,0.8780487804878049,0.6585365853658537
H00157,43.154189189189196,76.99369675371094,Медеу,0.526,0.023,22.8,3444.0,0.074,0.216,272.0,0.072,1692.0,Парк/сквер,-3.733,-0.979,2.464,0,1.0,3.0,3.0,0.323,1.0,1.0,1.0,1.0
H00158,43.154189189189196,77.00119488542009,Медеу,0.649,-0.005,20.1,4331.0,0.066,0.21,291.0,0.027,1701.0,Коммерческая,-4.469,-1.427,1.066,0,2.0,3.0,4.0,1.5619999999999998,0.5,2.0,1.0,1.0
H00159,43.154189189189196,77.00869301712925,Медеу,0.599,0.034,21.5,3427.0,0.06,0.204,303.0,0.107,1741.0,Парк/сквер,-4.876,0.472,2.101,0,16.0,2.0,4.0,6.674,0.375,14.0,0.75,0.375
H00160,43.154189189189196,77.0161911488384,Медеу,0.576,-0.011,21.2,2585.0,0.055,0.199,358.0,0.02,1747.0,Парк/сквер,-3.937,-0.733,2.539,0,0.0,0.0,0.0,0.0,0.0,0.0,0.0,0.0
H00161,43.154189189189196,77.02368928054756,Медеу,0.54,-0.002,18.9,4235.0,0.05,0.194,271.0,0.101,1714.0,Жилая,-3.665,1.003,4.215,0,36.0,3.5,5.0,17.139,0.5555555555555556,31.0,0.8333333333333334,0.7777777777777778
H00162,43.154189189189196,77.03118741225671,Медеу,0.599,0.048,19.7,2311.0,0.047,0.19,317.0,0.02,1752.0,Транспорт,-5.815,-0.343,1.792,0,0.0,0.0,0.0,0.0,0.0,0.0,0.0,0.0
H00163,43.154189189189196,77.03868554396587,Медеу,0.58,0.027,22.6,3912.0,0.044,0.186,300.0,0.036,1767.0,Парк/сквер,-4.626,-1.607,1.604,0,2.0,2.0,3.0,0.9710000000000001,0.5,2.0,0.5,0.5
H00164,43.154189189189196,77.04618367567502,Медеу,0.601,0.046,19.0,3144.0,0.042,0.183,292.0,0.026,1773.0,Парк/сквер,-5.747,-1.614,1.562,0,4.0,2.25,3.0,2.282,0.75,4.0,1.0,0.75
H00165,43.154189189189196,77.05368180738418,Медеу,0.625,0.026,19.8,2789.0,0.041,0.18,256.0,0.032,1762.0,Парк/сквер,-5.131,-2.29,0.999,0,3.0,2.0,3.0,1.2349999999999999,0.3333333333333333,3.0,0.6666666666666666,0.3333333333333333
H00166,43.154189189189196,77.06117993909334,Медеу,0.659,0.013,18.0,2833.0,0.04,0.179,327.0,0.02,1772.0,Парк/сквер,-5.58,-1.53,1.2,0,0.0,0.0,0.0,0.0,0.0,0.0,0.0,0.0
H00167,43.154189189189196,77.06867807080249,Медеу,0.596,0.013,18.5,2147.0,0.04,0.178,322.0,0.02,1768.0,Парк/сквер,-5.001,-1.372,1.269,0,2.0,1.5,2.0,0.911,0.5,2.0,1.0,1.0
H00168,43.154189189189196,77.07617620251165,Медеу,0.633,0.026,18.6,2750.0,0.04,0.178,361.0,0.02,1791.0,Парк/сквер,-5.82,-0.072,2.319,0,6.0,2.1666666666666665,4.0,3.278,0.6666666666666666,6.0,1.0,0.8333333333333334
H00169,43.154189189189196,77.0836743342208,Медеу,0.602,0.036,18.8,1944.0,0.04,0.179,311.0,0.02,1815.0,Парк/сквер,-5.607,-1.428,2.256,0,0.0,0.0,0.0,0.0,0.0,0.0,0.0,0.0
H00170,43.154189189189196,77.09117246592996,Медеу,0.536,0.05,19.2,3495.0,0.04,0.181,340.0,0.02,1814.0,Парк/сквер,-5.548,-0.074,2.587,0,0.0,0.0,0.0,0.0,0.0,0.0,0.0,0.0
H00171,43.154189189189196,77.09867059763911,Медеу,0.671,0.029,20.2,2056.0,0.04,0.184,282.0,0.02,1766.0,Пустырь,-5.667,1.43,2.95,0,38.0,2.5,5.0,23.402,0.5,37.0,0.8947368421052632,0.5789473684210527
H00172,43.15891891891893,76.78,Алмалы,0.428,0.025,21.3,2021.0,0.053,0.254,296.0,0.135,1490.0,Парк/сквер,-3.259,-1.531,2.694,0,3.0,3.0,4.0,2.033,0.3333333333333333,3.0,0.6666666666666666,0.6666666666666666
H00173,43.15891891891893,76.78749813170916,Алмалы,0.511,0.016,22.3,3806.0,0.058,0.258,379.0,0.157,1436.0,Пустырь,-3.789,-0.578,1.879,0,1.0,1.0,1.0,0.36,1.0,1.0,1.0,1.0
H00174,43.15891891891893,76.79499626341831,Алмалы,0.42,0.003,23.5,1282.0,0.065,0.263,332.0,0.08,1476.0,Парк/сквер,-2.54,0.207,3.813,0,5.0,3.0,5.0,2.772,0.6,5.0,1.0,0.6
H00175,43.15891891891893,76.80249439512747,Алмалы,0.491,-0.01,21.5,2089.0,0.075,0.269,293.0,0.104,1502.0,Парк/сквер,-2.738,-0.652,3.161,0,0.0,0.0,0.0,0.0,0.0,0.0,0.0,0.0
H00176,43.15891891891893,76.80999252683662,Алмалы,0.404,0.008,21.8,3446.0,0.087,0.276,326.0,0.044,1485.0,Парк/сквер,-2.74,-0.078,3.307,0,5.0,3.0,5.0,2.441,0.6,5.0,0.8,0.4
H00177,43.15891891891893,76.81749065854578,Алмалы,0.445,0.017,21.8,3927.0,0.101,0.285,328.0,0.106,1511.0,Транспорт,-3.113,-1.678,2.429,0,2.0,4.0,4.0,1.045,1.0,2.0,0.5,1.0
H00178,43.15891891891893,76.82498879025493,Алмалы,0.389,-0.012,21.5,3787.0,0.117,0.295,261.0,0.129,1475.0,Жилая,-1.532,0.002,3.697,0,2.0,3.0,3.0,0.715,0.5,2.0,0.5,1.0
H00179,43.15891891891893,76.83248692196409,Алмалы,0.491,0.026,21.8,4166.0,0.133,0.305,234.0,0.081,1559.0,Жилая,-3.286,-1.532,1.949,0,2.0,3.5,4.0,1.3050000000000002,0.5,2.0,1.0,0.5
H00180,43.15891891891893,76.83998505367325,Алмалы,0.44,-0.024,22.6,5960.0,0.151,0.315,286.0,0.14,1521.0,Транспорт,-1.411,-2.405,1.955,0,1.0,1.0,1.0,0.683,1.0,1.0,0.0,0.0
H00181,43.15891891891893,76.8474831853824,Алмалы,0.421,0.027,23.1,5769.0,0.168,0.324,259.0,0.02,1539.0,Жилая,-2.724,-0.797,3.119,0,2.0,2.5,3.0,1.494,1.0,2.0,1.0,0.5
H00182,43.15891891891893,76.85498131709156,Алмалы,0.398,-0.014,23.9,4727.0,0.185,0.332,255.0,0.112,1528.0,Коммерческая,-1.007,0.218,4.355,0,10.0,3.7,5.0,6.151,0.4,10.0,0.8,0.2
H00183,43.15891891891893,76.86247944880071,Алмалы,0.403,0.013,22.6,6528.0,0.2,0.338,308.0,0.061,1549.0,Транспорт,-2.249,-0.434,3.48,0,3.0,3.0,4.0,1.18,0.3333333333333333,3.0,1.0,1.0
H00184,43.15891891891893,76.86997758050987,Алмалы,0.452,-0.007,25.4,5651.0,0.212,0.342,260.0,0.154,1540.0,Парк/сквер,-1.271,-0.38,3.678,0,5.0,2.6,4.0,3.1630000000000003,0.8,5.0,1.0,0.2
H00185,43.15891891891893,76.87747571221902,Бостандык,0.435,-0.04,24.4,7376.0,0.222,0.344,292.0,0.158,1508.0,Парк/сквер,-0.428,-0.881,4.34,0,5.0,2.6,4.0,2.5820000000000003,0.6,5.0,0.6,0.8
H00186,43.15891891891893,76.88497384392818,Бостандык,0.506,0.013,23.4,6810.0,0.228,0.343,228.0,0.164,1605.0,Парк/сквер,-2.274,-0.557,4.101,0,2.0,2.5,3.0,0.75,0.0,2.0,1.0,0.5
H00187,43.15891891891893,76.89247197563733,Бостандык,0.473,-0.002,24.5,7217.0,0.231,0.34,281.0,0.169,1544.0,Промышленная,-1.666,0.487,4.441,0,24.0,3.2916666666666665,5.0,13.068,0.7083333333333334,21.0,0.9166666666666666,0.625
H00188,43.15891891891893,76.89997010734649,Бостандык,0.488,0.001,24.5,6788.0,0.231,0.335,232.0,0.179,1549.0,Жилая,-1.643,-1.424,2.771,0,0.0,0.0,0.0,0.0,0.0,0.0,0.0,0.0
H00189,43.15891891891893,76.90746823905565,Бостандык,0.426,0.021,24.8,6604.0,0.228,0.328,273.0,0.243,1599.0,Транспорт,-1.686,0.033,4.389,0,4.0,1.75,3.0,2.755,0.5,4.0,0.25,0.5
H00190,43.15891891891893,76.9149663707648,Бостандык,0.527,0.037,25.4,7464.0,0.221,0.32,240.0,0.172,1615.0,Парк/сквер,-2.91,1.407,3.82,0,61.0,2.80327868852459,5.0,31.804000000000002,0.4426229508196721,51.0,0.8360655737704918,0.6229508196721312
H00191,43.15891891891893,76.92246450247396,Бостандык,0.497,-0.019,22.8,7179.0,0.212,0.311,235.0,0.207,1587.0,Жилая,-1.386,-1.376,3.239,0,2.0,4.0,5.0,1.3599999999999999,1.0,2.0,1.0,0.5
H00192,43.15891891891893,76.92996263418311,Бостандык,0.494,-0.01,23.7,6601.0,0.201,0.301,221.0,0.119,1574.0,Парк/сквер,-1.673,-0.616,4.401,0,1.0,3.0,3.0,0.451,0.0,1.0,1.0,0.0
H00193,43.15891891891893,76.93746076589227,Бостандык,0.464,-0.006,24.2,6735.0,0.188,0.291,306.0,0.169,1601.0,Жилая,-1.788,-0.687,3.711,0,3.0,3.6666666666666665,5.0,1.634,1.0,3.0,1.0,1.0
H00194,43.15891891891893,76.94495889760142,Бостандык,0.404,0.014,22.9,6279.0,0.174,0.281,294.0,0.13,1650.0,Жилая,-2.114,1.746,4.724,0,69.0,3.1594202898550723,5.0,35.156,0.5942028985507246,58.0,0.9130434782608695,0.6811594202898551
H00195,43.15891891891893,76.95245702931058,Бостандык,0.555,-0.013,23.4,5700.0,0.159,0.27,274.0,0.035,1667.0,Парк/сквер,-2.696,-1.845,2.144,0,0.0,0.0,0.0,0.0,0.0,0.0,0.0,0.0
H00196,43.15891891891893,76.95995516101974,Медеу,0.512,0.005,23.9,6112.0,0.144,0.261,357.0,0.096,1652.0,Парк/сквер,-3.044,-2.824,1.97,0,1.0,1.0,1.0,0.381,1.0,1.0,1.0,0.0
H00197,43.15891891891893,76.96745329272889,Медеу,0.597,0.012,21.4,3600.0,0.129,0.251,257.0,0.02,1639.0,Парк/сквер,-4.05,-1.728,0.884,0,0.0,0.0,0.0,0.0,0.0,0.0,0.0,0.0
H00198,43.15891891891893,76.97495142443805,Медеу,0.502,0.015,22.8,4120.0,0.115,0.242,349.0,0.025,1685.0,Жилая,-3.606,-1.25,1.856,0,2.0,1.0,1.0,0.471,0.5,2.0,1.0,0.0
H00199,43.15891891891893,76.9824495561472,Медеу,0.496,-0.009,21.3,5269.0,0.101,0.234,284.0,0.162,1712.0,Жилая,-2.551,-0.485,3.193,0,5.0,2.4,5.0,2.8129999999999997,0.8,5.0,1.0,1.0
H00200,43.15891891891893,76.98994768785636,Медеу,0.6,0.011,21.8,4615.0,0.09,0.226,302.0,0.052,1674.0,Парк/сквер,-4.245,-0.394,3.076,0,0.0,0.0,0.0,0.0,0.0,0.0,0.0,0.0
H00201,43.15891891891893,76.99744581956551,Медеу,0.529,0.0,20.4,4380.0,0.079,0.219,339.0,0.057,1728.0,Парк/сквер,-3.729,-0.897,1.714,0,3.0,1.6666666666666667,3.0,1.624,0.3333333333333333,3.0,1.0,0.6666666666666666
H00202,43.15891891891893,77.00494395127467,Медеу,0.554,0.033,20.0,3841.0,0.07,0.212,337.0,0.02,1730.0,Коммерческая,-4.998,-0.474,1.741,0,6.0,1.5,3.0,2.789,0.3333333333333333,6.0,0.8333333333333334,0.6666666666666666
H00203,43.15891891891893,77.01244208298382,Медеу,0.517,-0.01,20.5,3909.0,0.063,0.206,264.0,0.057,1701.0,Парк/сквер,-3.099,-2.225,2.311,0,2.0,3.0,5.0,0.44499999999999995,0.5,2.0,1.0,1.0
H00204,43.15891891891893,77.01994021469298,Медеу,0.605,0.028,18.6,3559.0,0.057,0.2,307.0,0.02,1697.0,Парк/сквер,-5.36,-0.465,2.504,0,2.0,2.5,3.0,1.094,0.5,2.0,0.5,0.5
H00205,43.15891891891893,77.02743834640214,Медеу,0.531,0.025,21.3,3249.0,0.052,0.194,283.0,0.02,1766.0,Промышленная,-4.286,0.053,3.136,0,1.0,4.0,4.0,0.866,1.0,1.0,1.0,1.0
H00206,43.15891891891893,77.03493647811129,Медеу,0.582,0.013,19.5,2293.0,0.048,0.19,316.0,0.02,1755.0,Парк/сквер,-4.723,-1.029,2.054,0,2.0,2.5,3.0,1.021,1.0,2.0,0.5,0.0
H00207,43.15891891891893,77.04243460982045,Медеу,0.57,0.038,21.2,3253.0,0.045,0.186,386.0,0.02,1737.0,Транспорт,-5.396,-0.207,1.407,0,2.0,2.5,3.0,0.857,1.0,2.0,1.0,1.0
H00208,43.15891891891893,77.0499327415296,Медеу,0.56,0.016,21.0,2539.0,0.043,0.183,314.0,0.02,1753.0,Коммерческая,-4.458,-1.264,1.501,0,2.0,1.5,2.0,0.768,1.0,2.0,0.5,0.5
H00209,43.15891891891893,77.05743087323876,Медеу,0.527,0.005,18.5,3522.0,0.042,0.18,370.0,0.036,1758.0,Парк/сквер,-4.406,-1.63,2.356,0,2.0,2.0,2.0,0.942,0.5,2.0,1.0,0.0
H00210,43.15891891891893,77.06492900494791,Медеу,0.57,0.001,19.5,4175.0,0.041,0.179,298.0,0.02,1789.0,Транспорт,-4.256,-0.932,2.198,0,4.0,2.5,3.0,2.233,1.0,3.0,0.75,0.25
H00211,43.15891891891893,77.07242713665707,Медеу,0.602,0.016,19.1,2799.0,0.04,0.179,321.0,0.068,1801.0,Парк/сквер,-4.951,-1.115,1.377,0,0.0,0.0,0.0,0.0,0.0,0.0,0.0,0.0
H00212,43.15891891891893,77.07992526836622,Медеу,0.584,-0.008,20.6,2514.0,0.04,0.179,297.0,0.02,1765.0,Промышленная,-3.965,-0.147,3.061,0,2.0,2.5,3.0,0.44500000000000006,0.5,2.0,1.0,0.5
H00213,43.15891891891893,77.08742340007538,Медеу,0.675,0.02,19.6,2734.0,0.04,0.18,305.0,0.02,1787.0,Транспорт,-5.63,-0.842,1.339,0,0.0,0.0,0.0,0.0,0.0,0.0,0.0,0.0
H00214,43.15891891891893,77.09492153178454,Медеу,0.601,0.024,20.2,1970.0,0.04,0.183,320.0,0.02,1748.0,Парк/сквер,-5.136,-0.49,1.832,0,4.0,2.0,4.0,2.367,0.75,4.0,0.75,0.5
H00215,43.16364864864866,76.78374906585458,Алмалы,0.441,0.019,19.8,4386.0,0.057,0.257,218.0,0.119,1407.0,Жилая,-3.08,-0.18,3.374,0,1.0,2.0,2.0,0.465,1.0,1.0,1.0,1.0
H00216,43.16364864864866,76.79124719756373,Алмалы,0.474,0.004,21.1,3129.0,0.064,0.262,269.0,0.02,1455.0,Пустырь,-3.178,-0.761,3.125,0,0.0,0.0,0.0,0.0,0.0,0.0,0.0,0.0
H00217,43.16364864864866,76.79874532927289,Алмалы,0.472,0.018,21.0,2139.0,0.074,0.268,295.0,0.065,1423.0,Парк/сквер,-3.531,-1.011,3.021,0,2.0,2.5,3.0,1.793,0.5,2.0,1.0,0.5
H00218,43.16364864864866,76.80624346098205,Алмалы,0.417,0.007,23.6,3410.0,0.086,0.276,333.0,0.096,1467.0,Транспорт,-2.513,-1.964,2.928,0,2.0,2.5,3.0,1.142,1.0,2.0,0.5,0.5
H00219,43.16364864864866,76.8137415926912,Алмалы,0.505,0.027,21.2,2852.0,0.101,0.285,220.0,0.121,1477.0,Транспорт,-3.478,0.608,3.775,0,16.0,3.375,5.0,7.997,0.5,15.0,0.6875,0.625
H00220,43.16364864864866,76.82123972440036,Алмалы,0.429,-0.014,23.1,4795.0,0.118,0.296,267.0,0.02,1512.0,Коммерческая,-1.873,-0.468,3.785,0,2.0,4.0,4.0,0.896,1.0,2.0,0.5,0.0
H00221,43.16364864864866,76.82873785610951,Алмалы,0.471,-0.0,20.6,5715.0,0.137,0.308,351.0,0.159,1470.0,Пустырь,-2.852,0.517,4.046,0,25.0,3.04,5.0,12.682,0.48,23.0,0.92,0.68
H00222,43.16364864864866,76.83623598781867,Алмалы,0.406,-0.006,23.9,5061.0,0.157,0.32,262.0,0.223,1486.0,Парк/сквер,-1.158,-0.454,4.243,0,5.0,4.0,5.0,3.535,0.6,5.0,0.8,0.6
H00223,43.16364864864866,76.84373411952782,Алмалы,0.407,0.019,24.9,5833.0,0.177,0.331,277.0,0.114,1515.0,Парк/сквер,-1.993,-1.738,2.721,0,2.0,2.5,4.0,1.3599999999999999,1.0,2.0,1.0,0.5
H00224,43.16364864864866,76.85123225123698,Алмалы,0.504,0.003,22.8,5044.0,0.197,0.342,289.0,0.185,1530.0,Парк/сквер,-2.388,-0.212,4.111,0,2.0,5.0,5.0,0.732,1.0,2.0,0.5,0.5
H00225,43.16364864864866,76.85873038294613,Алмалы,0.402,-0.017,23.7,6358.0,0.216,0.351,291.0,0.195,1528.0,Парк/сквер,-0.837,-1.22,5.154,0,2.0,3.5,5.0,1.553,1.0,2.0,1.0,0.5
H00226,43.16364864864866,76.86622851465529,Алмалы,0.519,-0.021,24.8,6776.0,0.232,0.358,326.0,0.163,1542.0,Пустырь,-1.665,0.819,4.28,0,37.0,2.972972972972973,5.0,18.635,0.6216216216216216,36.0,0.8918918918918919,0.7837837837837838
H00227,43.16364864864866,76.87372664636445,Алмалы,0.451,0.01,23.2,6122.0,0.246,0.363,272.0,0.193,1562.0,Парк/сквер,-1.849,-1.57,2.849,0,3.0,1.6666666666666667,2.0,1.835,0.6666666666666666,3.0,1.0,0.3333333333333333
H00228,43.16364864864866,76.8812247780736,Бостандык,0.49,-0.013,22.4,7625.0,0.256,0.365,266.0,0.144,1543.0,Жилая,-1.66,-0.755,4.529,0,1.0,1.0,1.0,0.321,0.0,1.0,0.0,0.0
H00229,43.16364864864866,76.88872290978276,Бостандык,0.407,-0.006,22.3,7778.0,0.263,0.365,279.0,0.208,1572.0,Жилая,-1.086,-1.848,3.891,0,1.0,3.0,3.0,0.172,1.0,1.0,1.0,0.0
H00230,43.16364864864866,76.89622104149191,Бостандык,0.392,0.023,24.6,7117.0,0.265,0.362,248.0,0.122,1581.0,Парк/сквер,-1.574,-0.606,3.644,0,4.0,3.0,4.0,2.153,0.25,3.0,1.0,0.25
H00231,43.16364864864866,76.90371917320107,Бостандык,0.454,-0.036,22.9,7365.0,0.264,0.356,266.0,0.085,1587.0,Жилая,-0.78,-0.236,4.911,0,1.0,4.0,4.0,0.334,0.0,1.0,1.0,1.0
H00232,43.16364864864866,76.91121730491022,Бостандык,0.487,-0.008,24.8,7403.0,0.26,0.349,285.0,0.266,1572.0,Парк/сквер,-1.252,-0.494,4.538,0,2.0,5.0,5.0,0.41600000000000004,0.5,2.0,1.0,0.5
H00233,43.16364864864866,76.91871543661938,Бостандык,0.439,-0.002,24.7,7374.0,0.251,0.339,230.0,0.112,1612.0,Парк/сквер,-1.22,-0.743,3.738,0,1.0,4.0,4.0,0.263,0.0,1.0,1.0,0.0
H00234,43.16364864864866,76.92621356832854,Бостандык,0.44,-0.011,25.1,8890.0,0.24,0.329,230.0,0.253,1597.0,Промышленная,-0.629,1.315,4.795,0,63.0,3.5238095238095237,5.0,32.817,0.6349206349206349,53.0,0.9206349206349206,0.6349206349206349
H00235,43.16364864864866,76.93371170003769,Бостандык,0.47,0.022,23.2,7789.0,0.227,0.318,266.0,0.151,1597.0,Транспорт,-2.471,-1.4,2.695,0,4.0,3.5,5.0,2.319,0.25,4.0,1.0,0.5
H00236,43.16364864864866,76.94120983174685,Бостандык,0.471,0.012,22.3,7919.0,0.211,0.306,285.0,0.188,1603.0,Жилая,-2.354,0.277,4.175,0,15.0,3.4,5.0,8.546,0.6,15.0,0.9333333333333333,0.4666666666666667
H00237,43.16364864864866,76.948707963456,Бостандык,0.492,0.025,26.1,5720.0,0.194,0.294,275.0,0.129,1600.0,Парк/сквер,-2.553,0.4,4.573,0,19.0,3.1578947368421053,5.0,8.876,0.6842105263157895,18.0,0.7368421052631579,0.7368421052631579
H00238,43.16364864864866,76.95620609516516,Медеу,0.471,-0.018,22.5,5263.0,0.176,0.283,305.0,0.074,1595.0,Парк/сквер,-1.98,-1.031,3.417,0,2.0,3.5,5.0,1.0350000000000001,1.0,2.0,1.0,1.0
H00239,43.16364864864866,76.96370422687431,Медеу,0.599,0.005,21.1,8051.0,0.158,0.271,309.0,0.02,1653.0,Жилая,-4.015,0.81,3.461,0,36.0,2.638888888888889,5.0,17.539,0.5277777777777778,34.0,0.9166666666666666,0.7222222222222222
H00240,43.16364864864866,76.97120235858347,Медеу,0.479,-0.009,21.0,5668.0,0.141,0.26,323.0,0.112,1660.0,Парк/сквер,-2.597,-0.892,3.425,0,3.0,1.6666666666666667,2.0,1.53,0.6666666666666666,3.0,1.0,0.6666666666666666
H00241,43.16364864864866,76.97870049029262,Медеу,0.509,0.024,23.4,5965.0,0.124,0.25,304.0,0.02,1612.0,Парк/сквер,-3.647,-0.818,1.299,0,1.0,2.0,2.0,0.335,1.0,1.0,1.0,1.0
H00242,43.16364864864866,76.98619862200178,Медеу,0.529,-0.007,23.9,3950.0,0.109,0.24,237.0,0.02,1644.0,Жилая,-2.643,-0.534,3.665,0,1.0,3.0,3.0,0.457,1.0,1.0,1.0,0.0
H00243,43.16364864864866,76.99369675371094,Медеу,0.535,-0.002,19.2,4116.0,0.096,0.231,342.0,0.096,1650.0,Парк/сквер,-3.717,-0.434,3.254,0,2.0,2.5,3.0,0.7060000000000001,0.5,2.0,1.0,0.5
H00244,43.16364864864866,77.00119488542009,Медеу,0.478,0.012,22.5,4175.0,0.084,0.222,235.0,0.02,1707.0,Жилая,-3.029,0.33,4.132,0,6.0,2.6666666666666665,4.0,3.19,0.5,6.0,1.0,0.6666666666666666
H00245,43.16364864864866,77.00869301712925,Медеу,0.537,0.035,22.4,4321.0,0.074,0.214,337.0,0.02,1715.0,Коммерческая,-4.614,-0.928,1.803,0,2.0,3.0,3.0,0.8400000000000001,0.0,2.0,1.0,0.5
H00246,43.16364864864866,77.0161911488384,Медеу,0.52,0.034,20.2,3854.0,0.066,0.207,283.0,0.042,1733.0,Жилая,-4.48,-0.286,3.19,0,2.0,3.5,5.0,0.519,0.5,2.0,0.0,0.5
H00247,43.16364864864866,77.02368928054756,Медеу,0.537,0.016,24.5,3249.0,0.059,0.201,338.0,0.023,1716.0,Пустырь,-3.868,1.378,3.843,0,45.0,2.8222222222222224,5.0,22.685,0.5111111111111111,42.0,0.8666666666666667,0.5777777777777777
H00248,43.16364864864866,77.03118741225671,Медеу,0.554,-0.005,18.9,3791.0,0.053,0.195,295.0,0.02,1712.0,Коммерческая,-3.964,-0.507,2.321,0,0.0,0.0,0.0,0.0,0.0,0.0,0.0,0.0
H00249,43.16364864864866,77.03868554396587,Медеу,0.577,0.016,21.1,3292.0,0.049,0.19,344.0,0.062,1722.0,Парк/сквер,-4.582,0.326,1.866,0,6.0,2.6666666666666665,5.0,3.662,0.6666666666666666,6.0,0.8333333333333334,1.0
H00250,43.16364864864866,77.04618367567502,Медеу,0.576,0.013,18.0,3223.0,0.046,0.186,347.0,0.078,1752.0,Парк/сквер,-4.858,-0.453,1.328,0,3.0,2.6666666666666665,4.0,1.452,1.0,3.0,1.0,1.0
H00251,43.16364864864866,77.05368180738418,Медеу,0.639,0.041,18.7,2061.0,0.044,0.183,327.0,0.02,1754.0,Парк/сквер,-6.116,-0.831,1.129,0,3.0,2.0,2.0,1.351,0.3333333333333333,3.0,1.0,0.6666666666666666
H00252,43.16364864864866,77.06117993909334,Медеу,0.633,0.026,21.7,3183.0,0.042,0.181,366.0,0.02,1762.0,Пустырь,-5.427,0.887,2.788,0,30.0,2.8333333333333335,5.0,17.524,0.6666666666666666,28.0,0.8666666666666667,0.7
H00253,43.16364864864866,77.06867807080249,Медеу,0.562,0.038,21.8,1109.0,0.041,0.18,347.0,0.02,1780.0,Жилая,-5.121,-0.846,1.491,0,3.0,1.6666666666666667,2.0,1.577,0.6666666666666666,3.0,1.0,0.6666666666666666
H00254,43.16364864864866,77.07617620251165,Медеу,0.555,0.021,18.9,2043.0,0.041,0.18,318.0,0.02,1753.0,Парк/сквер,-4.841,-1.228,1.928,0,3.0,2.0,3.0,1.393,0.3333333333333333,3.0,1.0,1.0
H00255,43.16364864864866,77.0836743342208,Медеу,0.662,0.048,19.7,2662.0,0.04,0.181,288.0,0.086,1848.0,Парк/сквер,-6.052,-0.406,1.367,0,3.0,2.0,3.0,1.701,0.3333333333333333,3.0,0.0,0.6666666666666666
H00256,43.16364864864866,77.09117246592996,Медеу,0.594,0.033,20.1,2318.0,0.04,0.182,279.0,0.02,1787.0,Парк/сквер,-5.167,-1.31,1.173,0,0.0,0.0,0.0,0.0,0.0,0.0,0.0,0.0
H00257,43.16364864864866,77.09867059763911,Медеу,0.573,0.026,19.9,773.0,0.04,0.185,403.0,0.062,1790.0,Коммерческая,-5.242,-0.626,2.054,0,3.0,2.0,2.0,1.054,0.6666666666666666,3.0,1.0,1.0
H00258,43.16837837837839,76.78,Алмалы,0.523,0.003,20.4,4376.0,0.056,0.256,297.0,0.095,1447.0,Парк/сквер,-3.574,-0.741,3.942,0,1.0,1.0,1.0,0.828,1.0,1.0,1.0,1.0
H00259,43.16837837837839,76.78749813170916,Алмалы,0.469,0.014,22.8,2456.0,0.063,0.261,296.0,0.168,1456.0,Жилая,-2.956,-0.486,3.634,0,5.0,3.0,4.0,2.524,0.8,5.0,0.6,0.4
H00260,43.16837837837839,76.79499626341831,Алмалы,0.428,0.004,24.3,3841.0,0.072,0.267,307.0,0.02,1399.0,Парк/сквер,-2.55,0.602,3.323,0,16.0,2.75,4.0,8.669,0.8125,16.0,0.9375,0.625
H00261,43.16837837837839,76.80249439512747,Алмалы,0.366,-0.001,21.7,3856.0,0.085,0.275,269.0,0.06,1448.0,Парк/сквер,-1.946,-1.192,3.174,0,1.0,2.0,2.0,0.493,1.0,1.0,1.0,1.0
H00262,43.16837837837839,76.80999252683662,Алмалы,0.45,-0.034,23.2,4463.0,0.1,0.285,343.0,0.052,1488.0,Парк/сквер,-1.755,-2.222,1.495,0,2.0,2.5,3.0,1.109,0.5,2.0,1.0,1.0
H00263,43.16837837837839,76.81749065854578,Алмалы,0.351,-0.006,21.0,4111.0,0.118,0.297,310.0,0.091,1467.0,Транспорт,-1.737,-1.304,3.708,0,1.0,1.0,1.0,0.556,1.0,1.0,0.0,1.0
H00264,43.16837837837839,76.82498879025493,Алмалы,0.409,0.023,20.4,5698.0,0.138,0.31,310.0,0.084,1466.0,Жилая,-3.039,-0.162,3.344,0,1.0,1.0,1.0,0.335,1.0,1.0,1.0,0.0
H00265,43.16837837837839,76.83248692196409,Алмалы,0.426,-0.001,24.8,4194.0,0.16,0.323,258.0,0.221,1494.0,Жилая,-1.33,-0.239,4.203,0,5.0,3.4,5.0,2.845,0.6,5.0,0.8,0.8
H00266,43.16837837837839,76.83998505367325,Алмалы,0.449,-0.015,22.2,6221.0,0.183,0.337,291.0,0.153,1518.0,Парк/сквер,-1.652,-0.26,4.222,0,0.0,0.0,0.0,0.0,0.0,0.0,0.0,0.0
H00267,43.16837837837839,76.8474831853824,Алмалы,0.425,0.028,23.9,5545.0,0.207,0.351,229.0,0.172,1483.0,Коммерческая,-2.048,-0.521,3.439,0,2.0,3.0,3.0,0.852,1.0,2.0,1.0,1.0
H00268,43.16837837837839,76.85498131709156,Алмалы,0.386,0.01,24.5,6094.0,0.23,0.363,308.0,0.242,1511.0,Промышленная,-1.251,-0.294,3.791,0,2.0,4.0,5.0,1.279,1.0,2.0,1.0,0.5
H00269,43.16837837837839,76.86247944880071,Алмалы,0.441,-0.005,24.5,6508.0,0.25,0.374,218.0,0.188,1504.0,Промышленная,-0.963,1.712,5.262,0,54.0,3.462962962962963,5.0,27.314,0.5185185185185185,49.0,0.9074074074074074,0.6481481481481481
H00270,43.16837837837839,76.86997758050987,Алмалы,0.387,0.009,26.6,7767.0,0.269,0.382,330.0,0.264,1512.0,Парк/сквер,-0.865,0.38,4.259,0,14.0,2.857142857142857,5.0,7.783,0.6428571428571429,13.0,0.8571428571428571,0.5714285714285714
H00271,43.16837837837839,76.87747571221902,Бостандык,0.41,-0.017,26.1,6932.0,0.283,0.387,225.0,0.263,1520.0,Транспорт,0.1,-1.395,3.781,0,3.0,3.0,3.0,1.893,0.3333333333333333,3.0,0.6666666666666666,0.3333333333333333
H00272,43.16837837837839,76.88497384392818,Бостандык,0.43,-0.014,28.0,7818.0,0.294,0.39,259.0,0.176,1571.0,Промышленная,-0.224,1.491,5.823,0,59.0,3.711864406779661,5.0,29.953,0.5254237288135594,54.0,0.864406779661017,0.7288135593220338
H00273,43.16837837837839,76.89247197563733,Бостандык,0.4,-0.021,26.3,8912.0,0.301,0.389,207.0,0.302,1550.0,Жилая,0.523,-0.234,4.8,0,4.0,4.0,5.0,2.079,0.5,4.0,0.75,0.25
H00274,43.16837837837839,76.89997010734649,Бостандык,0.357,-0.018,26.8,8505.0,0.303,0.386,169.0,0.239,1544.0,Транспорт,0.837,-0.266,5.643,0,7.0,4.0,5.0,3.765,0.42857142857142855,6.0,1.0,0.2857142857142857
H00275,43.16837837837839,76.90746823905565,Бостандык,0.375,0.012,23.1,7822.0,0.301,0.38,288.0,0.252,1564.0,Парк/сквер,-1.036,-1.254,5.033,0,4.0,3.75,5.0,2.361,0.5,4.0,0.75,0.25
H00276,43.16837837837839,76.9149663707648,Бостандык,0.422,-0.0,26.2,8925.0,0.294,0.372,213.0,0.143,1590.0,Парк/сквер,-0.646,-0.572,4.37,0,2.0,2.0,3.0,1.1989999999999998,0.5,2.0,0.5,0.5
H00277,43.16837837837839,76.92246450247396,Бостандык,0.373,0.009,26.3,7824.0,0.284,0.361,205.0,0.209,1573.0,Парк/сквер,-0.356,-0.365,5.175,0,2.0,3.5,4.0,1.137,1.0,2.0,0.5,1.0
H00278,43.16837837837839,76.92996263418311,Бостандык,0.393,0.018,25.5,9049.0,0.27,0.35,238.0,0.319,1600.0,Пустырь,-0.802,-0.362,4.924,0,1.0,4.0,4.0,0.874,1.0,1.0,1.0,0.0
H00279,43.16837837837839,76.93746076589227,Бостандык,0.473,-0.002,24.1,7669.0,0.254,0.337,210.0,0.132,1606.0,Транспорт,-1.44,-0.74,3.824,0,2.0,3.0,4.0,0.741,0.0,2.0,0.0,1.0
H00280,43.16837837837839,76.94495889760142,Бостандык,0.558,0.001,24.0,6939.0,0.235,0.323,233.0,0.125,1605.0,Коммерческая,-2.382,-1.561,3.014,0,2.0,1.5,2.0,0.61,0.5,2.0,1.0,0.0
H00281,43.16837837837839,76.95245702931058,Бостандык,0.442,-0.004,25.0,6933.0,0.215,0.31,280.0,0.285,1612.0,Жилая,-1.079,-0.644,4.307,0,2.0,2.5,3.0,0.6719999999999999,0.5,2.0,1.0,1.0
H00282,43.16837837837839,76.95995516101974,Медеу,0.409,0.022,24.0,6280.0,0.194,0.296,358.0,0.078,1603.0,Жилая,-2.56,1.053,4.067,0,47.0,3.0638297872340425,5.0,25.357,0.5531914893617021,40.0,0.8936170212765957,0.574468085106383
H00283,43.16837837837839,76.96745329272889,Медеу,0.472,0.027,24.6,6550.0,0.173,0.283,295.0,0.128,1656.0,Транспорт,-2.818,-0.463,3.543,0,2.0,4.5,5.0,0.914,0.5,2.0,1.0,1.0
H00284,43.16837837837839,76.97495142443805,Медеу,0.505,-0.005,20.3,5335.0,0.153,0.27,288.0,0.02,1643.0,Парк/сквер,-3.017,0.164,3.02,0,5.0,3.8,5.0,2.903,0.6,5.0,0.4,1.0
H00285,43.16837837837839,76.9824495561472,Медеу,0.494,-0.017,23.2,6911.0,0.134,0.257,423.0,0.034,1678.0,Жилая,-2.826,-0.089,3.662,0,0.0,0.0,0.0,0.0,0.0,0.0,0.0,0.0
H00286,43.16837837837839,76.98994768785636,Медеу,0.528,-0.004,25.2,6083.0,0.117,0.246,358.0,0.053,1646.0,Транспорт,-2.969,-1.222,3.042,0,2.0,2.5,3.0,0.995,0.5,2.0,1.0,1.0
H00287,43.16837837837839,76.99744581956551,Медеу,0.557,-0.002,21.9,4405.0,0.102,0.236,299.0,0.057,1686.0,Парк/сквер,-3.466,-0.35,3.927,0,1.0,4.0,4.0,0.953,1.0,1.0,1.0,0.0
H00288,43.16837837837839,77.00494395127467,Медеу,0.456,-0.009,20.5,3616.0,0.088,0.226,265.0,0.038,1695.0,Жилая,-2.603,-0.445,3.575,0,3.0,2.6666666666666665,3.0,1.251,0.6666666666666666,3.0,0.6666666666666666,1.0
H00289,43.16837837837839,77.01244208298382,Медеу,0.598,0.003,19.0,4548.0,0.077,0.217,323.0,0.051,1643.0,Парк/сквер,-4.48,0.517,2.65,0,21.0,2.619047619047619,5.0,11.443,0.5238095238095238,19.0,0.8095238095238095,0.5238095238095238
H00290,43.16837837837839,77.01994021469298,Медеу,0.524,0.003,21.9,3537.0,0.068,0.209,317.0,0.102,1686.0,Пустырь,-3.414,-0.199,2.85,0,3.0,2.0,3.0,1.1280000000000001,0.6666666666666666,3.0,0.6666666666666666,0.6666666666666666
H00291,43.16837837837839,77.02743834640214,Медеу,0.565,0.008,20.2,2377.0,0.061,0.202,336.0,0.02,1708.0,Парк/сквер,-4.398,-0.131,2.504,0,3.0,2.6666666666666665,4.0,1.6600000000000001,0.6666666666666666,3.0,1.0,0.6666666666666666
H00292,43.16837837837839,77.03493647811129,Медеу,0.599,0.007,20.7,3033.0,0.055,0.196,311.0,0.036,1731.0,Коммерческая,-4.464,-0.26,2.636,0,0.0,0.0,0.0,0.0,0.0,0.0,0.0,0.0
H00293,43.16837837837839,77.04243460982045,Медеу,0.541,0.021,20.2,2747.0,0.05,0.191,269.0,0.02,1734.0,Парк/сквер,-4.352,-0.378,2.253,0,3.0,1.3333333333333333,2.0,1.485,0.3333333333333333,3.0,0.6666666666666666,1.0
H00294,43.16837837837839,77.0499327415296,Медеу,0.63,0.005,19.0,3980.0,0.047,0.187,331.0,0.046,1726.0,Парк/сквер,-4.94,-0.023,2.041,0,2.0,3.0,3.0,1.073,0.5,2.0,1.0,0.5
H00295,43.16837837837839,77.05743087323876,Медеу,0.582,0.012,20.0,2589.0,0.044,0.184,301.0,0.02,1713.0,Промышленная,-4.574,0.215,2.602,0,7.0,1.2857142857142858,2.0,3.668,0.5714285714285714,6.0,0.8571428571428571,0.5714285714285714
H00296,43.16837837837839,77.06492900494791,Медеу,0.625,0.031,19.6,2871.0,0.043,0.182,351.0,0.031,1759.0,Парк/сквер,-5.687,-0.644,0.687,0,1.0,3.0,3.0,0.565,0.0,1.0,1.0,0.0
H00297,43.16837837837839,77.07242713665707,Медеу,0.624,0.013,18.3,3059.0,0.041,0.182,257.0,0.027,1766.0,Парк/сквер,-4.969,-1.099,2.356,0,6.0,2.3333333333333335,3.0,3.645,0.8333333333333334,6.0,0.5,0.3333333333333333
H00298,43.16837837837839,77.07992526836622,Медеу,0.552,0.007,19.2,1621.0,0.041,0.182,357.0,0.02,1747.0,Коммерческая,-4.541,-0.24,2.493,0,1.0,3.0,3.0,0.15,1.0,1.0,1.0,0.0
H00299,43.16837837837839,77.08742340007538,Медеу,0.585,0.013,18.1,1994.0,0.04,0.183,352.0,0.02,1737.0,Парк/сквер,-5.091,-1.081,0.933,0,1.0,3.0,3.0,0.617,0.0,1.0,1.0,1.0
H00300,43.16837837837839,77.09492153178454,Медеу,0.653,-0.002,20.0,1643.0,0.04,0.185,307.0,0.02,1781.0,Жилая,-4.795,0.016,1.412,0,3.0,1.3333333333333333,2.0,1.78,0.6666666666666666,3.0,0.6666666666666666,0.3333333333333333
H00301,43.173108108108124,76.78374906585458,Алмалы,0.5,-0.017,19.7,2677.0,0.061,0.26,294.0,0.163,1399.0,Промышленная,-2.758,-0.506,2.747,0,5.0,3.6,4.0,2.464,0.4,5.0,1.0,0.4
H00302,43.173108108108124,76.79124719756373,Алмалы,0.479,0.006,20.5,3839.0,0.071,0.266,374.0,0.051,1415.0,Транспорт,-3.68,-2.285,2.13,0,2.0,1.5,2.0,1.648,1.0,2.0,0.5,0.5
H00303,43.173108108108124,76.79874532927289,Алмалы,0.452,0.005,22.2,4313.0,0.083,0.274,267.0,0.095,1408.0,Парк/сквер,-2.654,-0.634,2.167,0,1.0,2.0,2.0,0.273,0.0,1.0,1.0,0.0
H00304,43.173108108108124,76.80624346098205,Алмалы,0.438,-0.008,23.7,4524.0,0.098,0.285,235.0,0.075,1430.0,Жилая,-1.84,-1.105,3.188,0,1.0,2.0,2.0,0.661,0.0,1.0,1.0,0.0
H00305,43.173108108108124,76.8137415926912,Алмалы,0.446,-0.001,22.7,4338.0,0.116,0.297,320.0,0.055,1465.0,Парк/сквер,-2.541,-1.392,3.188,0,0.0,0.0,0.0,0.0,0.0,0.0,0.0,0.0
H00306,43.173108108108124,76.82123972440036,Алмалы,0.405,-0.008,23.5,3577.0,0.138,0.31,264.0,0.095,1430.0,Жилая,-1.527,0.201,4.41,0,6.0,3.8333333333333335,5.0,3.6390000000000002,0.8333333333333334,6.0,1.0,0.5
H00307,43.173108108108124,76.82873785610951,Алмалы,0.385,0.009,25.5,5554.0,0.162,0.326,250.0,0.116,1458.0,Промышленная,-1.41,-0.176,3.92,0,3.0,3.6666666666666665,5.0,1.319,0.6666666666666666,3.0,1.0,0.6666666666666666
H00308,43.173108108108124,76.83623598781867,Алмалы,0.388,-0.01,23.5,6230.0,0.188,0.342,257.0,0.172,1516.0,Пустырь,-0.957,0.63,5.008,0,23.0,3.5217391304347827,5.0,11.225,0.6086956521739131,21.0,0.9565217391304348,0.4782608695652174
H00309,43.173108108108124,76.84373411952782,Алмалы,0.427,0.016,23.2,5306.0,0.214,0.358,212.0,0.18,1463.0,Жилая,-1.732,-0.323,4.464,0,1.0,2.0,2.0,0.15,0.0,1.0,1.0,1.0
H00310,43.173108108108124,76.85123225123698,Алмалы,0.449,-0.016,22.6,6318.0,0.241,0.373,239.0,0.174,1510.0,Парк/сквер,-1.105,-0.166,4.983,0,5.0,3.2,5.0,2.313,0.8,5.0,0.8,0.6
H00311,43.173108108108124,76.85873038294613,Алмалы,0.381,-0.012,26.2,7650.0,0.266,0.387,295.0,0.16,1506.0,Транспорт,-0.406,-0.458,5.256,0,0.0,0.0,0.0,0.0,0.0,0.0,0.0,0.0
H00312,43.173108108108124,76.86622851465529,Алмалы,0.35,0.023,24.8,7456.0,0.289,0.399,279.0,0.217,1510.0,Пустырь,-1.026,0.934,3.721,0,32.0,3.09375,5.0,15.962,0.5,30.0,0.90625,0.53125
H00313,43.173108108108124,76.87372664636445,Алмалы,0.387,-0.0,27.0,8829.0,0.309,0.408,281.0,0.257,1530.0,Жилая,-0.233,-1.199,4.336,0,5.0,3.6,4.0,2.051,0.8,5.0,0.8,0.4
H00314,43.173108108108124,76.8812247780736,Бостандык,0.42,-0.025,25.5,8274.0,0.325,0.415,167.0,0.213,1504.0,Жилая,0.426,-0.955,5.241,0,5.0,3.2,4.0,2.306,0.6,5.0,0.8,1.0
H00315,43.173108108108124,76.88872290978276,Бостандык,0.411,-0.016,25.6,8241.0,0.336,0.417,227.0,0.254,1563.0,Промышленная,0.154,-0.0,5.181,0,2.0,4.0,5.0,1.002,1.0,2.0,1.0,0.5
H00316,43.173108108108124,76.89622104149191,Бостандык,0.415,-0.016,22.7,7858.0,0.343,0.417,242.0,0.198,1589.0,Жилая,-0.429,0.288,5.875,0,11.0,3.3636363636363638,5.0,5.582,0.6363636363636364,11.0,0.8181818181818182,0.6363636363636364
H00317,43.173108108108124,76.90371917320107,Бостандык,0.398,0.022,25.7,9284.0,0.344,0.413,217.0,0.18,1528.0,Пустырь,-0.909,1.435,4.744,0,87.0,3.0919540229885056,5.0,44.49,0.5862068965517241,72.0,0.8045977011494253,0.5632183908045977
H00318,43.173108108108124,76.91121730491022,Бостандык,0.435,-0.02,25.8,7534.0,0.34,0.406,186.0,0.245,1575.0,Парк/сквер,0.268,-1.076,5.74,0,3.0,4.0,5.0,1.444,1.0,3.0,1.0,1.0
H00319,43.173108108108124,76.91871543661938,Бостандык,0.379,0.012,26.1,7560.0,0.331,0.397,221.0,0.183,1542.0,Транспорт,-0.48,-0.121,4.279,0,1.0,3.0,3.0,0.15,1.0,1.0,1.0,1.0
H00320,43.173108108108124,76.92621356832854,Бостандык,0.375,-0.007,25.7,7407.0,0.318,0.385,329.0,0.314,1543.0,Коммерческая,-0.148,0.951,6.034,0,51.0,3.588235294117647,5.0,27.016,0.7058823529411765,43.0,0.803921568627451,0.5882352941176471
H00321,43.173108108108124,76.93371170003769,Бостандык,0.366,-0.013,25.2,8279.0,0.301,0.372,253.0,0.205,1574.0,Парк/сквер,0.016,0.626,5.777,0,27.0,3.8518518518518516,5.0,14.332,0.5555555555555556,27.0,0.8888888888888888,0.5925925925925926
H00322,43.173108108108124,76.94120983174685,Бостандык,0.446,-0.005,25.8,8522.0,0.281,0.357,264.0,0.227,1571.0,Транспорт,-0.828,0.56,4.765,0,22.0,3.0454545454545454,5.0,11.139,0.5454545454545454,19.0,0.8181818181818182,0.6363636363636364
H00323,43.173108108108124,76.948707963456,Бостандык,0.485,-0.004,22.9,7935.0,0.259,0.342,299.0,0.156,1601.0,Жилая,-1.911,1.358,4.289,0,76.0,2.9342105263157894,5.0,39.441,0.5789473684210527,71.0,0.881578947368421,0.6710526315789473
H00324,43.173108108108124,76.95620609516516,Медеу,0.422,0.001,24.5,8484.0,0.235,0.326,230.0,0.231,1591.0,Жилая,-0.986,-1.378,3.775,0,3.0,3.6666666666666665,4.0,1.827,0.3333333333333333,3.0,0.6666666666666666,0.3333333333333333
H00325,43.173108108108124,76.96370422687431,Медеу,0.495,-0.004,23.0,6093.0,0.211,0.31,318.0,0.209,1610.0,Транспорт,-2.114,-1.144,3.908,0,2.0,4.0,4.0,1.094,1.0,2.0,1.0,0.5
H00326,43.173108108108124,76.97120235858347,Медеу,0.568,-0.029,20.6,6254.0,0.187,0.294,289.0,0.165,1598.0,Парк/сквер,-2.344,-3.332,2.246,0,5.0,2.0,3.0,2.62,0.4,5.0,1.0,0.8
H00327,43.173108108108124,76.97870049029262,Медеу,0.518,0.011,22.8,6454.0,0.164,0.28,212.0,0.14,1636.0,Парк/сквер,-2.633,-0.653,3.606,0,4.0,2.0,3.0,2.105,0.5,4.0,1.0,0.75
H00328,43.173108108108124,76.98619862200178,Медеу,0.521,0.027,23.9,7072.0,0.143,0.266,271.0,0.153,1663.0,Жилая,-3.223,0.623,3.815,0,35.0,2.942857142857143,5.0,16.187,0.6,32.0,0.8,0.6571428571428571
H00329,43.173108108108124,76.99369675371094,Медеу,0.503,-0.004,24.3,4544.0,0.124,0.253,240.0,0.084,1664.0,Парк/сквер,-2.283,-0.697,4.681,0,2.0,3.0,4.0,0.73,0.5,2.0,0.5,0.5
H00330,43.173108108108124,77.00119488542009,Медеу,0.526,0.007,22.1,5696.0,0.107,0.241,289.0,0.041,1667.0,Промышленная,-3.423,-1.189,2.622,0,0.0,0.0,0.0,0.0,0.0,0.0,0.0,0.0
H00331,43.173108108108124,77.00869301712925,Медеу,0.582,0.015,20.7,5484.0,0.093,0.23,356.0,0.047,1643.0,Жилая,-4.569,-1.436,2.661,0,3.0,2.0,2.0,1.737,0.3333333333333333,3.0,0.6666666666666666,0.3333333333333333
H00332,43.173108108108124,77.0161911488384,Медеу,0.562,0.014,19.4,5463.0,0.08,0.22,316.0,0.02,1680.0,Транспорт,-4.491,-0.159,1.348,0,4.0,1.75,3.0,2.375,0.75,4.0,0.75,0.5
H00333,43.173108108108124,77.02368928054756,Медеу,0.52,0.011,21.3,4985.0,0.07,0.212,317.0,0.079,1654.0,Жилая,-3.73,0.399,3.311,0,16.0,2.6875,5.0,7.368,0.625,14.0,0.8125,0.5
H00334,43.173108108108124,77.03118741225671,Медеу,0.583,0.014,20.8,4965.0,0.062,0.204,354.0,0.02,1691.0,Парк/сквер,-4.705,-0.343,1.935,0,2.0,1.5,2.0,1.5830000000000002,0.5,2.0,1.0,1.0
H00335,43.173108108108124,77.03868554396587,Медеу,0.575,0.011,20.1,3056.0,0.056,0.198,251.0,0.02,1683.0,Парк/сквер,-4.245,-1.662,1.746,0,1.0,1.0,1.0,0.307,0.0,1.0,1.0,0.0
H00336,43.173108108108124,77.04618367567502,Медеу,0.555,0.01,19.5,3282.0,0.051,0.193,297.0,0.02,1707.0,Парк/сквер,-4.343,-0.701,0.707,0,4.0,1.75,2.0,1.465,0.25,4.0,1.0,1.0
H00337,43.173108108108124,77.05368180738418,Медеу,0.539,0.025,20.1,3083.0,0.047,0.189,377.0,0.02,1716.0,Парк/сквер,-4.895,-0.792,1.37,0,1.0,1.0,1.0,0.466,1.0,1.0,1.0,1.0
H00338,43.173108108108124,77.06117993909334,Медеу,0.576,0.003,19.8,4383.0,0.045,0.186,334.0,0.02,1713.0,Парк/сквер,-4.443,-0.73,1.727,0,2.0,4.0,4.0,0.751,0.5,2.0,0.5,0.5
H00339,43.173108108108124,77.06867807080249,Медеу,0.56,0.022,21.6,3419.0,0.043,0.184,359.0,0.02,1746.0,Жилая,-4.727,-0.28,2.173,0,2.0,2.5,4.0,0.6839999999999999,0.5,2.0,1.0,1.0
H00340,43.173108108108124,77.07617620251165,Медеу,0.538,0.012,20.0,3477.0,0.042,0.184,239.0,0.02,1708.0,Парк/сквер,-3.976,-1.689,1.44,0,4.0,1.75,3.0,1.7120000000000002,0.25,4.0,1.0,0.75
H00341,43.173108108108124,77.0836743342208,Медеу,0.598,0.019,20.3,1925.0,0.041,0.184,350.0,0.02,1740.0,Транспорт,-5.072,-0.435,2.221,0,0.0,0.0,0.0,0.0,0.0,0.0,0.0,0.0
H00342,43.173108108108124,77.09117246592996,Медеу,0.598,0.012,20.1,3811.0,0.041,0.186,369.0,0.02,1763.0,Парк/сквер,-4.979,-0.576,1.792,0,1.0,3.0,3.0,0.449,1.0,1.0,1.0,1.0
H00343,43.173108108108124,77.09867059763911,Медеу,0.558,0.025,22.4,1400.0,0.04,0.188,312.0,0.02,1786.0,Транспорт,-4.505,-0.817,1.961,0,3.0,1.3333333333333333,2.0,2.104,1.0,3.0,0.6666666666666666,1.0
H00344,43.177837837837856,76.78,Алмалы,0.559,0.005,21.0,2816.0,0.06,0.26,274.0,0.069,1394.0,Промышленная,-3.805,-0.05,3.665,0,0.0,0.0,0.0,0.0,0.0,0.0,0.0,0.0
H00345,43.177837837837856,76.78749813170916,Алмалы,0.45,0.02,22.2,4010.0,0.069,0.265,256.0,0.063,1372.0,Транспорт,-3.106,-1.444,3.048,0,2.0,2.5,3.0,1.724,1.0,2.0,1.0,1.0
H00346,43.177837837837856,76.79499626341831,Алмалы,0.437,0.023,21.0,3765.0,0.081,0.273,377.0,0.061,1395.0,Коммерческая,-3.712,-0.508,3.46,0,1.0,1.0,1.0,0.532,1.0,1.0,1.0,1.0
H00347,43.177837837837856,76.80249439512747,Алмалы,0.37,0.019,22.0,2553.0,0.096,0.283,286.0,0.101,1390.0,Коммерческая,-2.436,-0.733,4.444,0,2.0,2.5,3.0,0.81,0.5,2.0,1.0,0.5
H00348,43.177837837837856,76.80999252683662,Алмалы,0.437,0.009,21.3,5335.0,0.114,0.296,311.0,0.087,1426.0,Парк/сквер,-2.833,-0.482,3.691,0,3.0,3.3333333333333335,5.0,1.246,1.0,3.0,0.3333333333333333,0.3333333333333333
H00349,43.177837837837856,76.81749065854578,Алмалы,0.456,-0.019,25.2,6927.0,0.136,0.31,239.0,0.032,1412.0,Жилая,-1.459,-0.69,3.097,0,3.0,3.0,3.0,2.032,1.0,3.0,1.0,1.0
H00350,43.177837837837856,76.82498879025493,Алмалы,0.465,0.024,23.3,6607.0,0.162,0.327,260.0,0.139,1431.0,Транспорт,-2.727,0.409,4.223,0,23.0,2.5652173913043477,5.0,10.655,0.7391304347826086,22.0,0.9130434782608695,0.7391304347826086
H00351,43.177837837837856,76.83248692196409,Алмалы,0.397,-0.006,24.8,5452.0,0.19,0.344,263.0,0.223,1432.0,Парк/сквер,-0.88,-1.133,4.575,0,1.0,3.0,3.0,0.826,1.0,1.0,1.0,0.0
H00352,43.177837837837856,76.83998505367325,Алмалы,0.424,0.006,24.5,7296.0,0.219,0.363,237.0,0.157,1447.0,Коммерческая,-1.408,-2.026,3.64,0,1.0,3.0,3.0,0.828,1.0,1.0,1.0,1.0
H00353,43.177837837837856,76.8474831853824,Алмалы,0.383,-0.006,26.1,6569.0,0.25,0.381,186.0,0.216,1447.0,Коммерческая,-0.07,-1.324,4.678,0,3.0,3.3333333333333335,4.0,1.819,0.3333333333333333,3.0,1.0,0.6666666666666666
H00354,43.177837837837856,76.85498131709156,Алмалы,0.365,-0.021,26.8,7148.0,0.279,0.399,248.0,0.148,1461.0,Жилая,0.248,-1.098,5.201,0,3.0,2.3333333333333335,3.0,1.701,0.6666666666666666,3.0,1.0,1.0
H00355,43.177837837837856,76.86247944880071,Алмалы,0.495,-0.018,25.5,7729.0,0.307,0.415,343.0,0.337,1504.0,Парк/сквер,-0.848,-1.684,2.722,0,5.0,2.2,4.0,2.369,0.6,5.0,0.8,0.8
H00356,43.177837837837856,76.86997758050987,Алмалы,0.41,-0.009,25.3,7792.0,0.332,0.428,187.0,0.265,1519.0,Транспорт,0.106,0.086,4.681,0,4.0,3.5,5.0,2.433,0.5,4.0,1.0,0.75
H00357,43.177837837837856,76.87747571221902,Бостандык,0.361,-0.005,25.0,8131.0,0.354,0.438,209.0,0.2,1497.0,Жилая,0.179,-0.159,5.388,0,2.0,3.5,4.0,1.7349999999999999,0.5,2.0,1.0,0.0
H00358,43.177837837837856,76.88497384392818,Бостандык,0.357,-0.013,29.8,9863.0,0.37,0.445,290.0,0.293,1503.0,Транспорт,0.975,1.043,5.775,0,59.0,3.5084745762711864,5.0,30.744,0.5084745762711864,56.0,0.8135593220338984,0.7457627118644068
H00359,43.177837837837856,76.89247197563733,Бостандык,0.316,-0.019,26.8,8529.0,0.382,0.448,272.0,0.297,1526.0,Жилая,1.204,-2.467,4.834,0,5.0,2.6,3.0,2.638,0.8,5.0,1.0,0.8
H00360,43.177837837837856,76.89997010734649,Бостандык,0.343,-0.007,26.4,9438.0,0.387,0.448,199.0,0.249,1497.0,Коммерческая,0.807,0.26,5.905,0,19.0,4.105263157894737,5.0,10.586,0.7368421052631579,14.0,0.7894736842105263,0.631578947368421
H00361,43.177837837837856,76.90746823905565,Бостандык,0.422,0.003,25.7,7948.0,0.387,0.443,176.0,0.351,1546.0,Парк/сквер,0.157,-0.607,5.127,0,4.0,3.75,5.0,2.721,0.5,4.0,1.0,0.25
H00362,43.177837837837856,76.9149663707648,Бостандык,0.359,0.005,26.6,8669.0,0.381,0.435,240.0,0.311,1573.0,Транспорт,0.342,-0.761,3.913,0,6.0,3.0,5.0,2.2,0.3333333333333333,6.0,1.0,0.6666666666666666
H00363,43.177837837837856,76.92246450247396,Бостандык,0.415,-0.014,24.8,9228.0,0.37,0.425,172.0,0.264,1558.0,Транспорт,0.316,-0.015,5.4,0,4.0,3.0,4.0,1.98,0.75,4.0,0.75,0.5
H00364,43.177837837837856,76.92996263418311,Бостандык,0.418,-0.01,25.8,9605.0,0.353,0.411,209.0,0.196,1583.0,Парк/сквер,-0.064,-0.128,5.193,0,2.0,3.0,3.0,0.55,0.5,2.0,0.5,1.0
H00365,43.177837837837856,76.93746076589227,Бостандык,0.468,0.004,24.5,9125.0,0.333,0.396,256.0,0.297,1530.0,Пустырь,-1.025,0.129,4.504,0,8.0,2.625,5.0,5.127,0.625,8.0,0.5,0.75
H00366,43.177837837837856,76.94495889760142,Бостандык,0.413,-0.022,23.7,7681.0,0.309,0.379,279.0,0.252,1572.0,Парк/сквер,-0.27,-1.732,3.251,0,5.0,3.0,4.0,2.781,0.4,5.0,0.8,0.6
H00367,43.177837837837856,76.95245702931058,Бостандык,0.401,0.027,25.4,6160.0,0.283,0.361,184.0,0.204,1575.0,Парк/сквер,-1.13,-0.484,4.335,0,4.0,4.25,5.0,2.526,0.25,4.0,0.75,0.75
H00368,43.177837837837856,76.95995516101974,Медеу,0.478,-0.005,24.4,7355.0,0.255,0.342,306.0,0.25,1600.0,Парк/сквер,-1.469,-0.496,4.523,0,2.0,3.5,4.0,1.339,0.5,2.0,1.0,0.5
H00369,43.177837837837856,76.96745329272889,Медеу,0.449,0.0,22.8,7627.0,0.228,0.324,275.0,0.08,1630.0,Транспорт,-1.959,-0.138,3.753,0,1.0,3.0,3.0,0.98,1.0,1.0,1.0,1.0
H00370,43.177837837837856,76.97495142443805,Медеу,0.495,0.005,24.5,6789.0,0.2,0.306,198.0,0.185,1622.0,Промышленная,-1.776,0.659,4.997,0,30.0,3.7333333333333334,5.0,13.767,0.4666666666666667,27.0,0.8666666666666667,0.6
H00371,43.177837837837856,76.9824495561472,Медеу,0.389,-0.028,23.0,5607.0,0.175,0.289,195.0,0.163,1636.0,Коммерческая,-0.339,-0.278,5.329,0,1.0,2.0,2.0,0.452,1.0,1.0,1.0,0.0
H00372,43.177837837837856,76.98994768785636,Медеу,0.512,0.013,21.5,5814.0,0.151,0.273,258.0,0.146,1646.0,Парк/сквер,-3.015,0.353,3.267,0,15.0,2.7333333333333334,4.0,7.831,0.5333333333333333,15.0,0.7333333333333333,0.6666666666666666
H00373,43.177837837837856,76.99744581956551,Медеу,0.588,0.001,21.6,4820.0,0.13,0.259,344.0,0.09,1627.0,Жилая,-3.827,-1.493,1.587,0,2.0,2.5,4.0,0.716,0.5,2.0,1.0,0.5
H00374,43.177837837837856,77.00494395127467,Медеу,0.576,0.013,21.3,5980.0,0.112,0.246,271.0,0.02,1658.0,Парк/сквер,-4.035,-0.293,3.006,0,1.0,3.0,3.0,0.763,0.0,1.0,1.0,0.0
H00375,43.177837837837856,77.01244208298382,Медеу,0.476,0.018,20.7,5948.0,0.096,0.234,316.0,0.043,1658.0,Парк/сквер,-3.646,0.306,4.178,0,15.0,2.933333333333333,4.0,7.784,0.7333333333333333,14.0,0.8,0.6
H00376,43.177837837837856,77.01994021469298,Медеу,0.599,0.021,20.1,4406.0,0.083,0.223,277.0,0.041,1655.0,Парк/сквер,-4.653,-0.103,2.462,0,2.0,3.0,4.0,1.479,0.5,2.0,1.0,0.5
H00377,43.177837837837856,77.02743834640214,Медеу,0.612,-0.043,20.2,4138.0,0.072,0.214,326.0,0.065,1651.0,Жилая,-3.164,-1.333,4.059,0,0.0,0.0,0.0,0.0,0.0,0.0,0.0,0.0
H00378,43.177837837837856,77.03493647811129,Медеу,0.571,0.012,19.9,3907.0,0.064,0.206,313.0,0.064,1681.0,Парк/сквер,-4.369,-0.463,2.029,0,2.0,2.0,2.0,1.242,1.0,2.0,1.0,1.0
H00379,43.177837837837856,77.04243460982045,Медеу,0.501,0.021,20.5,4434.0,0.057,0.2,326.0,0.033,1681.0,Промышленная,-4.172,0.947,3.881,0,38.0,2.526315789473684,5.0,20.678,0.7631578947368421,37.0,0.8947368421052632,0.7368421052631579
H00380,43.177837837837856,77.0499327415296,Медеу,0.638,0.021,21.0,3946.0,0.052,0.195,337.0,0.066,1703.0,Пустырь,-5.159,0.492,2.247,0,21.0,2.0476190476190474,4.0,12.255,0.6666666666666666,21.0,0.7619047619047619,0.5714285714285714
H00381,43.177837837837856,77.05743087323876,Медеу,0.654,0.029,20.8,3882.0,0.048,0.191,264.0,0.02,1753.0,Парк/сквер,-5.355,-0.721,2.368,0,1.0,3.0,3.0,0.321,0.0,1.0,1.0,0.0
H00382,43.177837837837856,77.06492900494791,Медеу,0.496,0.005,20.2,2853.0,0.045,0.188,297.0,0.02,1711.0,Парк/сквер,-3.678,-1.138,2.986,0,1.0,2.0,2.0,0.941,0.0,1.0,1.0,1.0
H00383,43.177837837837856,77.07242713665707,Медеу,0.575,0.007,22.0,2743.0,0.043,0.187,319.0,0.087,1719.0,Пустырь,-4.055,0.003,1.754,0,2.0,2.0,2.0,1.5230000000000001,0.5,2.0,0.5,0.5
H00384,43.177837837837856,77.07992526836622,Медеу,0.641,-0.004,21.0,3110.0,0.042,0.187,345.0,0.02,1744.0,Жилая,-4.659,-0.398,2.733,0,4.0,2.75,3.0,2.224,0.5,4.0,0.75,0.75
H00385,43.177837837837856,77.08742340007538,Медеу,0.587,0.003,19.6,2416.0,0.041,0.187,358.0,0.02,1760.0,Жилая,-4.668,0.408,2.379,0,14.0,2.357142857142857,4.0,6.634,0.5,13.0,0.9285714285714286,0.6428571428571429
H00386,43.177837837837856,77.09492153178454,Медеу,0.621,0.003,22.3,1619.0,0.041,0.189,335.0,0.02,1759.0,Парк/сквер,-4.516,-1.838,1.241,0,1.0,3.0,3.0,0.565,0.0,1.0,1.0,0.0
H00387,43.18256756756759,76.78374906585458,Алмалы,0.44,-0.029,21.4,3621.0,0.067,0.264,293.0,0.108,1369.0,Транспорт,-1.838,-1.46,3.274,0,0.0,0.0,0.0,0.0,0.0,0.0,0.0,0.0
H00388,43.18256756756759,76.79124719756373,Алмалы,0.4,0.01,25.3,3655.0,0.078,0.272,315.0,0.118,1413.0,Парк/сквер,-2.125,-0.016,4.827,0,3.0,3.6666666666666665,4.0,1.4020000000000001,1.0,3.0,0.6666666666666666,1.0
H00389,43.18256756756759,76.79874532927289,Алмалы,0.533,0.033,22.9,5196.0,0.093,0.282,245.0,0.036,1416.0,Пустырь,-3.984,0.464,2.658,0,19.0,2.6842105263157894,5.0,10.407,0.631578947368421,19.0,0.8947368421052632,0.42105263157894735
H00390,43.18256756756759,76.80624346098205,Алмалы,0.374,0.028,23.8,4009.0,0.112,0.294,324.0,0.123,1424.0,Парк/сквер,-2.539,-0.398,4.945,0,6.0,3.1666666666666665,5.0,3.32,0.3333333333333333,6.0,1.0,0.5
H00391,43.18256756756759,76.8137415926912,Алмалы,0.452,0.004,20.2,5960.0,0.134,0.309,318.0,0.11,1385.0,Парк/сквер,-2.865,-0.259,4.766,0,2.0,4.5,5.0,0.47000000000000003,0.5,2.0,1.0,0.5
H00392,43.18256756756759,76.82123972440036,Алмалы,0.432,-0.027,22.6,3784.0,0.16,0.326,264.0,0.093,1414.0,Промышленная,-1.247,0.74,4.817,0,18.0,3.111111111111111,5.0,9.517,0.5555555555555556,18.0,0.7777777777777778,0.6666666666666666
H00393,43.18256756756759,76.82873785610951,Алмалы,0.355,-0.039,21.1,5865.0,0.19,0.346,228.0,0.148,1491.0,Жилая,-0.13,0.254,5.404,0,8.0,3.25,5.0,3.793,0.625,8.0,0.75,0.75
H00394,43.18256756756759,76.83623598781867,Алмалы,0.449,-0.006,24.0,4968.0,0.222,0.366,246.0,0.193,1448.0,Пустырь,-1.257,0.237,3.886,0,9.0,2.2222222222222223,4.0,4.399,0.7777777777777778,8.0,0.8888888888888888,1.0
H00395,43.18256756756759,76.84373411952782,Алмалы,0.374,0.018,24.1,7325.0,0.255,0.387,264.0,0.222,1402.0,Парк/сквер,-1.213,-1.087,4.285,0,1.0,5.0,5.0,0.686,1.0,1.0,1.0,1.0
H00396,43.18256756756759,76.85123225123698,Алмалы,0.402,0.002,25.8,6708.0,0.289,0.408,214.0,0.216,1420.0,Пустырь,-0.455,0.177,5.558,0,10.0,3.7,5.0,6.221,0.6,10.0,0.9,0.9
H00397,43.18256756756759,76.85873038294613,Алмалы,0.405,-0.021,24.5,8651.0,0.322,0.428,195.0,0.106,1462.0,Коммерческая,-0.063,-2.145,3.751,0,2.0,3.0,5.0,0.9299999999999999,0.0,2.0,0.5,1.0
H00398,43.18256756756759,76.86622851465529,Алмалы,0.36,0.002,27.0,8162.0,0.352,0.445,315.0,0.252,1492.0,Транспорт,-0.088,-0.872,4.626,0,1.0,1.0,1.0,0.692,0.0,1.0,1.0,0.0
H00399,43.18256756756759,76.87372664636445,Алмалы,0.37,-0.023,26.3,9165.0,0.38,0.46,244.0,0.28,1462.0,Жилая,0.898,-1.276,4.52,0,3.0,3.6666666666666665,5.0,1.575,0.0,3.0,1.0,0.6666666666666666
H00400,43.18256756756759,76.8812247780736,Бостандык,0.353,-0.013,27.7,9043.0,0.402,0.471,224.0,0.271,1517.0,Жилая,1.08,-0.871,5.2,0,6.0,4.166666666666667,5.0,3.65,0.8333333333333334,6.0,0.6666666666666666,0.5
H00401,43.18256756756759,76.88872290978276,Бостандык,0.298,-0.008,28.7,9324.0,0.419,0.479,188.0,0.328,1498.0,Пустырь,1.84,1.429,6.027,0,71.0,3.816901408450704,5.0,33.778,0.5492957746478874,62.0,0.8732394366197183,0.5915492957746479
H00402,43.18256756756759,76.89622104149191,Бостандык,0.302,-0.033,28.2,9797.0,0.43,0.482,205.0,0.428,1502.0,Парк/сквер,2.643,0.14,6.257,0,23.0,3.6956521739130435,5.0,12.202,0.4782608695652174,22.0,0.782608695652174,0.6956521739130435
H00403,43.18256756756759,76.90371917320107,Бостандык,0.359,-0.009,27.1,9814.0,0.435,0.481,195.0,0.31,1553.0,Транспорт,1.17,-1.342,4.499,0,4.0,2.25,3.0,2.325,0.5,4.0,1.0,0.75
H00404,43.18256756756759,76.91121730491022,Бостандык,0.358,-0.025,31.2,10014.0,0.432,0.475,213.0,0.335,1524.0,Жилая,2.104,-0.975,5.536,0,11.0,4.090909090909091,5.0,6.08,0.5454545454545454,10.0,0.6363636363636364,0.6363636363636364
H00405,43.18256756756759,76.91871543661938,Бостандык,0.344,-0.021,28.0,10066.0,0.424,0.466,220.0,0.271,1518.0,Жилая,1.496,-0.824,5.139,0,6.0,3.1666666666666665,5.0,3.283,0.8333333333333334,6.0,0.8333333333333334,0.3333333333333333
H00406,43.18256756756759,76.92621356832854,Бостандык,0.371,-0.017,27.1,9427.0,0.409,0.453,249.0,0.143,1545.0,Парк/сквер,0.586,-0.922,4.378,0,4.0,2.0,3.0,2.2560000000000002,0.75,4.0,0.5,1.0
H00407,43.18256756756759,76.93371170003769,Бостандык,0.353,-0.007,27.2,9565.0,0.389,0.438,208.0,0.339,1558.0,Коммерческая,1.007,0.666,4.595,0,27.0,3.3703703703703702,5.0,12.776,0.5925925925925926,24.0,0.8148148148148148,0.5555555555555556
H00408,43.18256756756759,76.94120983174685,Бостандык,0.331,-0.015,28.9,6740.0,0.364,0.42,245.0,0.268,1537.0,Парк/сквер,1.218,0.051,4.758,0,5.0,4.0,5.0,2.358,0.6,5.0,0.8,0.8
H00409,43.18256756756759,76.948707963456,Бостандык,0.35,-0.008,24.5,6767.0,0.336,0.4,279.0,0.275,1587.0,Парк/сквер,0.102,-1.102,4.435,0,2.0,2.5,4.0,0.733,1.0,2.0,0.5,1.0
H00410,43.18256756756759,76.95620609516516,Медеу,0.344,-0.007,26.9,6673.0,0.306,0.38,253.0,0.181,1564.0,Жилая,0.203,0.958,5.748,0,48.0,3.6875,5.0,22.585,0.625,43.0,0.9166666666666666,0.5625
H00411,43.18256756756759,76.96370422687431,Медеу,0.435,-0.02,25.6,7848.0,0.274,0.359,325.0,0.103,1617.0,Жилая,-0.915,0.834,5.137,0,40.0,3.425,5.0,20.696,0.675,34.0,0.9,0.625
H00412,43.18256756756759,76.97120235858347,Медеу,0.415,-0.021,23.7,6616.0,0.243,0.338,316.0,0.15,1600.0,Транспорт,-0.926,-1.05,3.901,0,3.0,3.0,4.0,1.811,0.3333333333333333,3.0,0.6666666666666666,0.6666666666666666
H00413,43.18256756756759,76.97870049029262,Медеу,0.413,-0.006,23.3,7254.0,0.213,0.318,293.0,0.155,1596.0,Парк/сквер,-1.378,-0.921,4.584,0,0.0,0.0,0.0,0.0,0.0,0.0,0.0,0.0
H00414,43.18256756756759,76.98619862200178,Медеу,0.53,-0.026,21.7,6158.0,0.184,0.299,302.0,0.146,1603.0,Жилая,-2.12,0.251,3.384,0,12.0,2.75,4.0,6.031,0.5,11.0,0.75,0.8333333333333334
H00415,43.18256756756759,76.99369675371094,Медеу,0.54,0.004,22.8,6666.0,0.159,0.281,310.0,0.02,1645.0,Транспорт,-3.295,-0.632,3.043,0,1.0,1.0,1.0,0.734,1.0,1.0,1.0,1.0
H00416,43.18256756756759,77.00119488542009,Медеу,0.519,0.001,21.1,5739.0,0.136,0.265,259.0,0.18,1638.0,Промышленная,-2.777,1.113,3.833,0,46.0,3.0,5.0,21.274,0.5652173913043478,43.0,0.8260869565217391,0.5869565217391305
H00417,43.18256756756759,77.00869301712925,Медеу,0.531,0.032,20.2,6140.0,0.116,0.25,255.0,0.172,1649.0,Парк/сквер,-3.916,-0.665,1.6,0,2.0,3.5,4.0,0.839,0.5,2.0,1.0,0.5
H00418,43.18256756756759,77.0161911488384,Медеу,0.459,0.015,23.8,5894.0,0.099,0.237,356.0,0.093,1619.0,Парк/сквер,-3.073,-0.047,2.972,0,2.0,1.5,2.0,0.385,0.0,2.0,0.5,1.0
H00419,43.18256756756759,77.02368928054756,Медеу,0.501,-0.002,22.9,4223.0,0.085,0.226,264.0,0.02,1666.0,Парк/сквер,-2.883,-0.438,3.117,0,3.0,2.0,4.0,2.1550000000000002,0.6666666666666666,3.0,0.3333333333333333,1.0
H00420,43.18256756756759,77.03118741225671,Медеу,0.575,0.006,19.6,4882.0,0.074,0.216,310.0,0.056,1673.0,Пустырь,-4.265,-0.427,3.278,0,0.0,0.0,0.0,0.0,0.0,0.0,0.0,0.0
H00421,43.18256756756759,77.03868554396587,Медеу,0.492,0.002,21.7,3419.0,0.064,0.208,316.0,0.02,1654.0,Жилая,-3.375,-1.379,2.214,0,0.0,0.0,0.0,0.0,0.0,0.0,0.0,0.0
H00422,43.18256756756759,77.04618367567502,Медеу,0.541,0.002,19.3,4177.0,0.057,0.202,394.0,0.02,1677.0,Парк/сквер,-4.416,-0.293,3.288,0,2.0,4.0,4.0,1.042,0.5,2.0,1.0,0.5
H00423,43.18256756756759,77.05368180738418,Медеу,0.56,0.017,21.9,2369.0,0.052,0.197,250.0,0.02,1676.0,Парк/сквер,-4.063,-0.229,2.596,0,1.0,3.0,3.0,0.15,1.0,1.0,0.0,1.0
H00424,43.18256756756759,77.06117993909334,Медеу,0.585,-0.016,19.7,3581.0,0.048,0.193,323.0,0.083,1679.0,Парк/сквер,-3.798,-1.357,1.902,0,0.0,0.0,0.0,0.0,0.0,0.0,0.0,0.0
H00425,43.18256756756759,77.06867807080249,Медеу,0.526,0.004,21.4,815.0,0.045,0.191,322.0,0.02,1692.0,Парк/сквер,-3.828,1.188,3.316,0,16.0,2.5,4.0,7.968,0.6875,16.0,0.8125,0.8125
H00426,43.18256756756759,77.07617620251165,Медеу,0.552,-0.03,22.2,3601.0,0.043,0.19,356.0,0.02,1710.0,Промышленная,-3.141,0.587,4.447,0,12.0,3.1666666666666665,5.0,4.546,0.5833333333333334,12.0,0.75,0.5833333333333334
H00427,43.18256756756759,77.0836743342208,Медеу,0.569,0.014,21.1,2687.0,0.042,0.19,368.0,0.02,1734.0,Парк/сквер,-4.682,-0.563,2.33,0,2.0,2.5,3.0,1.249,0.5,2.0,1.0,0.0
H00428,43.18256756756759,77.09117246592996,Медеу,0.568,0.019,21.1,2365.0,0.041,0.191,290.0,0.02,1723.0,Промышленная,-4.476,-0.013,1.195,0,1.0,3.0,3.0,0.374,0.0,1.0,1.0,0.0
H00429,43.18256756756759,77.09867059763911,Медеу,0.641,0.024,20.7,2461.0,0.041,0.193,305.0,0.02,1752.0,Парк/сквер,-5.314,-1.4,1.457,0,4.0,2.0,3.0,1.266,0.5,4.0,1.0,0.25
H00430,43.18729729729732,76.78,Алмалы,0.409,-0.026,21.6,3458.0,0.066,0.263,302.0,0.025,1393.0,Парк/сквер,-1.887,-1.109,2.703,0,1.0,1.0,1.0,0.321,1.0,1.0,1.0,1.0
H00431,43.18729729729732,76.78749813170916,Алмалы,0.402,0.014,21.3,3351.0,0.076,0.271,223.0,0.125,1382.0,Промышленная,-2.389,-1.672,3.314,0,1.0,2.0,2.0,0.371,0.0,1.0,0.0,1.0
H00432,43.18729729729732,76.79499626341831,Алмалы,0.396,0.006,23.8,3920.0,0.09,0.28,295.0,0.084,1362.0,Коммерческая,-2.132,0.041,2.954,0,2.0,3.0,4.0,0.471,1.0,2.0,1.0,1.0
H00433,43.18729729729732,76.80249439512747,Алмалы,0.385,0.013,25.6,4547.0,0.109,0.293,301.0,0.074,1410.0,Парк/сквер,-1.998,-1.818,3.62,0,3.0,1.6666666666666667,2.0,1.704,0.6666666666666666,3.0,1.0,1.0
H00434,43.18729729729732,76.80999252683662,Алмалы,0.433,-0.012,21.9,5854.0,0.131,0.308,225.0,0.178,1420.0,Парк/сквер,-1.516,-0.232,4.076,0,4.0,2.5,4.0,2.463,0.75,4.0,1.0,0.75
H00435,43.18729729729732,76.81749065854578,Алмалы,0.465,0.024,23.5,6275.0,0.157,0.325,324.0,0.208,1435.0,Парк/сквер,-2.792,-0.018,4.414,0,0.0,0.0,0.0,0.0,0.0,0.0,0.0,0.0
H00436,43.18729729729732,76.82498879025493,Алмалы,0.401,-0.003,24.1,8027.0,0.188,0.345,270.0,0.184,1432.0,Жилая,-1.195,0.092,3.29,0,6.0,2.8333333333333335,4.0,3.536,0.5,6.0,0.8333333333333334,0.6666666666666666
H00437,43.18729729729732,76.83248692196409,Алмалы,0.424,-0.018,25.3,5868.0,0.222,0.367,302.0,0.165,1417.0,Жилая,-0.869,-0.473,4.673,0,0.0,0.0,0.0,0.0,0.0,0.0,0.0,0.0
H00438,43.18729729729732,76.83998505367325,Алмалы,0.35,-0.033,25.5,7471.0,0.258,0.391,266.0,0.223,1409.0,Транспорт,0.569,0.307,5.295,0,16.0,3.375,5.0,7.107,0.4375,15.0,0.875,0.6875
H00439,43.18729729729732,76.8474831853824,Алмалы,0.356,-0.007,26.1,8561.0,0.295,0.415,313.0,0.228,1424.0,Парк/сквер,-0.186,-0.223,4.523,0,2.0,4.5,5.0,0.61,0.5,2.0,1.0,0.5
H00440,43.18729729729732,76.85498131709156,Алмалы,0.361,0.011,25.8,7778.0,0.333,0.438,251.0,0.278,1448.0,Парк/сквер,-0.247,-0.636,4.107,0,3.0,1.0,1.0,1.2080000000000002,0.0,3.0,0.6666666666666666,0.3333333333333333
H00441,43.18729729729732,76.86247944880071,Алмалы,0.325,-0.025,26.7,9519.0,0.369,0.46,191.0,0.304,1455.0,Жилая,1.593,-0.123,6.114,0,5.0,3.8,4.0,2.442,0.6,5.0,1.0,0.6
H00442,43.18729729729732,76.86997758050987,Алмалы,0.333,0.005,26.3,8800.0,0.402,0.479,200.0,0.407,1452.0,Жилая,0.985,-1.102,4.82,0,5.0,3.2,5.0,2.472,0.8,5.0,1.0,1.0
H00443,43.18729729729732,76.87747571221902,Бостандык,0.389,0.005,26.5,9511.0,0.43,0.495,176.0,0.341,1463.0,Коммерческая,0.612,-1.144,4.797,0,0.0,0.0,0.0,0.0,0.0,0.0,0.0,0.0
H00444,43.18729729729732,76.88497384392818,Бостандык,0.298,-0.042,29.3,10629.0,0.454,0.507,135.0,0.306,1449.0,Транспорт,3.155,0.409,7.701,1,29.0,3.8620689655172415,5.0,14.899,0.6206896551724138,27.0,0.6551724137931034,0.5517241379310345
H00445,43.18729729729732,76.89247197563733,Бостандык,0.343,-0.025,28.3,11502.0,0.471,0.515,224.0,0.335,1512.0,Жилая,1.974,-0.42,5.36,0,5.0,3.2,4.0,3.403,0.6,4.0,0.8,0.6
H00446,43.18729729729732,76.89997010734649,Бостандык,0.401,-0.041,29.1,9215.0,0.481,0.518,182.0,0.431,1499.0,Пустырь,2.476,1.597,7.094,1,71.0,4.084507042253521,5.0,37.298,0.6619718309859155,65.0,0.9014084507042254,0.5915492957746479
H00447,43.18729729729732,76.90746823905565,Бостандык,0.31,0.004,29.0,11153.0,0.484,0.516,212.0,0.422,1521.0,Жилая,1.785,0.228,5.741,0,21.0,3.8095238095238093,5.0,12.538,0.47619047619047616,21.0,0.9523809523809523,0.5238095238095238
H00448,43.18729729729732,76.9149663707648,Бостандык,0.351,-0.025,30.1,9318.0,0.479,0.509,183.0,0.398,1576.0,Жилая,2.483,-0.965,6.462,0,12.0,3.6666666666666665,5.0,5.105,0.75,12.0,0.9166666666666666,0.5
H00449,43.18729729729732,76.92246450247396,Бостандык,0.345,-0.031,29.6,11133.0,0.467,0.498,187.0,0.319,1488.0,Транспорт,2.386,1.004,6.657,1,66.0,4.075757575757576,5.0,34.338,0.5757575757575758,58.0,0.9393939393939394,0.6818181818181818
H00450,43.18729729729732,76.92996263418311,Бостандык,0.256,-0.017,29.6,8597.0,0.448,0.483,243.0,0.394,1518.0,Парк/сквер,2.562,-1.269,6.022,0,7.0,4.285714285714286,5.0,3.962,0.5714285714285714,7.0,0.7142857142857143,0.8571428571428571
H00451,43.18729729729732,76.93746076589227,Бостандык,0.357,-0.023,26.8,9486.0,0.423,0.465,195.0,0.391,1558.0,Парк/сквер,1.686,0.207,6.249,0,14.0,4.071428571428571,5.0,7.384,0.6428571428571429,14.0,0.7857142857142857,0.5714285714285714
H00452,43.18729729729732,76.94495889760142,Бостандык,0.441,-0.015,27.2,9661.0,0.394,0.444,250.0,0.335,1578.0,Коммерческая,0.387,-0.281,5.877,0,4.0,3.0,4.0,2.648,0.75,4.0,0.75,0.75
H00453,43.18729729729732,76.95245702931058,Бостандык,0.327,-0.023,26.3,7831.0,0.362,0.422,184.0,0.254,1588.0,Жилая,1.379,-1.936,5.478,0,9.0,4.0,5.0,4.423,0.7777777777777778,9.0,0.8888888888888888,0.6666666666666666
H00454,43.18729729729732,76.95995516101974,Медеу,0.385,-0.018,27.0,7919.0,0.327,0.398,255.0,0.259,1583.0,Жилая,0.463,-2.065,2.51,0,8.0,2.25,5.0,3.46,0.625,8.0,1.0,0.5
H00455,43.18729729729732,76.96745329272889,Медеу,0.416,0.018,27.1,7513.0,0.292,0.374,209.0,0.22,1599.0,Коммерческая,-0.824,-0.796,3.287,0,5.0,2.2,4.0,3.343,0.8,5.0,0.4,0.2
H00456,43.18729729729732,76.97495142443805,Медеу,0.368,-0.024,25.8,6922.0,0.257,0.351,314.0,0.201,1581.0,Парк/сквер,-0.018,0.504,6.322,0,26.0,3.730769230769231,5.0,12.943,0.5,26.0,0.8846153846153846,0.5769230769230769
H00457,43.18729729729732,76.9824495561472,Медеу,0.438,-0.009,22.8,6562.0,0.223,0.328,159.0,0.116,1602.0,Жилая,-1.051,-0.522,4.899,0,3.0,1.6666666666666667,2.0,1.054,0.6666666666666666,3.0,0.6666666666666666,0.6666666666666666
H00458,43.18729729729732,76.98994768785636,Медеу,0.388,0.018,23.4,5456.0,0.193,0.307,246.0,0.182,1609.0,Парк/сквер,-1.642,0.018,4.723,0,4.0,2.5,3.0,2.6959999999999997,0.25,4.0,1.0,0.75
H00459,43.18729729729732,76.99744581956551,Медеу,0.415,-0.006,24.4,6218.0,0.165,0.288,329.0,0.036,1586.0,Парк/сквер,-1.86,-1.925,3.331,0,2.0,3.5,4.0,1.384,0.5,2.0,1.0,0.5
H00460,43.18729729729732,77.00494395127467,Медеу,0.554,-0.017,20.8,5767.0,0.14,0.27,302.0,0.057,1594.0,Парк/сквер,-3.016,-0.664,1.963,0,4.0,2.75,4.0,1.683,0.25,4.0,0.5,1.0
H00461,43.18729729729732,77.01244208298382,Медеу,0.432,0.032,21.5,4755.0,0.119,0.254,347.0,0.136,1648.0,Промышленная,-3.406,-0.021,3.456,0,2.0,2.0,2.0,1.092,1.0,2.0,1.0,0.5
H00462,43.18729729729732,77.01994021469298,Медеу,0.468,-0.013,21.0,4858.0,0.101,0.241,335.0,0.062,1628.0,Промышленная,-2.708,0.75,3.629,0,28.0,3.2142857142857144,5.0,14.166,0.5714285714285714,27.0,0.8214285714285714,0.6428571428571429
H00463,43.18729729729732,77.02743834640214,Медеу,0.49,0.037,21.4,4955.0,0.086,0.229,255.0,0.027,1640.0,Парк/сквер,-4.017,0.445,3.616,0,22.0,2.8636363636363638,5.0,11.735,0.45454545454545453,22.0,0.8181818181818182,0.7272727272727273
H00464,43.18729729729732,77.03493647811129,Медеу,0.561,0.015,22.3,4821.0,0.074,0.219,364.0,0.023,1639.0,Парк/сквер,-4.343,-0.188,2.835,0,1.0,1.0,1.0,0.719,0.0,1.0,1.0,0.0
H00465,43.18729729729732,77.04243460982045,Медеу,0.579,0.006,21.7,5376.0,0.065,0.211,273.0,0.051,1686.0,Парк/сквер,-3.907,-0.892,1.422,0,2.0,1.0,1.0,1.222,0.5,2.0,1.0,0.5
H00466,43.18729729729732,77.0499327415296,Медеу,0.543,-0.003,19.7,3910.0,0.058,0.204,326.0,0.075,1691.0,Парк/сквер,-3.836,-0.958,2.882,0,0.0,0.0,0.0,0.0,0.0,0.0,0.0,0.0
H00467,43.18729729729732,77.05743087323876,Медеу,0.583,0.02,19.6,3876.0,0.052,0.199,352.0,0.02,1675.0,Парк/сквер,-5.048,-0.96,1.283,0,2.0,3.0,4.0,0.986,0.5,2.0,1.0,0.5
H00468,43.18729729729732,77.06492900494791,Медеу,0.527,0.022,20.7,2991.0,0.048,0.196,313.0,0.02,1655.0,Парк/сквер,-4.393,-0.603,2.216,0,4.0,2.5,3.0,2.414,0.75,4.0,1.0,0.5
H00469,43.18729729729732,77.07242713665707,Медеу,0.591,-0.0,20.5,3657.0,0.045,0.194,326.0,0.02,1708.0,Парк/сквер,-4.349,-0.731,2.858,0,3.0,1.3333333333333333,2.0,1.212,0.6666666666666666,3.0,0.6666666666666666,1.0
H00470,43.18729729729732,77.07992526836622,Медеу,0.43,0.011,21.2,2096.0,0.043,0.193,279.0,0.123,1696.0,Парк/сквер,-2.879,-1.268,1.596,0,2.0,1.0,1.0,1.067,0.5,2.0,1.0,0.5
H00471,43.18729729729732,77.08742340007538,Медеу,0.635,0.03,21.1,2891.0,0.042,0.194,277.0,0.072,1689.0,Промышленная,-5.154,-0.142,0.636,0,2.0,1.5,2.0,0.935,1.0,2.0,1.0,0.0
H00472,43.18729729729732,77.09492153178454,Медеу,0.583,0.032,21.0,1592.0,0.041,0.195,323.0,0.02,1704.0,Парк/сквер,-5.125,-0.317,1.593,0,0.0,0.0,0.0,0.0,0.0,0.0,0.0,0.0
H00473,43.19202702702705,76.78374906585458,Алмалы,0.394,0.007,23.5,2330.0,0.074,0.269,291.0,0.062,1361.0,Транспорт,-2.274,-1.222,4.41,0,5.0,4.0,5.0,2.5060000000000002,0.6,5.0,0.8,0.8
H00474,43.19202702702705,76.79124719756373,Алмалы,0.439,-0.005,22.4,5747.0,0.088,0.279,292.0,0.09,1359.0,Жилая,-2.321,0.059,3.359,0,3.0,3.3333333333333335,4.0,1.239,0.3333333333333333,3.0,0.6666666666666666,0.3333333333333333
H00475,43.19202702702705,76.79874532927289,Алмалы,0.357,0.009,22.3,5247.0,0.105,0.291,236.0,0.168,1372.0,Жилая,-1.614,-0.12,2.226,0,2.0,4.0,4.0,1.194,0.5,2.0,0.5,0.5
H00476,43.19202702702705,76.80624346098205,Алмалы,0.421,-0.006,23.9,5076.0,0.127,0.305,295.0,0.148,1366.0,Жилая,-1.718,-0.865,4.356,0,3.0,2.6666666666666665,4.0,1.944,1.0,3.0,0.6666666666666666,0.3333333333333333
H00477,43.19202702702705,76.8137415926912,Алмалы,0.448,-0.008,24.0,5460.0,0.153,0.323,328.0,0.191,1383.0,Жилая,-1.793,0.384,2.261,0,15.0,1.9333333333333333,3.0,7.563,0.6666666666666666,14.0,0.8,0.6666666666666666
H00478,43.19202702702705,76.82123972440036,Алмалы,0.397,-0.02,22.0,5769.0,0.184,0.344,205.0,0.115,1336.0,Пустырь,-0.881,-0.199,3.95,0,2.0,3.5,4.0,0.8320000000000001,1.0,2.0,1.0,1.0
H00479,43.19202702702705,76.82873785610951,Алмалы,0.357,-0.013,25.3,7475.0,0.219,0.367,179.0,0.244,1417.0,Пустырь,0.193,-0.246,4.5,0,2.0,4.0,5.0,0.62,0.0,2.0,0.5,0.5
H00480,43.19202702702705,76.83623598781867,Алмалы,0.268,-0.008,25.5,8281.0,0.258,0.392,254.0,0.199,1393.0,Парк/сквер,0.507,-0.393,5.374,0,4.0,4.0,5.0,2.239,0.25,4.0,0.75,0.25
H00481,43.19202702702705,76.84373411952782,Алмалы,0.272,0.023,26.7,8598.0,0.298,0.419,228.0,0.253,1431.0,Транспорт,0.133,-0.242,5.38,0,3.0,3.6666666666666665,4.0,1.3860000000000001,0.3333333333333333,3.0,1.0,0.6666666666666666
H00482,43.19202702702705,76.85123225123698,Алмалы,0.343,0.011,25.9,8654.0,0.339,0.445,262.0,0.168,1417.0,Транспорт,-0.353,-0.522,4.641,0,1.0,3.0,3.0,0.319,0.0,1.0,1.0,1.0
H00483,43.19202702702705,76.85873038294613,Алмалы,0.402,-0.001,26.7,9344.0,0.38,0.471,192.0,0.345,1429.0,Парк/сквер,0.468,-0.827,4.812,0,3.0,4.0,4.0,1.812,0.6666666666666666,3.0,1.0,0.3333333333333333
H00484,43.19202702702705,76.86622851465529,Алмалы,0.313,-0.012,27.2,10236.0,0.419,0.494,155.0,0.386,1445.0,Промышленная,1.916,1.158,6.512,1,51.0,4.0,5.0,26.338,0.5686274509803921,42.0,0.9215686274509803,0.7058823529411765
H00485,43.19202702702705,76.87372664636445,Алмалы,0.248,-0.023,30.1,9200.0,0.454,0.515,215.0,0.381,1448.0,Жилая,2.978,0.095,6.956,1,12.0,4.083333333333333,5.0,6.18,0.6666666666666666,12.0,0.8333333333333334,0.5
H00486,43.19202702702705,76.8812247780736,Бостандык,0.389,-0.027,28.1,11045.0,0.484,0.533,235.0,0.418,1479.0,Промышленная,1.831,0.916,6.205,0,40.0,4.0,5.0,20.709,0.575,35.0,0.925,0.5
H00487,43.19202702702705,76.88872290978276,Бостандык,0.31,-0.028,28.9,11168.0,0.508,0.545,178.0,0.427,1448.0,Жилая,2.915,-0.06,6.389,0,12.0,4.166666666666667,5.0,6.3,0.6666666666666666,12.0,0.9166666666666666,0.5833333333333334
H00488,43.19202702702705,76.89622104149191,Бостандык,0.25,-0.045,31.3,11041.0,0.525,0.553,158.0,0.369,1461.0,Транспорт,4.158,0.761,7.826,1,58.0,4.293103448275862,5.0,29.838,0.6206896551724138,46.0,0.8275862068965517,0.7758620689655172
H00489,43.19202702702705,76.90371917320107,Бостандык,0.349,-0.004,28.4,9150.0,0.533,0.555,195.0,0.402,1467.0,Жилая,1.851,-1.275,5.346,0,10.0,3.8,5.0,4.849,0.6,10.0,0.8,0.6
H00490,43.19202702702705,76.91121730491022,Бостандык,0.326,-0.02,29.3,11577.0,0.533,0.552,275.0,0.4,1482.0,Промышленная,2.253,0.213,6.278,0,19.0,4.315789473684211,5.0,8.315,0.5263157894736842,19.0,0.9473684210526315,0.42105263157894735
H00491,43.19202702702705,76.91871543661938,Бостандык,0.346,0.013,29.8,11517.0,0.525,0.543,230.0,0.416,1519.0,Транспорт,1.43,-1.273,4.414,0,4.0,3.25,5.0,1.4700000000000002,0.5,3.0,0.75,0.75
H00492,43.19202702702705,76.92621356832854,Бостандык,0.272,-0.018,30.1,9359.0,0.509,0.53,184.0,0.361,1546.0,Транспорт,2.904,-1.042,7.007,1,2.0,4.0,4.0,1.2570000000000001,0.5,2.0,0.5,1.0
H00493,43.19202702702705,76.93371170003769,Бостандык,0.387,-0.028,29.5,10257.0,0.486,0.512,144.0,0.357,1503.0,Парк/сквер,2.275,0.083,6.708,1,12.0,4.416666666666667,5.0,7.414,0.8333333333333334,12.0,0.75,0.75
H00494,43.19202702702705,76.94120983174685,Бостандык,0.332,-0.039,28.5,10177.0,0.456,0.491,157.0,0.378,1524.0,Жилая,2.77,-0.544,6.981,1,12.0,4.416666666666667,5.0,5.243,0.5,12.0,0.9166666666666666,0.6666666666666666
H00495,43.19202702702705,76.948707963456,Бостандык,0.38,-0.034,29.2,10878.0,0.422,0.467,118.0,0.265,1529.0,Промышленная,2.135,0.744,6.472,0,52.0,3.826923076923077,5.0,29.714,0.6923076923076923,48.0,0.8461538461538461,0.5769230769230769
H00496,43.19202702702705,76.95620609516516,Медеу,0.45,0.005,27.8,9129.0,0.385,0.442,260.0,0.393,1537.0,Транспорт,-0.095,-0.857,4.288,0,0.0,0.0,0.0,0.0,0.0,0.0,0.0,0.0
H00497,43.19202702702705,76.96370422687431,Медеу,0.323,-0.012,25.1,7971.0,0.346,0.415,218.0,0.315,1538.0,Жилая,0.874,-0.108,4.537,0,1.0,4.0,4.0,0.715,0.0,1.0,1.0,1.0
H00498,43.19202702702705,76.97120235858347,Медеу,0.406,-0.005,25.5,7922.0,0.306,0.388,237.0,0.258,1569.0,Парк/сквер,-0.258,-2.016,3.709,0,4.0,1.75,2.0,2.01,0.75,4.0,1.0,0.5
H00499,43.19202702702705,76.97870049029262,Медеу,0.396,0.0,24.3,6609.0,0.268,0.362,325.0,0.201,1564.0,Парк/сквер,-1.127,-0.925,3.584,0,2.0,3.5,4.0,1.112,1.0,1.0,0.5,1.0
H00500,43.19202702702705,76.98619862200178,Медеу,0.416,-0.012,25.4,6814.0,0.232,0.337,224.0,0.175,1591.0,Транспорт,-0.571,0.266,3.881,0,18.0,3.0,5.0,10.457,0.4444444444444444,18.0,0.6666666666666666,0.7777777777777778
H00501,43.19202702702705,76.99369675371094,Медеу,0.448,-0.007,23.8,5506.0,0.199,0.314,288.0,0.232,1586.0,Жилая,-1.419,-0.636,4.094,0,2.0,4.5,5.0,1.057,0.5,2.0,1.0,1.0
H00502,43.19202702702705,77.00119488542009,Медеу,0.54,-0.004,22.5,6218.0,0.169,0.293,263.0,0.253,1612.0,Жилая,-2.341,-0.63,3.527,0,2.0,3.0,3.0,1.1320000000000001,1.0,2.0,1.0,0.5
H00503,43.19202702702705,77.00869301712925,Медеу,0.54,-0.016,21.0,6019.0,0.143,0.274,287.0,0.125,1603.0,Парк/сквер,-2.683,-0.435,3.718,0,1.0,2.0,2.0,0.556,1.0,1.0,1.0,1.0
H00504,43.19202702702705,77.0161911488384,Медеу,0.465,-0.028,21.1,5208.0,0.121,0.258,340.0,0.08,1622.0,Транспорт,-2.165,-1.409,3.607,0,3.0,2.0,3.0,1.312,0.6666666666666666,3.0,0.6666666666666666,0.3333333333333333
H00505,43.19202702702705,77.02368928054756,Медеу,0.523,0.001,21.8,6029.0,0.102,0.243,373.0,0.02,1634.0,Парк/сквер,-3.684,-0.202,2.892,0,1.0,3.0,3.0,0.236,0.0,1.0,1.0,1.0
H00506,43.19202702702705,77.03118741225671,Медеу,0.505,0.001,22.2,4727.0,0.087,0.231,364.0,0.045,1638.0,Жилая,-3.434,0.849,4.377,0,29.0,3.103448275862069,5.0,11.587,0.41379310344827586,29.0,0.896551724137931,0.6896551724137931
H00507,43.19202702702705,77.03868554396587,Медеу,0.512,-0.003,20.3,5099.0,0.074,0.221,325.0,0.061,1626.0,Парк/сквер,-3.477,0.741,3.048,0,31.0,3.032258064516129,5.0,16.29,0.5483870967741935,31.0,0.8064516129032258,0.5806451612903226
H00508,43.19202702702705,77.04618367567502,Медеу,0.583,0.002,23.1,3311.0,0.065,0.213,281.0,0.032,1614.0,Парк/сквер,-3.719,-2.304,2.457,0,3.0,3.0,4.0,1.117,0.3333333333333333,3.0,1.0,1.0
H00509,43.19202702702705,77.05368180738418,Медеу,0.519,0.004,19.8,3108.0,0.057,0.207,312.0,0.078,1647.0,Жилая,-3.756,0.234,3.779,0,5.0,2.4,4.0,3.102,1.0,5.0,0.6,0.4
H00510,43.19202702702705,77.06117993909334,Медеу,0.512,0.015,20.5,4141.0,0.052,0.202,340.0,0.078,1680.0,Транспорт,-4.046,-0.971,2.249,0,3.0,3.0,4.0,2.0220000000000002,0.3333333333333333,3.0,1.0,0.6666666666666666
H00511,43.19202702702705,77.06867807080249,Медеу,0.564,-0.008,21.4,3435.0,0.048,0.199,293.0,0.033,1709.0,Парк/сквер,-3.634,0.761,2.658,0,24.0,2.125,4.0,12.901,0.875,21.0,0.7916666666666666,0.6666666666666666
H00512,43.19202702702705,77.07617620251165,Медеу,0.52,0.005,22.5,2680.0,0.045,0.198,220.0,0.02,1692.0,Парк/сквер,-3.259,0.54,4.837,0,18.0,3.611111111111111,5.0,11.114,0.5555555555555556,13.0,0.8888888888888888,0.6111111111111112
H00513,43.19202702702705,77.0836743342208,Медеу,0.504,0.019,20.2,2927.0,0.044,0.197,301.0,0.02,1700.0,Жилая,-4.163,-1.023,1.811,0,3.0,2.3333333333333335,3.0,2.021,0.6666666666666666,3.0,1.0,0.3333333333333333
H00514,43.19202702702705,77.09117246592996,Медеу,0.515,0.024,21.3,2304.0,0.042,0.198,296.0,0.02,1720.0,Транспорт,-4.208,-1.232,2.546,0,4.0,1.75,2.0,2.455,1.0,4.0,0.75,0.75
H00515,43.19202702702705,77.09867059763911,Медеу,0.496,0.005,23.5,3416.0,0.042,0.199,315.0,0.02,1732.0,Парк/сквер,-3.329,-1.119,2.826,0,3.0,2.0,4.0,0.996,1.0,3.0,1.0,0.6666666666666666
H00516,43.196756756756784,76.78,Алмалы,0.423,0.008,22.6,4224.0,0.072,0.268,223.0,0.077,1324.0,Жилая,-2.334,-1.638,2.681,0,3.0,1.6666666666666667,2.0,2.1180000000000003,0.6666666666666666,3.0,1.0,1.0
H00517,43.196756756756784,76.78749813170916,Алмалы,0.395,-0.025,23.5,4446.0,0.085,0.277,327.0,0.186,1338.0,Коммерческая,-1.235,-1.352,3.956,0,1.0,4.0,4.0,0.701,0.0,1.0,1.0,0.0
H00518,43.196756756756784,76.79499626341831,Алмалы,0.395,0.002,21.8,3754.0,0.102,0.288,272.0,0.13,1365.0,Жилая,-2.036,-1.86,2.064,0,1.0,2.0,2.0,0.69,1.0,1.0,1.0,1.0
H00519,43.196756756756784,76.80249439512747,Алмалы,0.445,-0.019,22.5,5275.0,0.123,0.303,201.0,0.09,1375.0,Промышленная,-1.469,1.17,4.464,0,33.0,3.484848484848485,5.0,16.682000000000002,0.6060606060606061,32.0,0.8787878787878788,0.45454545454545453
H00520,43.196756756756784,76.80999252683662,Алмалы,0.392,-0.009,21.7,5697.0,0.149,0.32,226.0,0.135,1327.0,Парк/сквер,-1.339,-2.176,2.044,0,4.0,2.0,3.0,1.66,0.75,4.0,0.5,0.25
H00521,43.196756756756784,76.81749065854578,Алмалы,0.371,-0.036,23.1,7312.0,0.18,0.341,290.0,0.076,1391.0,Жилая,-0.528,-2.162,4.085,0,2.0,4.5,5.0,1.221,0.5,2.0,0.0,0.5
H00522,43.196756756756784,76.82498879025493,Алмалы,0.31,-0.012,23.5,6983.0,0.215,0.365,175.0,0.212,1386.0,Парк/сквер,0.244,0.274,5.306,0,11.0,3.090909090909091,5.0,6.385,0.8181818181818182,11.0,0.7272727272727273,0.5454545454545454
H00523,43.196756756756784,76.83248692196409,Алмалы,0.37,-0.032,25.6,7106.0,0.255,0.392,272.0,0.187,1384.0,Пустырь,0.264,1.302,5.927,0,45.0,3.577777777777778,5.0,24.276,0.6444444444444445,40.0,0.9333333333333333,0.6444444444444445
H00524,43.196756756756784,76.83998505367325,Алмалы,0.306,-0.031,27.5,8636.0,0.297,0.42,289.0,0.174,1387.0,Парк/сквер,1.033,0.31,5.927,0,18.0,3.7222222222222223,5.0,9.082,0.4444444444444444,18.0,0.8333333333333334,0.6111111111111112
H00525,43.196756756756784,76.8474831853824,Алмалы,0.383,0.006,25.9,8934.0,0.342,0.449,246.0,0.187,1403.0,Парк/сквер,-0.417,-1.845,4.652,0,3.0,2.3333333333333335,3.0,1.562,0.6666666666666666,2.0,1.0,0.3333333333333333
H00526,43.196756756756784,76.85498131709156,Алмалы,0.335,-0.006,27.1,8421.0,0.387,0.478,244.0,0.291,1412.0,Парк/сквер,0.859,-1.012,4.894,0,3.0,5.0,5.0,1.254,0.6666666666666666,3.0,0.6666666666666666,1.0
H00527,43.196756756756784,76.86247944880071,Алмалы,0.298,-0.011,27.6,10357.0,0.431,0.506,224.0,0.338,1431.0,Жилая,1.696,-0.148,5.557,0,2.0,3.0,4.0,1.327,0.0,2.0,1.0,0.5
H00528,43.196756756756784,76.86997758050987,Алмалы,0.327,-0.016,28.9,11678.0,0.473,0.532,147.0,0.296,1475.0,Парк/сквер,2.15,-0.845,6.21,0,7.0,3.4285714285714284,5.0,3.3609999999999998,0.8571428571428571,7.0,0.7142857142857143,0.8571428571428571
H00529,43.196756756756784,76.87747571221902,Бостандык,0.273,-0.045,28.8,10802.0,0.51,0.554,211.0,0.294,1456.0,Жилая,3.229,-1.208,5.866,0,14.0,4.214285714285714,5.0,7.033,0.7142857142857143,13.0,0.9285714285714286,0.42857142857142855
H00530,43.196756756756784,76.88497384392818,Бостандык,0.314,-0.019,29.7,11389.0,0.54,0.572,171.0,0.493,1445.0,Парк/сквер,3.041,0.634,6.536,1,43.0,4.186046511627907,5.0,23.512,0.6046511627906976,36.0,0.9302325581395349,0.6744186046511628
H00531,43.196756756756784,76.89247197563733,Бостандык,0.235,-0.018,32.2,12349.0,0.564,0.585,203.0,0.384,1457.0,Жилая,3.649,-0.27,6.838,1,14.0,3.4285714285714284,5.0,7.124,0.8571428571428571,13.0,0.7857142857142857,0.8571428571428571
H00532,43.196756756756784,76.89997010734649,Бостандык,0.269,-0.038,31.2,13215.0,0.579,0.592,161.0,0.43,1435.0,Транспорт,4.146,-0.002,5.765,0,6.0,3.8333333333333335,5.0,2.48,0.3333333333333333,5.0,1.0,0.6666666666666666
H00533,43.196756756756784,76.90746823905565,Бостандык,0.265,-0.03,29.1,12669.0,0.585,0.593,202.0,0.31,1488.0,Пустырь,3.252,0.422,7.009,1,28.0,3.7142857142857144,5.0,14.908,0.6071428571428571,26.0,0.8214285714285714,0.6428571428571429
H00534,43.196756756756784,76.9149663707648,Бостандык,0.344,-0.048,28.8,11593.0,0.582,0.588,184.0,0.421,1472.0,Транспорт,3.405,0.181,6.49,0,20.0,3.65,5.0,8.556000000000001,0.7,18.0,0.75,0.5
H00535,43.196756756756784,76.92246450247396,Бостандык,0.257,-0.023,30.7,10014.0,0.57,0.577,143.0,0.453,1508.0,Жилая,3.828,-0.391,5.893,0,7.0,4.285714285714286,5.0,4.202,0.7142857142857143,7.0,1.0,0.5714285714285714
H00536,43.196756756756784,76.92996263418311,Бостандык,0.257,-0.019,29.9,11059.0,0.549,0.561,172.0,0.47,1499.0,Транспорт,3.479,-0.623,6.102,0,14.0,3.7142857142857144,5.0,7.926,0.5714285714285714,14.0,0.7142857142857143,0.42857142857142855
H00537,43.196756756756784,76.93746076589227,Бостандык,0.314,-0.026,29.1,9650.0,0.521,0.54,228.0,0.366,1537.0,Парк/сквер,2.535,0.968,7.715,1,55.0,4.163636363636364,5.0,27.118000000000002,0.509090909090909,49.0,0.8909090909090909,0.6545454545454545
H00538,43.196756756756784,76.94495889760142,Бостандык,0.318,-0.004,26.8,10711.0,0.486,0.516,151.0,0.4,1509.0,Парк/сквер,1.879,-1.582,4.491,0,12.0,3.5,5.0,5.616,0.6666666666666666,10.0,0.75,0.5
H00539,43.196756756756784,76.95245702931058,Бостандык,0.298,-0.038,29.8,9696.0,0.447,0.488,222.0,0.328,1538.0,Жилая,2.75,-0.769,6.315,0,9.0,4.444444444444445,5.0,4.188,0.7777777777777778,9.0,0.8888888888888888,0.4444444444444444
H00540,43.196756756756784,76.95995516101974,Медеу,0.392,-0.03,30.0,8357.0,0.405,0.459,226.0,0.399,1568.0,Жилая,1.82,-0.182,6.48,0,7.0,4.285714285714286,5.0,3.693,0.5714285714285714,7.0,0.8571428571428571,0.2857142857142857
H00541,43.196756756756784,76.96745329272889,Медеу,0.334,-0.015,23.8,8777.0,0.361,0.43,223.0,0.275,1564.0,Пустырь,0.66,1.105,5.191,0,64.0,3.40625,5.0,32.828,0.578125,60.0,0.859375,0.640625
H00542,43.196756756756784,76.97495142443805,Медеу,0.391,-0.012,27.4,6752.0,0.318,0.4,211.0,0.337,1587.0,Пустырь,0.609,-0.789,5.478,0,8.0,2.625,4.0,3.696,0.375,8.0,0.875,0.625
H00543,43.196756756756784,76.9824495561472,Медеу,0.445,-0.008,25.3,7505.0,0.277,0.372,222.0,0.254,1548.0,Коммерческая,-0.567,-0.261,4.663,0,1.0,1.0,1.0,0.231,1.0,1.0,1.0,0.0
H00544,43.196756756756784,76.98994768785636,Медеу,0.492,0.005,24.2,4979.0,0.238,0.345,273.0,0.235,1579.0,Парк/сквер,-1.836,0.42,3.387,0,25.0,2.76,5.0,11.715,0.52,24.0,0.84,0.6
H00545,43.196756756756784,76.99744581956551,Медеу,0.551,-0.012,21.5,6513.0,0.203,0.32,281.0,0.126,1590.0,Жилая,-2.585,-1.787,2.564,0,1.0,2.0,2.0,0.916,1.0,1.0,1.0,0.0
H00546,43.196756756756784,77.00494395127467,Медеу,0.375,-0.013,24.1,6307.0,0.172,0.298,313.0,0.138,1592.0,Жилая,-1.06,0.217,4.788,0,12.0,2.8333333333333335,5.0,5.948,0.6666666666666666,12.0,0.8333333333333334,0.6666666666666666
H00547,43.196756756756784,77.01244208298382,Медеу,0.507,0.007,23.4,5887.0,0.144,0.278,323.0,0.144,1616.0,Парк/сквер,-2.863,-0.016,3.378,0,1.0,1.0,1.0,0.667,0.0,1.0,1.0,0.0
H00548,43.196756756756784,77.01994021469298,Медеу,0.507,0.008,23.8,6764.0,0.121,0.26,253.0,0.02,1645.0,Пустырь,-2.922,1.31,5.026,0,49.0,3.204081632653061,5.0,24.684,0.5102040816326531,42.0,0.7755102040816326,0.5510204081632653
H00549,43.196756756756784,77.02743834640214,Медеу,0.485,-0.014,23.1,4066.0,0.102,0.246,331.0,0.02,1605.0,Парк/сквер,-2.63,-1.049,4.099,0,4.0,3.75,5.0,2.0949999999999998,0.5,4.0,0.75,0.75
H00550,43.196756756756784,77.03493647811129,Медеу,0.454,0.012,22.1,4410.0,0.086,0.233,387.0,0.051,1592.0,Транспорт,-3.454,-0.208,3.693,0,4.0,3.75,5.0,3.107,0.5,4.0,0.75,0.75
H00551,43.196756756756784,77.04243460982045,Медеу,0.525,-0.007,21.2,3887.0,0.074,0.223,339.0,0.032,1629.0,Парк/сквер,-3.493,0.739,3.169,0,20.0,2.7,5.0,10.728,0.6,20.0,0.85,0.7
H00552,43.196756756756784,77.0499327415296,Медеу,0.507,-0.017,22.7,4158.0,0.064,0.215,338.0,0.057,1646.0,Парк/сквер,-2.84,-1.73,2.899,0,1.0,2.0,2.0,0.42,1.0,1.0,1.0,1.0
H00553,43.196756756756784,77.05743087323876,Медеу,0.611,0.006,20.7,3982.0,0.057,0.209,389.0,0.02,1675.0,Коммерческая,-4.886,-1.291,1.623,0,1.0,2.0,2.0,0.602,0.0,1.0,1.0,1.0
H00554,43.196756756756784,77.06492900494791,Медеу,0.581,-0.018,22.5,3866.0,0.052,0.205,374.0,0.02,1663.0,Парк/сквер,-3.704,0.677,3.017,0,19.0,2.5789473684210527,5.0,10.121,0.8947368421052632,17.0,0.9473684210526315,0.6842105263157895
H00555,43.196756756756784,77.07242713665707,Медеу,0.56,-0.001,18.6,2473.0,0.048,0.202,327.0,0.028,1638.0,Парк/сквер,-4.304,-1.43,0.338,0,1.0,1.0,1.0,0.15,0.0,1.0,1.0,0.0
H00556,43.196756756756784,77.07992526836622,Медеу,0.532,0.01,23.1,3152.0,0.045,0.201,316.0,0.02,1681.0,Парк/сквер,-3.81,0.833,2.442,0,24.0,2.625,5.0,11.664,0.5833333333333334,23.0,0.875,0.7916666666666666
H00557,43.196756756756784,77.08742340007538,Медеу,0.544,0.009,19.3,3175.0,0.043,0.201,267.0,0.02,1700.0,Транспорт,-4.162,-0.214,2.77,0,2.0,1.0,1.0,1.2189999999999999,0.5,2.0,0.5,0.5
H00558,43.196756756756784,77.09492153178454,Медеу,0.495,0.011,20.6,2732.0,0.042,0.202,365.0,0.02,1670.0,Коммерческая,-4.075,-0.436,2.691,0,0.0,0.0,0.0,0.0,0.0,0.0,0.0,0.0
H00559,43.201486486486516,76.78374906585458,Алмалы,0.363,-0.019,23.8,5279.0,0.082,0.275,311.0,0.082,1317.0,Коммерческая,-1.292,-2.126,2.848,0,4.0,2.5,3.0,1.88,0.5,4.0,1.0,0.75
H00560,43.201486486486516,76.79124719756373,Алмалы,0.406,0.02,24.5,3750.0,0.098,0.286,350.0,0.12,1322.0,Транспорт,-2.637,-0.209,3.681,0,2.0,4.0,4.0,0.473,0.0,2.0,1.0,1.0
H00561,43.201486486486516,76.79874532927289,Алмалы,0.394,-0.013,24.2,5648.0,0.118,0.3,332.0,0.166,1362.0,Парк/сквер,-1.411,-0.677,3.866,0,1.0,1.0,1.0,0.573,1.0,1.0,1.0,0.0
H00562,43.201486486486516,76.80624346098205,Алмалы,0.421,-0.014,23.5,5717.0,0.143,0.317,305.0,0.107,1361.0,Жилая,-1.606,-2.048,3.513,0,2.0,2.5,4.0,1.213,0.5,2.0,1.0,1.0
H00563,43.201486486486516,76.8137415926912,Алмалы,0.363,-0.008,25.7,5476.0,0.174,0.338,267.0,0.125,1368.0,Жилая,-0.738,-1.123,2.454,0,1.0,4.0,4.0,0.309,0.0,1.0,1.0,1.0
H00564,43.201486486486516,76.82123972440036,Алмалы,0.378,0.001,25.8,5454.0,0.209,0.362,243.0,0.158,1361.0,Парк/сквер,-0.795,-0.2,5.362,0,4.0,3.75,5.0,2.509,0.75,4.0,1.0,0.75
H00565,43.201486486486516,76.82873785610951,Алмалы,0.349,0.005,26.2,7723.0,0.249,0.389,276.0,0.226,1352.0,Пустырь,-0.447,-1.049,4.734,0,4.0,3.25,4.0,2.715,0.5,4.0,0.75,1.0
H00566,43.201486486486516,76.83623598781867,Алмалы,0.418,-0.031,26.6,8841.0,0.294,0.419,246.0,0.327,1385.0,Парк/сквер,0.581,-1.112,5.517,0,3.0,3.3333333333333335,4.0,1.037,0.6666666666666666,3.0,0.6666666666666666,1.0
H00567,43.201486486486516,76.84373411952782,Алмалы,0.351,-0.049,27.4,9916.0,0.341,0.45,262.0,0.254,1395.0,Парк/сквер,1.644,-1.195,5.547,0,4.0,4.5,5.0,1.903,0.25,4.0,1.0,0.75
H00568,43.201486486486516,76.85123225123698,Алмалы,0.334,-0.03,27.1,7886.0,0.39,0.482,224.0,0.3,1425.0,Жилая,1.642,-0.543,6.327,0,8.0,4.125,5.0,3.945,0.625,8.0,0.875,0.875
H00569,43.201486486486516,76.85873038294613,Алмалы,0.365,-0.043,28.2,9348.0,0.438,0.514,239.0,0.314,1429.0,Транспорт,2.033,-1.166,5.95,0,8.0,3.5,5.0,4.657,0.75,8.0,1.0,0.625
H00570,43.201486486486516,76.86622851465529,Алмалы,0.271,-0.027,29.3,11450.0,0.485,0.544,293.0,0.402,1417.0,Жилая,2.639,0.076,6.906,1,8.0,4.0,5.0,4.332,0.125,8.0,0.875,0.625
H00571,43.201486486486516,76.87372664636445,Алмалы,0.277,-0.035,31.4,11496.0,0.529,0.571,161.0,0.422,1445.0,Жилая,3.824,-0.672,6.865,1,9.0,4.444444444444445,5.0,4.93,0.8888888888888888,9.0,0.7777777777777778,0.6666666666666666
H00572,43.201486486486516,76.8812247780736,Бостандык,0.231,-0.054,31.4,12868.0,0.567,0.595,181.0,0.503,1412.0,Транспорт,4.95,0.626,7.11,1,59.0,4.101694915254237,5.0,32.491,0.6949152542372882,55.0,0.7627118644067796,0.6440677966101694
H00573,43.201486486486516,76.88872290978276,Бостандык,0.252,-0.025,34.0,12379.0,0.598,0.613,223.0,0.546,1434.0,Жилая,4.356,-0.451,8.506,1,12.0,4.583333333333333,5.0,6.665,0.6666666666666666,12.0,0.8333333333333334,0.75
H00574,43.201486486486516,76.89622104149191,Бостандык,0.283,-0.052,33.0,12936.0,0.62,0.626,164.0,0.609,1471.0,Жилая,5.193,-0.534,7.792,1,17.0,3.8823529411764706,5.0,9.413,0.7058823529411765,17.0,0.8235294117647058,0.6470588235294118
H00575,43.201486486486516,76.90371917320107,Бостандык,0.235,-0.022,31.8,12864.0,0.633,0.631,149.0,0.515,1483.0,Транспорт,4.465,1.538,8.855,1,118.0,4.491525423728813,5.0,62.542,0.6186440677966102,100.0,0.864406779661017,0.6694915254237288
H00576,43.201486486486516,76.91121730491022,Бостандык,0.264,-0.034,29.0,12449.0,0.636,0.631,134.0,0.522,1462.0,Жилая,4.316,-0.915,7.081,1,14.0,3.7857142857142856,5.0,7.277,0.6428571428571429,14.0,0.6428571428571429,0.42857142857142855
H00577,43.201486486486516,76.91871543661938,Бостандык,0.269,-0.05,30.5,11814.0,0.629,0.623,187.0,0.438,1445.0,Коммерческая,4.46,-0.417,7.315,1,11.0,4.545454545454546,5.0,6.237,0.6363636363636364,11.0,1.0,0.2727272727272727
H00578,43.201486486486516,76.92621356832854,Бостандык,0.303,-0.038,30.3,10873.0,0.612,0.609,150.0,0.523,1531.0,Парк/сквер,4.139,0.251,7.105,1,29.0,4.0344827586206895,5.0,14.238,0.7241379310344828,27.0,0.6896551724137931,0.6551724137931034
H00579,43.201486486486516,76.93371170003769,Бостандык,0.247,-0.008,29.3,9503.0,0.585,0.59,238.0,0.484,1502.0,Жилая,3.056,-1.217,5.39,0,16.0,3.5,5.0,8.352,0.75,16.0,0.875,0.375
H00580,43.201486486486516,76.94120983174685,Бостандык,0.319,-0.004,31.1,10761.0,0.552,0.566,234.0,0.493,1463.0,Транспорт,2.546,0.758,7.335,1,47.0,3.8297872340425534,5.0,22.339,0.6382978723404256,38.0,0.9148936170212766,0.6382978723404256
H00581,43.201486486486516,76.948707963456,Бостандык,0.378,0.001,29.1,10190.0,0.512,0.538,105.0,0.422,1492.0,Жилая,1.903,-0.51,5.554,0,9.0,3.4444444444444446,5.0,4.183,0.3333333333333333,9.0,0.8888888888888888,0.5555555555555556
H00582,43.201486486486516,76.95620609516516,Медеу,0.323,-0.047,29.6,10558.0,0.468,0.507,197.0,0.403,1545.0,Транспорт,3.156,0.228,7.019,1,22.0,4.045454545454546,5.0,13.001,0.5909090909090909,22.0,0.7727272727272727,0.7727272727272727
H00583,43.201486486486516,76.96370422687431,Медеу,0.353,-0.021,29.5,9608.0,0.421,0.475,218.0,0.336,1530.0,Жилая,1.774,-0.143,5.998,0,13.0,4.0,5.0,6.638,0.6923076923076923,13.0,0.7692307692307693,0.8461538461538461
H00584,43.201486486486516,76.97120235858347,Медеу,0.282,-0.017,26.6,8434.0,0.373,0.442,210.0,0.232,1557.0,Парк/сквер,1.464,-1.165,4.37,0,12.0,2.6666666666666665,5.0,6.7700000000000005,0.5,12.0,0.8333333333333334,0.6666666666666666
H00585,43.201486486486516,76.97870049029262,Медеу,0.356,-0.005,26.8,7818.0,0.327,0.41,239.0,0.235,1546.0,Жилая,0.289,-1.275,4.283,0,2.0,4.0,4.0,1.242,0.5,2.0,1.0,0.5
H00586,43.201486486486516,76.98619862200178,Медеу,0.397,-0.007,25.6,8070.0,0.283,0.379,286.0,0.182,1550.0,Транспорт,-0.601,-0.739,4.537,0,4.0,4.75,5.0,1.724,1.0,4.0,1.0,0.5
H00587,43.201486486486516,76.99369675371094,Медеу,0.403,0.01,27.5,7043.0,0.242,0.35,209.0,0.238,1566.0,Коммерческая,-0.582,-0.64,4.565,0,3.0,2.0,3.0,0.877,0.6666666666666666,3.0,0.6666666666666666,0.6666666666666666
H00588,43.201486486486516,77.00119488542009,Медеу,0.472,0.015,23.5,6824.0,0.205,0.324,293.0,0.068,1570.0,Парк/сквер,-2.654,-0.549,2.598,0,2.0,3.0,4.0,1.4689999999999999,1.0,2.0,1.0,0.5
H00589,43.201486486486516,77.00869301712925,Медеу,0.471,0.012,23.3,7119.0,0.172,0.3,274.0,0.047,1610.0,Парк/сквер,-2.658,-1.223,2.766,0,2.0,1.5,2.0,0.8220000000000001,1.0,2.0,1.0,0.5
H00590,43.201486486486516,77.0161911488384,Медеу,0.492,0.004,25.1,6280.0,0.144,0.28,297.0,0.11,1618.0,Жилая,-2.434,-0.057,3.152,0,1.0,1.0,1.0,0.734,1.0,1.0,1.0,1.0
H00591,43.201486486486516,77.02368928054756,Медеу,0.496,-0.039,22.8,6043.0,0.12,0.262,356.0,0.048,1575.0,Парк/сквер,-2.017,0.528,4.55,0,17.0,3.0,5.0,7.014,0.47058823529411764,16.0,0.8235294117647058,0.7058823529411765
H00592,43.201486486486516,77.03118741225671,Медеу,0.443,0.005,21.7,4064.0,0.101,0.247,335.0,0.026,1628.0,Парк/сквер,-3.001,-1.443,2.751,0,0.0,0.0,0.0,0.0,0.0,0.0,0.0,0.0
H00593,43.201486486486516,77.03868554396587,Медеу,0.476,0.004,21.8,3875.0,0.085,0.235,250.0,0.071,1585.0,Жилая,-2.832,-0.013,3.896,0,6.0,3.6666666666666665,5.0,3.262,0.6666666666666666,6.0,0.8333333333333334,0.5
H00594,43.201486486486516,77.04618367567502,Медеу,0.587,-0.01,22.2,4153.0,0.073,0.225,284.0,0.02,1593.0,Жилая,-3.56,-1.782,1.571,0,2.0,1.0,1.0,0.603,0.5,2.0,0.0,0.5
H00595,43.201486486486516,77.05368180738418,Медеу,0.554,0.011,22.7,4236.0,0.063,0.217,256.0,0.062,1640.0,Жилая,-3.642,-0.111,2.769,0,3.0,2.0,3.0,1.6640000000000001,0.6666666666666666,3.0,0.6666666666666666,0.6666666666666666
H00596,43.201486486486516,77.06117993909334,Медеу,0.524,0.015,21.8,3870.0,0.056,0.212,365.0,0.07,1621.0,Парк/сквер,-4.082,-0.344,1.357,0,0.0,0.0,0.0,0.0,0.0,0.0,0.0,0.0
H00597,43.201486486486516,77.06867807080249,Медеу,0.532,0.01,21.8,3876.0,0.051,0.208,356.0,0.041,1623.0,Парк/сквер,-4.066,0.71,1.923,0,26.0,2.423076923076923,5.0,14.138,0.5,25.0,0.8846153846153846,0.5384615384615384
H00598,43.201486486486516,77.07617620251165,Медеу,0.531,0.021,20.2,1981.0,0.048,0.206,353.0,0.02,1630.0,Парк/сквер,-4.612,-0.988,1.787,0,2.0,2.0,3.0,0.8350000000000001,0.5,2.0,1.0,0.0
H00599,43.201486486486516,77.0836743342208,Медеу,0.58,0.006,22.5,2989.0,0.045,0.205,328.0,0.02,1659.0,Парк/сквер,-4.202,-0.596,2.848,0,1.0,2.0,2.0,0.758,1.0,1.0,0.0,1.0
H00600,43.201486486486516,77.09117246592996,Медеу,0.583,-0.005,21.5,1897.0,0.043,0.205,306.0,0.02,1672.0,Парк/сквер,-3.937,-0.13,3.0,0,2.0,2.5,3.0,1.096,0.5,2.0,1.0,0.5
H00601,43.201486486486516,77.09867059763911,Медеу,0.536,-0.006,18.2,2430.0,0.042,0.206,333.0,0.06,1693.0,Транспорт,-3.999,-1.13,2.612,0,3.0,2.0,2.0,1.475,1.0,3.0,1.0,1.0
H00602,43.20621621621625,76.78,Алмалы,0.376,0.007,24.5,3397.0,0.079,0.273,217.0,0.024,1271.0,Промышленная,-1.772,-0.764,3.581,0,2.0,1.5,2.0,1.017,1.0,2.0,1.0,0.0
H00603,43.20621621621625,76.78749813170916,Алмалы,0.342,-0.02,22.3,4791.0,0.094,0.284,282.0,0.094,1315.0,Жилая,-1.085,0.507,4.384,0,25.0,3.32,5.0,13.4,0.64,24.0,0.92,0.68
H00604,43.20621621621625,76.79499626341831,Алмалы,0.397,-0.002,24.0,5850.0,0.113,0.297,309.0,0.067,1329.0,Пустырь,-1.908,0.889,5.441,0,28.0,2.892857142857143,5.0,12.362,0.6071428571428571,25.0,0.8571428571428571,0.6428571428571429
H00605,43.20621621621625,76.80249439512747,Алмалы,0.346,0.004,24.6,5740.0,0.137,0.313,293.0,0.119,1305.0,Жилая,-1.317,0.156,3.74,0,4.0,3.75,5.0,1.8940000000000001,0.75,4.0,1.0,0.75
H00606,43.20621621621625,76.80999252683662,Алмалы,0.357,-0.003,24.4,4907.0,0.167,0.333,248.0,0.159,1366.0,Жилая,-0.865,-0.169,4.502,0,1.0,4.0,4.0,0.664,0.0,1.0,0.0,1.0
H00607,43.20621621621625,76.81749065854578,Алмалы,0.292,-0.008,26.1,6769.0,0.202,0.357,263.0,0.242,1352.0,Парк/сквер,0.249,-0.914,4.459,0,3.0,1.3333333333333333,2.0,1.551,0.6666666666666666,3.0,0.3333333333333333,0.6666666666666666
H00608,43.20621621621625,76.82498879025493,Алмалы,0.306,-0.011,25.7,7389.0,0.242,0.385,261.0,0.168,1344.0,Коммерческая,0.175,0.308,5.755,0,17.0,3.6470588235294117,5.0,8.612,0.7647058823529411,17.0,0.7647058823529411,0.7058823529411765
H00609,43.20621621621625,76.83248692196409,Алмалы,0.355,-0.036,25.7,9322.0,0.287,0.415,262.0,0.18,1359.0,Парк/сквер,0.659,0.198,5.971,0,11.0,3.1818181818181817,5.0,6.782,0.8181818181818182,11.0,0.8181818181818182,0.5454545454545454
H00610,43.20621621621625,76.83998505367325,Алмалы,0.32,-0.014,25.7,9418.0,0.336,0.448,262.0,0.306,1360.0,Пустырь,0.797,1.906,6.501,1,82.0,4.121951219512195,5.0,43.191,0.5975609756097561,78.0,0.8536585365853658,0.6951219512195121
H00611,43.20621621621625,76.8474831853824,Алмалы,0.329,0.007,28.2,9776.0,0.387,0.483,224.0,0.321,1334.0,Жилая,0.845,0.214,5.441,0,14.0,3.7857142857142856,5.0,7.479,0.8571428571428571,13.0,0.9285714285714286,0.5
H00612,43.20621621621625,76.85498131709156,Алмалы,0.369,-0.007,28.6,11323.0,0.44,0.518,102.0,0.378,1393.0,Коммерческая,1.796,0.997,6.38,0,56.0,3.6964285714285716,5.0,28.64,0.5178571428571429,50.0,0.875,0.625
H00613,43.20621621621625,76.86247944880071,Алмалы,0.225,-0.032,29.0,10987.0,0.492,0.552,244.0,0.378,1384.0,Транспорт,3.25,-1.901,5.645,0,6.0,3.8333333333333335,5.0,3.2279999999999998,0.6666666666666666,6.0,0.6666666666666666,0.5
H00614,43.20621621621625,76.86997758050987,Алмалы,0.283,-0.023,29.2,13016.0,0.541,0.584,206.0,0.41,1418.0,Жилая,2.986,-0.68,6.084,0,5.0,2.8,4.0,2.091,0.6,5.0,0.6,0.4
H00615,43.20621621621625,76.87747571221902,Бостандык,0.237,-0.056,30.0,11331.0,0.586,0.612,135.0,0.481,1432.0,Жилая,4.988,-0.286,7.769,1,12.0,4.916666666666667,5.0,6.812,0.5833333333333334,12.0,0.8333333333333334,0.6666666666666666
H00616,43.20621621621625,76.88497384392818,Бостандык,0.151,-0.041,33.7,12319.0,0.624,0.636,115.0,0.506,1407.0,Транспорт,5.982,-1.815,7.309,1,12.0,4.75,5.0,5.774,0.5833333333333334,11.0,0.9166666666666666,0.5833333333333334
H00617,43.20621621621625,76.89247197563733,Бостандык,0.247,-0.048,33.3,13394.0,0.655,0.654,214.0,0.488,1424.0,Жилая,5.041,0.314,7.66,1,34.0,4.176470588235294,5.0,19.774,0.5882352941176471,32.0,0.8235294117647058,0.5588235294117647
H00618,43.20621621621625,76.89997010734649,Бостандык,0.185,-0.038,33.1,12149.0,0.675,0.666,91.0,0.551,1408.0,Транспорт,5.967,-0.593,8.211,1,9.0,4.555555555555555,5.0,5.732,0.3333333333333333,8.0,0.8888888888888888,0.7777777777777778
H00619,43.20621621621625,76.90746823905565,Бостандык,0.203,-0.049,33.6,13029.0,0.685,0.67,171.0,0.564,1456.0,Жилая,5.933,-0.319,7.703,1,16.0,4.375,5.0,8.192,0.5625,14.0,0.8125,0.625
H00620,43.20621621621625,76.9149663707648,Бостандык,0.182,-0.031,31.8,13829.0,0.684,0.667,130.0,0.53,1418.0,Промышленная,5.448,-0.093,6.916,1,13.0,3.923076923076923,5.0,7.433,0.6923076923076923,12.0,0.6923076923076923,0.6923076923076923
H00621,43.20621621621625,76.92246450247396,Бостандык,0.267,-0.093,32.2,12961.0,0.672,0.656,145.0,0.506,1456.0,Транспорт,6.371,-0.604,7.798,1,12.0,4.583333333333333,5.0,6.683,0.75,10.0,0.9166666666666666,0.5
H00622,43.20621621621625,76.92996263418311,Бостандык,0.239,-0.042,31.7,12337.0,0.649,0.639,113.0,0.551,1475.0,Жилая,5.277,-0.558,7.371,1,10.0,3.9,5.0,4.696,0.8,10.0,0.9,0.5
H00623,43.20621621621625,76.93746076589227,Бостандык,0.26,-0.039,31.1,11229.0,0.617,0.616,126.0,0.43,1475.0,Жилая,4.499,0.65,8.359,1,48.0,4.541666666666667,5.0,25.996,0.6458333333333334,41.0,0.875,0.6041666666666666
H00624,43.20621621621625,76.94495889760142,Бостандык,0.325,-0.01,29.2,10951.0,0.578,0.588,89.0,0.411,1499.0,Жилая,2.922,0.005,7.265,1,8.0,4.0,5.0,4.399,0.625,8.0,0.875,0.625
H00625,43.20621621621625,76.95245702931058,Бостандык,0.208,-0.031,31.9,9829.0,0.533,0.556,200.0,0.411,1503.0,Транспорт,4.125,-1.903,6.537,1,14.0,3.642857142857143,5.0,6.481,0.5,14.0,0.7142857142857143,0.7857142857142857
H00626,43.20621621621625,76.95995516101974,Медеу,0.255,-0.024,29.6,8749.0,0.483,0.522,111.0,0.383,1528.0,Жилая,3.425,0.26,7.457,1,28.0,4.285714285714286,5.0,14.811,0.6071428571428571,25.0,0.8571428571428571,0.6428571428571429
H00627,43.20621621621625,76.96745329272889,Медеу,0.301,-0.03,29.6,8910.0,0.432,0.486,217.0,0.354,1522.0,Транспорт,2.514,-1.329,5.259,0,4.0,2.5,3.0,1.154,0.5,4.0,0.75,0.75
H00628,43.20621621621625,76.97495142443805,Медеу,0.355,-0.013,26.3,7678.0,0.381,0.451,212.0,0.344,1517.0,Транспорт,1.019,-0.5,5.362,0,1.0,3.0,3.0,0.886,0.0,1.0,1.0,1.0
H00629,43.20621621621625,76.9824495561472,Медеу,0.352,-0.012,27.4,7230.0,0.331,0.416,243.0,0.27,1512.0,Парк/сквер,0.675,-1.221,4.361,0,3.0,2.6666666666666665,4.0,1.763,1.0,3.0,0.6666666666666666,1.0
H00630,43.20621621621625,76.98994768785636,Медеу,0.436,-0.011,25.4,7003.0,0.285,0.384,300.0,0.26,1529.0,Парк/сквер,-0.688,-0.419,2.958,0,0.0,0.0,0.0,0.0,0.0,0.0,0.0,0.0
H00631,43.20621621621625,76.99744581956551,Медеу,0.376,0.012,24.0,7543.0,0.242,0.353,303.0,0.213,1540.0,Промышленная,-1.302,0.023,3.149,0,2.0,3.5,4.0,1.023,1.0,2.0,1.0,0.0
H00632,43.20621621621625,77.00494395127467,Медеу,0.381,-0.033,24.8,7718.0,0.204,0.326,339.0,0.188,1572.0,Парк/сквер,-0.344,-0.192,4.555,0,1.0,3.0,3.0,0.541,1.0,1.0,1.0,1.0
H00633,43.20621621621625,77.01244208298382,Медеу,0.424,0.005,22.5,6408.0,0.17,0.302,265.0,0.14,1576.0,Парк/сквер,-1.962,-0.914,2.734,0,0.0,0.0,0.0,0.0,0.0,0.0,0.0,0.0
H00634,43.20621621621625,77.01994021469298,Медеу,0.486,0.002,23.4,6965.0,0.142,0.281,264.0,0.081,1556.0,Коммерческая,-2.477,-0.235,3.792,0,0.0,0.0,0.0,0.0,0.0,0.0,0.0,0.0
H00635,43.20621621621625,77.02743834640214,Медеу,0.53,-0.0,20.3,6013.0,0.118,0.263,256.0,0.055,1572.0,Парк/сквер,-3.259,-0.109,3.009,0,0.0,0.0,0.0,0.0,0.0,0.0,0.0,0.0
H00636,43.20621621621625,77.03493647811129,Медеу,0.52,-0.006,21.2,4246.0,0.099,0.248,256.0,0.07,1593.0,Жилая,-2.944,-0.292,2.224,0,3.0,2.3333333333333335,3.0,1.357,0.6666666666666666,3.0,0.6666666666666666,0.6666666666666666
H00637,43.20621621621625,77.04243460982045,Медеу,0.442,0.033,23.6,5255.0,0.083,0.236,328.0,0.136,1577.0,Жилая,-3.317,-0.316,3.012,0,1.0,1.0,1.0,0.962,1.0,1.0,1.0,0.0
H00638,43.20621621621625,77.0499327415296,Медеу,0.466,0.006,19.7,4033.0,0.071,0.227,290.0,0.02,1583.0,Коммерческая,-3.416,-0.43,3.748,0,2.0,3.5,4.0,0.53,1.0,2.0,1.0,1.0
H00639,43.20621621621625,77.05743087323876,Медеу,0.5,0.0,23.1,4765.0,0.062,0.219,314.0,0.032,1633.0,Парк/сквер,-3.172,-0.012,2.43,0,0.0,0.0,0.0,0.0,0.0,0.0,0.0,0.0
H00640,43.20621621621625,77.06492900494791,Медеу,0.543,0.023,21.0,4001.0,0.056,0.214,351.0,0.077,1623.0,Транспорт,-4.489,-0.243,3.211,0,1.0,3.0,3.0,0.39,0.0,1.0,0.0,1.0
H00641,43.20621621621625,77.07242713665707,Медеу,0.474,-0.005,21.0,3621.0,0.051,0.211,272.0,0.026,1601.0,Жилая,-2.99,-0.584,2.629,0,1.0,1.0,1.0,0.33,1.0,1.0,0.0,0.0
H00642,43.20621621621625,77.07992526836622,Медеу,0.522,0.019,22.0,854.0,0.047,0.209,294.0,0.02,1623.0,Транспорт,-4.015,0.407,3.53,0,9.0,3.7777777777777777,5.0,3.16,0.4444444444444444,9.0,0.6666666666666666,0.6666666666666666
H00643,43.20621621621625,77.08742340007538,Медеу,0.647,0.01,18.5,3164.0,0.045,0.209,300.0,0.02,1654.0,Промышленная,-5.225,-0.692,1.091,0,0.0,0.0,0.0,0.0,0.0,0.0,0.0,0.0
H00644,43.20621621621625,77.09492153178454,Медеу,0.517,0.006,23.1,2967.0,0.043,0.209,335.0,0.051,1673.0,Транспорт,-3.598,-1.607,1.742,0,2.0,1.5,2.0,0.8900000000000001,0.0,2.0,0.5,1.0
H00645,43.21094594594598,76.78374906585458,Алмалы,0.387,0.021,23.4,4830.0,0.09,0.281,283.0,0.02,1273.0,Промышленная,-2.627,0.474,3.253,0,14.0,3.2857142857142856,5.0,6.441,0.5714285714285714,14.0,1.0,0.6428571428571429
H00646,43.21094594594598,76.79124719756373,Алмалы,0.389,-0.032,25.2,4495.0,0.108,0.293,313.0,0.128,1317.0,Транспорт,-0.771,-0.95,3.645,0,2.0,3.5,4.0,1.258,1.0,2.0,1.0,0.5
H00647,43.21094594594598,76.79874532927289,Алмалы,0.318,-0.032,22.8,5963.0,0.131,0.309,252.0,0.173,1305.0,Парк/сквер,-0.063,0.375,5.233,0,19.0,2.9473684210526314,5.0,10.44,0.5789473684210527,19.0,0.9473684210526315,0.47368421052631576
H00648,43.21094594594598,76.80624346098205,Алмалы,0.314,-0.02,23.1,5847.0,0.159,0.329,307.0,0.165,1323.0,Парк/сквер,-0.49,-1.477,3.73,0,1.0,4.0,4.0,0.523,1.0,1.0,1.0,1.0
H00649,43.21094594594598,76.8137415926912,Алмалы,0.416,0.02,23.8,7030.0,0.193,0.352,203.0,0.145,1318.0,Пустырь,-1.799,-0.334,3.847,0,2.0,3.0,4.0,1.907,0.5,2.0,1.0,0.0
H00650,43.21094594594598,76.82123972440036,Алмалы,0.269,0.006,27.7,7084.0,0.232,0.379,224.0,0.126,1327.0,Промышленная,0.253,0.954,5.589,0,32.0,3.53125,5.0,16.582,0.59375,29.0,0.875,0.75
H00651,43.21094594594598,76.82873785610951,Алмалы,0.377,0.001,25.8,8494.0,0.278,0.41,269.0,0.201,1344.0,Коммерческая,-0.551,-0.231,3.873,0,2.0,4.0,5.0,0.484,0.0,2.0,0.5,1.0
H00652,43.21094594594598,76.83623598781867,Алмалы,0.308,-0.004,26.3,9405.0,0.327,0.444,191.0,0.326,1369.0,Транспорт,0.995,0.098,5.358,0,7.0,3.5714285714285716,5.0,2.341,0.14285714285714285,7.0,1.0,0.42857142857142855
H00653,43.21094594594598,76.84373411952782,Алмалы,0.308,-0.027,27.2,9988.0,0.381,0.48,200.0,0.294,1333.0,Парк/сквер,1.829,0.153,5.571,0,9.0,3.5555555555555554,5.0,4.625,0.6666666666666666,9.0,0.7777777777777778,0.5555555555555556
H00654,43.21094594594598,76.85123225123698,Алмалы,0.315,-0.063,28.3,11676.0,0.436,0.517,197.0,0.346,1375.0,Транспорт,3.234,0.967,8.196,1,60.0,4.283333333333333,5.0,31.183,0.7833333333333333,54.0,0.9,0.7833333333333333
H00655,43.21094594594598,76.85873038294613,Алмалы,0.279,-0.04,30.2,11116.0,0.492,0.555,190.0,0.303,1395.0,Коммерческая,3.251,0.15,6.208,0,20.0,3.75,5.0,10.626,0.35,20.0,0.85,0.9
H00656,43.21094594594598,76.86622851465529,Алмалы,0.238,-0.043,32.4,10919.0,0.547,0.591,130.0,0.436,1377.0,Коммерческая,4.697,0.986,8.184,1,54.0,4.2592592592592595,5.0,25.881,0.5185185185185185,49.0,0.8148148148148148,0.7222222222222222
H00657,43.21094594594598,76.87372664636445,Алмалы,0.255,-0.042,30.7,14542.0,0.598,0.624,165.0,0.502,1377.0,Жилая,4.534,-1.102,6.527,1,14.0,4.142857142857143,5.0,8.482,0.5714285714285714,14.0,0.9285714285714286,0.9285714285714286
H00658,43.21094594594598,76.8812247780736,Бостандык,0.223,-0.013,32.3,12620.0,0.644,0.653,213.0,0.561,1410.0,Транспорт,4.274,-0.571,8.054,1,11.0,4.363636363636363,5.0,5.526,0.6363636363636364,11.0,1.0,0.5454545454545454
H00659,43.21094594594598,76.88872290978276,Бостандык,0.254,-0.028,32.2,13777.0,0.681,0.677,72.0,0.61,1410.0,Транспорт,5.248,0.278,7.53,1,39.0,4.487179487179487,5.0,19.871,0.48717948717948717,38.0,0.8461538461538461,0.5128205128205128
H00660,43.21094594594598,76.89622104149191,Бостандык,0.245,-0.036,35.2,13899.0,0.71,0.694,89.0,0.63,1437.0,Жилая,6.015,-1.326,7.092,1,23.0,3.5217391304347827,5.0,14.043,0.5652173913043478,23.0,0.8260869565217391,0.6086956521739131
H00661,43.21094594594598,76.90371917320107,Бостандык,0.239,-0.05,32.0,14621.0,0.727,0.704,136.0,0.605,1449.0,Жилая,5.864,-1.429,7.301,1,14.0,4.214285714285714,5.0,6.648000000000001,0.6428571428571429,14.0,1.0,0.6428571428571429
H00662,43.21094594594598,76.91121730491022,Бостандык,0.193,-0.03,32.8,13096.0,0.733,0.706,93.0,0.492,1426.0,Промышленная,5.684,-1.287,7.323,1,12.0,4.833333333333333,5.0,5.948,0.5833333333333334,12.0,0.75,0.6666666666666666
H00663,43.21094594594598,76.91871543661938,Бостандык,0.179,-0.05,31.9,13342.0,0.727,0.699,126.0,0.507,1429.0,Жилая,6.12,0.228,8.766,1,44.0,4.454545454545454,5.0,20.903,0.45454545454545453,38.0,0.9545454545454546,0.7272727272727273
H00664,43.21094594594598,76.92621356832854,Бостандык,0.129,-0.035,33.6,12889.0,0.709,0.685,86.0,0.591,1423.0,Коммерческая,6.609,0.091,8.767,1,20.0,4.7,5.0,10.366,0.6,20.0,0.75,0.75
H00665,43.21094594594598,76.93371170003769,Бостандык,0.237,-0.008,34.4,12716.0,0.681,0.664,195.0,0.537,1434.0,Транспорт,4.426,0.982,7.701,1,65.0,4.123076923076923,5.0,35.708,0.7230769230769231,57.0,0.9230769230769231,0.6923076923076923
H00666,43.21094594594598,76.94120983174685,Бостандык,0.231,-0.053,31.1,12539.0,0.643,0.637,132.0,0.518,1509.0,Коммерческая,5.385,0.994,7.94,1,73.0,4.219178082191781,5.0,38.437,0.6301369863013698,63.0,0.7671232876712328,0.5068493150684932
H00667,43.21094594594598,76.948707963456,Бостандык,0.296,-0.016,31.6,11738.0,0.598,0.605,196.0,0.453,1488.0,Жилая,3.35,0.729,6.858,1,55.0,4.218181818181818,5.0,28.423,0.5636363636363636,53.0,0.8909090909090909,0.6363636363636364
H00668,43.21094594594598,76.95620609516516,Медеу,0.32,-0.002,30.6,9941.0,0.547,0.57,123.0,0.319,1499.0,Жилая,2.439,-0.584,5.611,0,7.0,4.0,5.0,4.2,0.7142857142857143,7.0,1.0,0.42857142857142855
H00669,43.21094594594598,76.96370422687431,Медеу,0.292,-0.041,30.1,9454.0,0.493,0.532,153.0,0.484,1476.0,Жилая,3.766,-0.196,6.358,0,22.0,3.5454545454545454,5.0,9.999,0.5454545454545454,21.0,0.7272727272727273,0.6818181818181818
H00670,43.21094594594598,76.97120235858347,Медеу,0.287,-0.038,26.3,7685.0,0.438,0.494,162.0,0.38,1518.0,Коммерческая,2.751,0.541,6.256,0,33.0,3.9393939393939394,5.0,16.376,0.42424242424242425,30.0,0.7878787878787878,0.6363636363636364
H00671,43.21094594594598,76.97870049029262,Медеу,0.357,-0.019,27.9,8026.0,0.384,0.456,167.0,0.29,1485.0,Парк/сквер,1.463,-0.626,5.115,0,5.0,3.2,5.0,2.4610000000000003,0.4,5.0,0.8,0.8
H00672,43.21094594594598,76.98619862200178,Медеу,0.355,-0.043,28.6,9662.0,0.332,0.419,276.0,0.139,1508.0,Пустырь,1.224,1.514,6.835,1,65.0,4.046153846153846,5.0,39.096000000000004,0.7230769230769231,55.0,0.9076923076923077,0.6153846153846154
H00673,43.21094594594598,76.99369675371094,Медеу,0.435,0.006,25.8,7419.0,0.283,0.385,199.0,0.225,1513.0,Жилая,-0.77,-0.934,4.241,0,2.0,3.0,3.0,1.024,0.5,2.0,1.0,0.5
H00674,43.21094594594598,77.00119488542009,Медеу,0.386,0.007,25.5,5985.0,0.239,0.354,326.0,0.171,1563.0,Парк/сквер,-1.26,-0.582,3.545,0,3.0,3.0,4.0,0.8150000000000001,0.3333333333333333,3.0,1.0,1.0
H00675,43.21094594594598,77.00869301712925,Медеу,0.435,-0.005,23.3,7613.0,0.2,0.326,209.0,0.078,1558.0,Коммерческая,-1.461,-0.074,4.302,0,3.0,2.3333333333333335,4.0,1.5899999999999999,0.6666666666666666,3.0,0.6666666666666666,1.0
H00676,43.21094594594598,77.0161911488384,Медеу,0.424,-0.008,24.4,8116.0,0.167,0.302,257.0,0.226,1576.0,Жилая,-1.12,0.389,4.396,0,19.0,3.473684210526316,5.0,9.441,0.5789473684210527,18.0,0.9473684210526315,0.631578947368421
H00677,43.21094594594598,77.02368928054756,Медеу,0.472,-0.013,23.7,6673.0,0.138,0.28,270.0,0.093,1552.0,Парк/сквер,-1.913,0.401,4.065,0,21.0,2.6666666666666665,5.0,11.781,0.7142857142857143,21.0,0.8571428571428571,0.7142857142857143
H00678,43.21094594594598,77.03118741225671,Медеу,0.492,-0.009,22.1,5042.0,0.115,0.263,297.0,0.086,1592.0,Транспорт,-2.595,-0.745,3.049,0,1.0,4.0,4.0,0.556,1.0,1.0,1.0,1.0
H00679,43.21094594594598,77.03868554396587,Медеу,0.442,0.006,23.4,6036.0,0.096,0.248,338.0,0.02,1567.0,Жилая,-2.864,0.144,4.012,0,14.0,2.7857142857142856,5.0,7.806,0.6428571428571429,14.0,0.9285714285714286,0.5714285714285714
H00680,43.21094594594598,77.04618367567502,Медеу,0.498,0.004,23.3,6328.0,0.081,0.237,305.0,0.067,1579.0,Пустырь,-3.054,-0.911,1.987,0,2.0,2.5,3.0,1.2349999999999999,0.5,2.0,0.5,0.5
H00681,43.21094594594598,77.05368180738418,Медеу,0.493,0.022,20.3,3201.0,0.07,0.228,257.0,0.075,1591.0,Жилая,-3.735,-2.651,1.665,0,2.0,3.0,3.0,0.786,0.5,2.0,1.0,1.0
H00682,43.21094594594598,77.06117993909334,Медеу,0.464,-0.013,22.9,4850.0,0.061,0.221,275.0,0.043,1600.0,Парк/сквер,-2.382,-1.382,3.095,0,0.0,0.0,0.0,0.0,0.0,0.0,0.0,0.0
H00683,43.21094594594598,77.06867807080249,Медеу,0.488,-0.009,20.6,1809.0,0.054,0.217,343.0,0.02,1631.0,Транспорт,-3.325,-2.6,2.116,0,3.0,2.0,3.0,1.308,0.3333333333333333,3.0,0.6666666666666666,0.3333333333333333
H00684,43.21094594594598,77.07617620251165,Медеу,0.508,0.008,21.8,3230.0,0.05,0.214,270.0,0.02,1611.0,Парк/сквер,-3.52,-0.233,2.955,0,0.0,0.0,0.0,0.0,0.0,0.0,0.0,0.0
H00685,43.21094594594598,77.0836743342208,Медеу,0.449,0.002,21.7,3795.0,0.047,0.213,371.0,0.037,1623.0,Парк/сквер,-3.288,0.784,3.697,0,20.0,2.95,4.0,9.159,0.55,20.0,0.8,0.6
H00686,43.21094594594598,77.09117246592996,Медеу,0.598,0.007,21.3,1671.0,0.045,0.213,260.0,0.02,1644.0,Парк/сквер,-4.245,0.452,3.715,0,16.0,2.9375,5.0,8.417,0.625,15.0,0.9375,0.75
H00687,43.21094594594598,77.09867059763911,Медеу,0.521,0.015,21.2,1938.0,0.043,0.213,380.0,0.02,1675.0,Парк/сквер,-4.354,-1.841,1.358,0,3.0,2.3333333333333335,4.0,1.974,0.3333333333333333,3.0,1.0,0.6666666666666666
H00688,43.21567567567571,76.78,Алмалы,0.339,-0.008,23.3,4218.0,0.086,0.278,295.0,0.155,1270.0,Транспорт,-1.203,-0.872,4.27,0,3.0,2.3333333333333335,3.0,1.646,0.6666666666666666,3.0,0.6666666666666666,0.6666666666666666
H00689,43.21567567567571,76.78749813170916,Алмалы,0.307,-0.009,25.6,3624.0,0.103,0.29,308.0,0.145,1288.0,Транспорт,-0.673,-0.997,4.571,0,7.0,2.857142857142857,4.0,3.3850000000000002,0.42857142857142855,7.0,1.0,0.8571428571428571
H00690,43.21567567567571,76.79499626341831,Алмалы,0.339,0.002,24.7,5881.0,0.124,0.305,250.0,0.07,1302.0,Парк/сквер,-1.191,-0.304,3.984,0,2.0,1.0,1.0,0.8350000000000001,0.5,2.0,1.0,1.0
H00691,43.21567567567571,76.80249439512747,Алмалы,0.356,-0.006,25.5,5290.0,0.151,0.323,263.0,0.151,1304.0,Промышленная,-0.766,1.149,6.085,0,28.0,3.857142857142857,5.0,14.962,0.5,26.0,0.8571428571428571,0.6785714285714286
H00692,43.21567567567571,76.80999252683662,Алмалы,0.35,-0.03,24.5,7859.0,0.183,0.346,281.0,0.199,1308.0,Парк/сквер,-0.03,-0.94,4.429,0,3.0,2.3333333333333335,4.0,2.263,0.3333333333333333,3.0,0.6666666666666666,1.0
H00693,43.21567567567571,76.81749065854578,Алмалы,0.318,-0.034,23.8,6023.0,0.222,0.372,214.0,0.139,1304.0,Транспорт,0.519,-1.488,4.572,0,5.0,2.6,5.0,3.094,0.4,5.0,0.6,0.8
H00694,43.21567567567571,76.82498879025493,Алмалы,0.312,-0.012,26.3,6709.0,0.266,0.403,224.0,0.195,1311.0,Парк/сквер,0.52,0.175,4.522,0,12.0,3.0,5.0,5.808,0.8333333333333334,12.0,1.0,0.75
H00695,43.21567567567571,76.83248692196409,Алмалы,0.317,-0.006,27.8,9431.0,0.316,0.437,261.0,0.243,1348.0,Парк/сквер,0.647,1.049,6.769,1,40.0,4.025,5.0,20.654,0.6,34.0,0.825,0.525
H00696,43.21567567567571,76.83998505367325,Алмалы,0.361,0.003,25.9,9575.0,0.37,0.474,238.0,0.326,1385.0,Транспорт,0.278,-0.656,5.242,0,2.0,4.0,5.0,1.312,1.0,2.0,1.0,0.0
H00697,43.21567567567571,76.8474831853824,Алмалы,0.304,-0.045,27.7,10392.0,0.428,0.513,164.0,0.345,1378.0,Жилая,2.845,-1.259,6.122,0,10.0,3.9,5.0,5.339,0.2,10.0,0.8,0.4
H00698,43.21567567567571,76.85498131709156,Алмалы,0.309,-0.024,29.0,12681.0,0.487,0.553,225.0,0.428,1338.0,Транспорт,2.572,0.591,6.993,1,40.0,4.15,5.0,16.235,0.65,36.0,0.875,0.6
H00699,43.21567567567571,76.86247944880071,Алмалы,0.28,0.006,30.3,12525.0,0.546,0.592,132.0,0.423,1343.0,Жилая,2.705,-0.555,6.155,0,7.0,4.285714285714286,5.0,3.925,0.42857142857142855,7.0,0.7142857142857143,0.7142857142857143
H00700,43.21567567567571,76.86997758050987,Алмалы,0.211,-0.037,29.8,11752.0,0.602,0.63,175.0,0.488,1358.0,Транспорт,4.55,0.135,7.605,1,21.0,4.238095238095238,5.0,11.433,0.5714285714285714,20.0,0.8095238095238095,0.7142857142857143
H00701,43.21567567567571,76.87747571221902,Бостандык,0.239,-0.03,31.3,13877.0,0.654,0.664,157.0,0.5,1386.0,Жилая,4.621,0.468,7.13,1,42.0,4.190476190476191,5.0,20.14,0.5714285714285714,39.0,0.8095238095238095,0.5714285714285714
H00702,43.21567567567571,76.88497384392818,Бостандык,0.219,-0.025,33.0,15411.0,0.699,0.693,124.0,0.49,1367.0,Жилая,5.127,0.958,8.222,1,66.0,4.4393939393939394,5.0,34.123,0.5606060606060606,61.0,0.8484848484848485,0.7121212121212122
H00703,43.21567567567571,76.89247197563733,Бостандык,0.205,-0.042,35.5,16905.0,0.736,0.716,114.0,0.583,1394.0,Коммерческая,6.405,-0.907,8.092,1,20.0,4.4,5.0,10.321,0.8,20.0,0.8,0.7
H00704,43.21567567567571,76.89997010734649,Бостандык,0.214,-0.039,34.5,13288.0,0.761,0.732,101.0,0.567,1377.0,Пустырь,6.251,-0.439,7.553,1,16.0,4.4375,5.0,7.337,0.5,14.0,0.875,0.5625
H00705,43.21567567567571,76.90746823905565,Бостандык,0.206,-0.056,34.0,13787.0,0.775,0.739,102.0,0.58,1437.0,Транспорт,6.783,-0.514,8.264,1,22.0,4.5,5.0,11.299,0.7272727272727273,21.0,0.8636363636363636,0.6818181818181818
H00706,43.21567567567571,76.9149663707648,Бостандык,0.095,-0.029,33.3,15071.0,0.775,0.738,102.0,0.547,1408.0,Жилая,6.743,1.162,10.0,1,90.0,4.655555555555556,5.0,49.897,0.6222222222222222,83.0,0.8444444444444444,0.6
H00707,43.21567567567571,76.92246450247396,Бостандык,0.166,-0.045,33.8,12332.0,0.764,0.728,184.0,0.606,1458.0,Жилая,6.454,-2.946,7.43,1,15.0,4.066666666666666,5.0,7.227,0.5333333333333333,15.0,0.8,0.6
H00708,43.21567567567571,76.92996263418311,Бостандык,0.229,-0.015,33.2,13807.0,0.74,0.71,110.0,0.603,1443.0,Коммерческая,5.265,0.426,8.843,1,34.0,4.647058823529412,5.0,16.56,0.6470588235294118,34.0,0.7058823529411765,0.5882352941176471
H00709,43.21567567567571,76.93746076589227,Бостандык,0.156,-0.03,33.1,12528.0,0.706,0.685,149.0,0.488,1453.0,Пустырь,5.689,0.405,7.459,1,46.0,4.195652173913044,5.0,23.999,0.5652173913043478,43.0,0.782608695652174,0.7391304347826086
H00710,43.21567567567571,76.94495889760142,Бостандык,0.219,-0.051,31.3,10643.0,0.662,0.654,239.0,0.507,1446.0,Жилая,5.069,-0.841,7.691,1,14.0,4.714285714285714,5.0,7.21,0.7142857142857143,13.0,0.8571428571428571,0.5
H00711,43.21567567567571,76.95245702931058,Бостандык,0.182,-0.034,32.0,10890.0,0.611,0.618,181.0,0.501,1493.0,Жилая,5.017,0.953,8.439,1,46.0,4.282608695652174,5.0,23.162,0.5869565217391305,44.0,0.8695652173913043,0.5
H00712,43.21567567567571,76.95995516101974,Медеу,0.327,-0.033,31.1,9139.0,0.556,0.579,229.0,0.404,1467.0,Транспорт,3.093,0.422,6.112,0,33.0,3.6363636363636362,5.0,18.147,0.6363636363636364,33.0,0.8181818181818182,0.6060606060606061
H00713,43.21567567567571,76.96745329272889,Медеу,0.264,-0.03,29.1,8555.0,0.497,0.538,196.0,0.447,1461.0,Жилая,3.303,-1.11,6.376,0,10.0,3.7,5.0,5.273,0.4,10.0,0.8,0.7
H00714,43.21567567567571,76.97495142443805,Медеу,0.319,-0.059,30.5,9839.0,0.439,0.497,204.0,0.277,1451.0,Пустырь,3.2,0.386,7.531,1,26.0,4.153846153846154,5.0,14.732,0.4230769230769231,25.0,0.7307692307692307,0.5
H00715,43.21567567567571,76.9824495561472,Медеу,0.361,-0.029,27.2,8304.0,0.382,0.457,192.0,0.255,1489.0,Парк/сквер,1.427,0.964,5.696,0,46.0,3.782608695652174,5.0,24.1,0.6739130434782609,39.0,0.8695652173913043,0.5869565217391305
H00716,43.21567567567571,76.98994768785636,Медеу,0.371,-0.02,27.0,7949.0,0.328,0.42,245.0,0.288,1535.0,Транспорт,0.723,-0.329,5.503,0,3.0,4.0,5.0,1.276,1.0,3.0,1.0,0.6666666666666666
H00717,43.21567567567571,76.99744581956551,Медеу,0.443,0.009,25.5,8422.0,0.278,0.384,256.0,0.154,1484.0,Парк/сквер,-1.364,-1.516,3.096,0,3.0,3.6666666666666665,4.0,1.9740000000000002,0.6666666666666666,3.0,1.0,0.6666666666666666
H00718,43.21567567567571,77.00494395127467,Медеу,0.467,-0.011,22.8,7528.0,0.234,0.352,282.0,0.185,1543.0,Парк/сквер,-1.524,-0.457,4.178,0,3.0,3.6666666666666665,5.0,2.0780000000000003,0.3333333333333333,3.0,1.0,1.0
H00719,43.21567567567571,77.01244208298382,Медеу,0.452,0.02,24.8,6657.0,0.195,0.324,274.0,0.139,1536.0,Транспорт,-2.242,-0.389,4.103,0,1.0,1.0,1.0,0.724,1.0,1.0,1.0,1.0
H00720,43.21567567567571,77.01994021469298,Медеу,0.369,-0.006,24.4,7693.0,0.161,0.3,247.0,0.066,1526.0,Парк/сквер,-1.099,-0.403,3.585,0,2.0,3.5,4.0,0.792,0.0,2.0,1.0,1.0
H00721,43.21567567567571,77.02743834640214,Медеу,0.461,-0.021,23.2,7804.0,0.134,0.279,333.0,0.046,1550.0,Транспорт,-2.075,-0.387,3.867,0,1.0,2.0,2.0,0.532,1.0,1.0,0.0,1.0
H00722,43.21567567567571,77.03493647811129,Медеу,0.397,0.002,21.6,5833.0,0.111,0.262,234.0,0.069,1565.0,Парк/сквер,-2.024,-0.034,4.512,0,3.0,3.6666666666666665,4.0,1.861,0.6666666666666666,3.0,1.0,0.6666666666666666
H00723,43.21567567567571,77.04243460982045,Медеу,0.466,-0.013,22.3,4829.0,0.092,0.248,255.0,0.043,1612.0,Транспорт,-2.288,-1.007,2.875,0,3.0,2.6666666666666665,3.0,0.992,1.0,3.0,1.0,0.6666666666666666
H00724,43.21567567567571,77.0499327415296,Медеу,0.584,-0.015,21.7,3577.0,0.078,0.237,280.0,0.055,1575.0,Транспорт,-3.333,-2.412,1.978,0,3.0,1.6666666666666667,2.0,1.931,1.0,3.0,0.6666666666666666,0.6666666666666666
H00725,43.21567567567571,77.05743087323876,Медеу,0.541,-0.001,25.0,4199.0,0.067,0.228,264.0,0.043,1584.0,Промышленная,-2.978,1.64,4.788,0,56.0,3.107142857142857,5.0,27.903,0.6607142857142857,49.0,0.8928571428571429,0.625
H00726,43.21567567567571,77.06492900494791,Медеу,0.602,-0.032,19.8,3722.0,0.059,0.223,312.0,0.046,1595.0,Коммерческая,-3.48,-0.296,3.74,0,1.0,2.0,2.0,0.556,0.0,1.0,0.0,1.0
H00727,43.21567567567571,77.07242713665707,Медеу,0.564,-0.019,19.8,4748.0,0.053,0.219,335.0,0.082,1602.0,Парк/сквер,-3.562,-0.846,3.117,0,0.0,0.0,0.0,0.0,0.0,0.0,0.0,0.0
H00728,43.21567567567571,77.07992526836622,Медеу,0.547,0.005,20.3,2963.0,0.049,0.217,322.0,0.02,1635.0,Парк/сквер,-4.156,-1.998,0.959,0,0.0,0.0,0.0,0.0,0.0,0.0,0.0,0.0
H00729,43.21567567567571,77.08742340007538,Медеу,0.525,-0.021,22.1,3233.0,0.046,0.216,320.0,0.02,1598.0,Парк/сквер,-3.014,-0.845,4.349,0,2.0,3.5,5.0,0.921,0.5,2.0,0.5,1.0
H00730,43.21567567567571,77.09492153178454,Медеу,0.504,-0.01,20.3,3184.0,0.044,0.216,249.0,0.02,1619.0,Парк/сквер,-3.111,-2.532,2.055,0,2.0,2.5,3.0,0.729,0.5,2.0,1.0,1.0
H00731,43.220405405405444,76.78374906585458,Алмалы,0.378,-0.026,24.7,6026.0,0.097,0.286,283.0,0.139,1275.0,Коммерческая,-0.781,-0.04,4.911,0,1.0,5.0,5.0,0.641,1.0,1.0,1.0,1.0
H00732,43.220405405405444,76.79124719756373,Алмалы,0.376,-0.025,24.4,5777.0,0.117,0.3,329.0,0.048,1303.0,Коммерческая,-1.162,-1.455,3.209,0,1.0,4.0,4.0,0.477,0.0,1.0,1.0,0.0
H00733,43.220405405405444,76.79874532927289,Алмалы,0.416,0.017,24.2,6500.0,0.142,0.317,253.0,0.167,1233.0,Парк/сквер,-2.013,-0.395,4.393,0,5.0,3.0,4.0,1.641,0.2,5.0,0.8,0.2
H00734,43.220405405405444,76.80624346098205,Алмалы,0.346,-0.002,24.3,7218.0,0.173,0.339,276.0,0.13,1285.0,Жилая,-0.972,-0.05,4.643,0,2.0,4.5,5.0,1.498,1.0,2.0,0.5,0.0
H00735,43.220405405405444,76.8137415926912,Алмалы,0.322,-0.005,24.1,7938.0,0.21,0.364,368.0,0.235,1323.0,Коммерческая,-0.74,-1.779,3.043,0,5.0,3.2,5.0,2.1670000000000003,0.8,5.0,1.0,0.6
H00736,43.220405405405444,76.82123972440036,Алмалы,0.343,-0.029,26.6,9066.0,0.253,0.394,260.0,0.237,1288.0,Транспорт,0.699,-0.277,4.629,0,0.0,0.0,0.0,0.0,0.0,0.0,0.0,0.0
H00737,43.220405405405444,76.82873785610951,Алмалы,0.339,-0.04,25.6,9257.0,0.302,0.428,266.0,0.25,1334.0,Парк/сквер,1.091,0.691,5.902,0,37.0,3.918918918918919,5.0,19.585,0.5675675675675675,32.0,0.8648648648648649,0.6756756756756757
H00738,43.220405405405444,76.83623598781867,Алмалы,0.3,-0.03,26.8,10647.0,0.356,0.465,198.0,0.355,1308.0,Транспорт,1.987,-0.71,4.388,0,3.0,3.6666666666666665,5.0,1.568,1.0,3.0,1.0,0.3333333333333333
H00739,43.220405405405444,76.84373411952782,Алмалы,0.237,-0.034,30.0,9427.0,0.414,0.505,137.0,0.312,1347.0,Транспорт,3.336,-0.514,6.111,0,11.0,4.2727272727272725,5.0,5.331,0.5454545454545454,11.0,0.6363636363636364,0.45454545454545453
H00740,43.220405405405444,76.85123225123698,Алмалы,0.2,-0.028,31.8,10803.0,0.476,0.547,184.0,0.304,1353.0,Транспорт,3.715,-2.266,5.417,0,4.0,3.25,4.0,2.555,0.5,4.0,1.0,0.75
H00741,43.220405405405444,76.85873038294613,Алмалы,0.235,-0.049,29.1,12623.0,0.538,0.589,163.0,0.336,1357.0,Транспорт,4.061,-0.938,5.65,0,8.0,4.125,5.0,4.033,0.625,8.0,0.625,0.75
H00742,43.220405405405444,76.86622851465529,Алмалы,0.258,-0.039,33.6,12640.0,0.599,0.63,150.0,0.504,1362.0,Жилая,4.848,0.791,7.286,1,65.0,4.123076923076923,5.0,36.465,0.6615384615384615,61.0,0.8923076923076924,0.5692307692307692
H00743,43.220405405405444,76.87372664636445,Алмалы,0.156,-0.036,32.8,12689.0,0.657,0.669,168.0,0.563,1394.0,Жилая,5.741,-0.053,8.075,1,9.0,4.0,5.0,3.725,0.5555555555555556,9.0,0.6666666666666666,0.6666666666666666
H00744,43.220405405405444,76.8812247780736,Бостандык,0.201,-0.019,32.2,14286.0,0.708,0.703,103.0,0.449,1388.0,Транспорт,5.019,0.583,7.902,1,49.0,4.244897959183674,5.0,30.201999999999998,0.5306122448979592,44.0,0.8775510204081632,0.7346938775510204
H00745,43.220405405405444,76.88872290978276,Бостандык,0.18,-0.036,33.7,15291.0,0.752,0.732,120.0,0.54,1434.0,Коммерческая,6.134,0.121,7.775,1,39.0,3.948717948717949,5.0,18.725,0.5641025641025641,38.0,0.717948717948718,0.717948717948718
H00746,43.220405405405444,76.89622104149191,Бостандык,0.21,-0.07,34.5,14928.0,0.785,0.753,37.0,0.693,1394.0,Пустырь,7.779,-0.226,9.57,1,23.0,4.608695652173913,5.0,10.914,0.43478260869565216,21.0,0.8695652173913043,0.4782608695652174
H00747,43.220405405405444,76.90371917320107,Бостандык,0.196,-0.024,34.2,15374.0,0.807,0.766,86.0,0.669,1417.0,Коммерческая,6.385,-0.049,8.604,1,15.0,4.4,5.0,9.075,0.8666666666666667,14.0,0.8,0.7333333333333333
H00748,43.220405405405444,76.91121730491022,Бостандык,0.15,-0.052,35.2,14061.0,0.816,0.77,96.0,0.635,1422.0,Жилая,7.569,-1.153,8.808,1,19.0,4.526315789473684,5.0,10.424,0.5789473684210527,18.0,0.7368421052631579,0.6842105263157895
H00749,43.220405405405444,76.91871543661938,Бостандык,0.154,-0.023,36.6,14961.0,0.811,0.765,75.0,0.654,1415.0,Коммерческая,7.031,0.203,8.115,1,33.0,3.9393939393939394,5.0,14.762,0.6363636363636364,30.0,0.8484848484848485,0.6363636363636364
H00750,43.220405405405444,76.92621356832854,Бостандык,0.218,-0.054,34.0,14106.0,0.793,0.751,154.0,0.633,1473.0,Коммерческая,6.618,0.362,8.842,1,46.0,4.413043478260869,5.0,23.602,0.6739130434782609,40.0,0.8913043478260869,0.6739130434782609
H00751,43.220405405405444,76.93371170003769,Бостандык,0.219,-0.074,32.3,12438.0,0.763,0.729,34.0,0.578,1438.0,Жилая,7.186,0.576,9.453,1,68.0,4.647058823529412,5.0,34.25,0.5294117647058824,61.0,0.8235294117647058,0.5735294117647058
H00752,43.220405405405444,76.94120983174685,Бостандык,0.197,-0.028,34.6,12723.0,0.722,0.7,173.0,0.587,1493.0,Коммерческая,5.692,0.949,9.122,1,83.0,4.481927710843373,5.0,43.997,0.5662650602409639,74.0,0.8313253012048193,0.6506024096385542
H00753,43.220405405405444,76.948707963456,Бостандык,0.178,-0.035,31.6,11243.0,0.673,0.665,116.0,0.548,1474.0,Транспорт,5.616,0.813,8.594,1,63.0,4.412698412698413,5.0,32.282000000000004,0.5079365079365079,54.0,0.9365079365079365,0.7301587301587301
H00754,43.220405405405444,76.95620609516516,Медеу,0.195,-0.056,31.5,10694.0,0.617,0.625,183.0,0.472,1477.0,Промышленная,5.414,1.676,9.188,1,121.0,4.520661157024794,5.0,63.594,0.6694214876033058,107.0,0.859504132231405,0.5950413223140496
H00755,43.220405405405444,76.96370422687431,Медеу,0.331,-0.045,31.6,11333.0,0.557,0.583,112.0,0.401,1472.0,Транспорт,3.968,-0.066,7.072,1,13.0,4.230769230769231,5.0,6.816,0.6923076923076923,12.0,0.9230769230769231,0.46153846153846156
H00756,43.220405405405444,76.97120235858347,Медеу,0.34,-0.051,28.6,9936.0,0.495,0.54,184.0,0.369,1488.0,Жилая,3.088,-0.96,5.553,0,11.0,3.4545454545454546,5.0,5.696,0.45454545454545453,11.0,0.9090909090909091,0.5454545454545454
H00757,43.220405405405444,76.97870049029262,Медеу,0.315,-0.02,28.6,10488.0,0.434,0.497,163.0,0.316,1461.0,Промышленная,2.155,1.411,6.671,1,93.0,3.881720430107527,5.0,49.857,0.6344086021505376,80.0,0.8817204301075269,0.7526881720430108
H00758,43.220405405405444,76.98619862200178,Медеу,0.337,-0.059,28.0,8905.0,0.375,0.455,257.0,0.286,1484.0,Жилая,2.325,-0.269,6.025,0,5.0,3.8,5.0,2.312,0.6,5.0,1.0,0.8
H00759,43.220405405405444,76.99369675371094,Медеу,0.362,0.005,27.8,8901.0,0.32,0.416,163.0,0.238,1502.0,Парк/сквер,0.387,-0.343,4.545,0,1.0,3.0,3.0,0.4,0.0,1.0,1.0,0.0
H00760,43.220405405405444,77.00119488542009,Медеу,0.415,0.011,24.7,7978.0,0.27,0.381,233.0,0.208,1519.0,Пустырь,-1.125,0.962,4.473,0,44.0,3.25,5.0,21.629,0.5681818181818182,43.0,0.7727272727272727,0.7045454545454546
H00761,43.220405405405444,77.00869301712925,Медеу,0.432,-0.023,25.2,7661.0,0.226,0.349,312.0,0.228,1484.0,Жилая,-0.682,0.733,4.972,0,21.0,3.8095238095238093,5.0,9.788,0.8095238095238095,21.0,0.8571428571428571,0.6666666666666666
H00762,43.220405405405444,77.0161911488384,Медеу,0.416,-0.023,24.2,5899.0,0.187,0.321,300.0,0.17,1549.0,Парк/сквер,-0.914,-0.755,4.197,0,2.0,4.0,4.0,1.2280000000000002,0.5,2.0,1.0,0.5
H00763,43.220405405405444,77.02368928054756,Медеу,0.564,0.002,21.9,6084.0,0.155,0.297,233.0,0.083,1512.0,Промышленная,-3.097,0.223,2.753,0,5.0,2.2,5.0,2.866,0.4,5.0,0.8,0.8
H00764,43.220405405405444,77.03118741225671,Медеу,0.49,-0.007,22.0,6247.0,0.128,0.276,277.0,0.1,1558.0,Жилая,-2.508,-1.447,3.186,0,0.0,0.0,0.0,0.0,0.0,0.0,0.0,0.0
H00765,43.220405405405444,77.03868554396587,Медеу,0.472,-0.019,23.0,5079.0,0.106,0.26,282.0,0.057,1537.0,Жилая,-2.098,-0.873,4.184,0,1.0,3.0,3.0,0.646,1.0,1.0,1.0,1.0
H00766,43.220405405405444,77.04618367567502,Медеу,0.551,0.028,22.7,5683.0,0.088,0.246,371.0,0.141,1571.0,Транспорт,-4.303,0.032,3.121,0,1.0,4.0,4.0,0.461,0.0,1.0,1.0,1.0
H00767,43.220405405405444,77.05368180738418,Медеу,0.452,-0.02,21.7,5133.0,0.075,0.236,327.0,0.127,1573.0,Парк/сквер,-2.214,0.249,4.524,0,5.0,3.4,4.0,3.263,0.4,5.0,0.8,0.8
H00768,43.220405405405444,77.06117993909334,Медеу,0.468,0.023,22.8,4580.0,0.065,0.229,327.0,0.072,1540.0,Транспорт,-3.561,-0.638,2.944,0,1.0,2.0,2.0,0.702,1.0,1.0,1.0,1.0
H00769,43.220405405405444,77.06867807080249,Медеу,0.535,-0.02,22.1,3402.0,0.057,0.224,295.0,0.049,1589.0,Пустырь,-2.923,0.537,3.038,0,16.0,2.25,5.0,9.01,0.5625,15.0,1.0,0.4375
H00770,43.220405405405444,77.07617620251165,Медеу,0.56,0.021,21.5,3793.0,0.052,0.221,307.0,0.02,1589.0,Парк/сквер,-4.466,-0.831,2.111,0,2.0,2.5,4.0,0.933,0.5,2.0,0.0,1.0
H00771,43.220405405405444,77.0836743342208,Медеу,0.538,0.022,20.7,3249.0,0.048,0.219,292.0,0.033,1629.0,Парк/сквер,-4.331,0.621,3.294,0,22.0,3.090909090909091,5.0,10.923,0.5,21.0,0.7727272727272727,0.6363636363636364
H00772,43.220405405405444,77.09117246592996,Медеу,0.506,0.029,22.6,3214.0,0.046,0.219,310.0,0.02,1602.0,Парк/сквер,-4.187,-1.429,2.403,0,1.0,1.0,1.0,0.728,1.0,1.0,1.0,1.0
H00773,43.220405405405444,77.09867059763911,Медеу,0.58,0.013,21.4,3486.0,0.044,0.22,373.0,0.02,1613.0,Транспорт,-4.716,0.638,3.479,0,32.0,3.25,5.0,17.032,0.5625,30.0,0.78125,0.53125
H00774,43.225135135135176,76.78,Алмалы,0.34,-0.026,21.8,5224.0,0.092,0.282,287.0,0.13,1253.0,Коммерческая,-0.927,1.722,6.4,0,45.0,3.911111111111111,5.0,22.315,0.6,40.0,0.7555555555555555,0.5333333333333333
H00775,43.225135135135176,76.78749813170916,Алмалы,0.379,-0.019,23.5,5811.0,0.11,0.295,251.0,0.152,1261.0,Жилая,-0.955,-1.867,3.512,0,2.0,3.0,4.0,1.079,0.5,2.0,1.0,1.0
H00776,43.225135135135176,76.79499626341831,Алмалы,0.331,0.009,25.7,4924.0,0.133,0.311,262.0,0.156,1250.0,Транспорт,-1.004,0.06,4.375,0,5.0,3.0,5.0,2.214,0.2,5.0,0.6,0.4
H00777,43.225135135135176,76.80249439512747,Алмалы,0.336,0.026,25.1,5708.0,0.162,0.331,334.0,0.246,1288.0,Жилая,-1.571,-1.036,3.516,0,2.0,4.5,5.0,0.779,0.5,2.0,1.0,0.5
H00778,43.225135135135176,76.80999252683662,Алмалы,0.351,-0.002,26.0,6374.0,0.197,0.356,221.0,0.251,1299.0,Жилая,-0.217,-1.18,4.19,0,3.0,2.6666666666666665,5.0,1.634,0.3333333333333333,3.0,1.0,0.6666666666666666
H00779,43.225135135135176,76.81749065854578,Алмалы,0.303,-0.031,26.7,7529.0,0.238,0.384,222.0,0.306,1307.0,Транспорт,1.331,-0.652,5.2,0,4.0,3.25,5.0,1.673,0.5,4.0,1.0,0.75
H00780,43.225135135135176,76.82498879025493,Алмалы,0.28,-0.0,27.2,8385.0,0.285,0.417,203.0,0.177,1281.0,Коммерческая,0.657,-1.277,3.983,0,4.0,2.0,3.0,1.72,0.75,4.0,0.5,0.5
H00781,43.225135135135176,76.83248692196409,Алмалы,0.245,-0.002,26.9,9499.0,0.338,0.454,221.0,0.297,1304.0,Транспорт,1.344,-0.596,4.98,0,2.0,3.5,4.0,0.5,0.0,2.0,1.0,0.5
H00782,43.225135135135176,76.83998505367325,Алмалы,0.288,-0.026,28.9,10140.0,0.397,0.494,148.0,0.333,1291.0,Транспорт,2.546,-1.208,5.041,0,4.0,3.25,4.0,2.596,0.5,4.0,1.0,0.75
H00783,43.225135135135176,76.8474831853824,Алмалы,0.225,-0.037,30.8,9879.0,0.459,0.537,90.0,0.302,1295.0,Транспорт,3.973,-1.099,6.396,0,10.0,3.9,5.0,6.083,0.8,10.0,0.9,0.7
H00784,43.225135135135176,76.85498131709156,Алмалы,0.297,-0.067,28.3,12738.0,0.524,0.581,108.0,0.437,1306.0,Жилая,4.386,0.956,8.622,1,46.0,4.434782608695652,5.0,23.782,0.5652173913043478,44.0,0.8913043478260869,0.6956521739130435
H00785,43.225135135135176,76.86247944880071,Алмалы,0.236,-0.058,30.0,12715.0,0.588,0.625,144.0,0.449,1360.0,Пустырь,4.957,1.31,8.76,1,74.0,4.621621621621622,5.0,36.341,0.6216216216216216,68.0,0.8783783783783784,0.7432432432432432
H00786,43.225135135135176,76.86997758050987,Алмалы,0.244,-0.034,31.4,13640.0,0.65,0.667,121.0,0.534,1367.0,Коммерческая,4.921,-2.319,7.419,1,14.0,4.0,5.0,7.6450000000000005,0.5714285714285714,14.0,0.6428571428571429,0.5714285714285714
H00787,43.225135135135176,76.87747571221902,Бостандык,0.184,-0.062,34.2,14503.0,0.708,0.706,148.0,0.615,1330.0,Транспорт,6.805,-1.709,6.592,1,18.0,4.333333333333333,5.0,9.707,0.6111111111111112,17.0,0.6666666666666666,0.7777777777777778
H00788,43.225135135135176,76.88497384392818,Бостандык,0.148,-0.031,34.5,15813.0,0.758,0.739,120.0,0.536,1395.0,Жилая,6.357,0.699,8.079,1,59.0,4.305084745762712,5.0,30.978,0.6610169491525424,54.0,0.8305084745762712,0.6440677966101694
H00789,43.225135135135176,76.89247197563733,Бостандык,0.13,-0.057,35.8,16324.0,0.8,0.766,151.0,0.605,1350.0,Коммерческая,7.583,0.541,10.0,1,48.0,4.708333333333333,5.0,25.264,0.6041666666666666,45.0,0.8541666666666666,0.6458333333333334
H00790,43.225135135135176,76.89997010734649,Бостандык,0.176,-0.095,35.6,14715.0,0.829,0.785,66.0,0.729,1383.0,Жилая,8.997,-0.559,9.283,1,23.0,4.695652173913044,5.0,12.58,0.6086956521739131,22.0,0.8695652173913043,0.5217391304347826
H00791,43.225135135135176,76.90746823905565,Бостандык,0.133,-0.078,37.2,15439.0,0.846,0.795,57.0,0.758,1376.0,Транспорт,9.223,0.155,10.0,1,30.0,4.8,5.0,15.484,0.6333333333333333,29.0,0.9666666666666667,0.43333333333333335
H00792,43.225135135135176,76.9149663707648,Бостандык,0.106,-0.036,35.8,15039.0,0.849,0.795,115.0,0.706,1391.0,Коммерческая,7.759,-1.969,8.998,1,21.0,4.857142857142857,5.0,11.511,0.6666666666666666,14.0,0.9047619047619048,0.7142857142857143
H00793,43.225135135135176,76.92246450247396,Бостандык,0.135,-0.067,38.5,13845.0,0.838,0.786,56.0,0.614,1431.0,Жилая,8.714,0.123,9.869,1,26.0,4.923076923076923,5.0,14.978,0.7307692307692307,24.0,0.8461538461538461,0.6153846153846154
H00794,43.225135135135176,76.92996263418311,Бостандык,0.137,-0.052,36.9,15901.0,0.814,0.768,64.0,0.62,1453.0,Жилая,7.969,0.104,9.671,1,30.0,4.533333333333333,5.0,13.167,0.5,27.0,0.7333333333333333,0.5666666666666667
H00795,43.225135135135176,76.93746076589227,Бостандык,0.199,-0.05,35.1,13953.0,0.777,0.741,68.0,0.567,1415.0,Жилая,6.936,-0.451,8.887,1,23.0,4.478260869565218,5.0,11.357,0.5652173913043478,23.0,0.782608695652174,0.4782608695652174
H00796,43.225135135135176,76.94495889760142,Бостандык,0.271,-0.029,33.4,12505.0,0.73,0.708,108.0,0.569,1442.0,Транспорт,5.25,-0.081,8.23,1,17.0,4.588235294117647,5.0,7.902,0.5882352941176471,17.0,0.6470588235294118,0.5294117647058824
H00797,43.225135135135176,76.95245702931058,Бостандык,0.285,-0.059,31.9,13078.0,0.675,0.669,110.0,0.527,1437.0,Коммерческая,5.49,0.546,7.283,1,39.0,4.3076923076923075,5.0,17.776,0.6153846153846154,34.0,0.8717948717948718,0.717948717948718
H00798,43.225135135135176,76.95995516101974,Медеу,0.294,-0.029,30.4,10281.0,0.615,0.626,153.0,0.499,1425.0,Жилая,3.929,0.618,6.486,0,62.0,4.064516129032258,5.0,32.792,0.6290322580645161,59.0,0.8064516129032258,0.532258064516129
H00799,43.225135135135176,76.96745329272889,Медеу,0.258,-0.018,31.5,10725.0,0.551,0.581,149.0,0.424,1476.0,Транспорт,3.64,0.068,7.674,1,19.0,4.473684210526316,5.0,10.204,0.6842105263157895,18.0,0.9473684210526315,0.7368421052631579
H00800,43.225135135135176,76.97495142443805,Медеу,0.214,-0.045,29.4,9127.0,0.487,0.536,245.0,0.424,1437.0,Жилая,3.848,0.599,7.703,1,38.0,4.105263157894737,5.0,21.333,0.6578947368421053,35.0,0.7105263157894737,0.6578947368421053
H00801,43.225135135135176,76.9824495561472,Медеу,0.281,-0.054,27.9,10803.0,0.424,0.492,252.0,0.407,1464.0,Транспорт,3.077,-0.499,7.103,1,7.0,4.0,5.0,3.754,0.8571428571428571,7.0,0.7142857142857143,0.42857142857142855
H00802,43.225135135135176,76.98994768785636,Медеу,0.324,-0.023,27.6,8778.0,0.364,0.449,201.0,0.306,1516.0,Промышленная,1.596,-0.219,5.105,0,6.0,3.1666666666666665,5.0,2.314,0.5,6.0,1.0,0.8333333333333334
H00803,43.225135135135176,76.99744581956551,Медеу,0.358,0.004,24.8,9910.0,0.309,0.41,261.0,0.32,1477.0,Жилая,-0.17,0.02,5.252,0,2.0,4.5,5.0,1.5190000000000001,1.0,2.0,1.0,0.5
H00804,43.225135135135176,77.00494395127467,Медеу,0.427,-0.017,25.3,7562.0,0.259,0.374,274.0,0.112,1524.0,Парк/сквер,-0.779,0.417,5.654,0,23.0,3.4347826086956523,5.0,11.225,0.43478260869565216,23.0,0.6086956521739131,0.6956521739130435
H00805,43.225135135135176,77.01244208298382,Медеу,0.365,0.013,25.8,7913.0,0.215,0.343,186.0,0.271,1484.0,Парк/сквер,-0.499,0.034,5.442,0,4.0,3.0,4.0,2.3850000000000002,0.5,4.0,1.0,1.0
H00806,43.225135135135176,77.01994021469298,Медеу,0.409,-0.034,25.2,6173.0,0.178,0.315,273.0,0.154,1526.0,Парк/сквер,-0.369,-0.865,4.046,0,2.0,4.5,5.0,1.259,0.0,2.0,1.0,0.5
H00807,43.225135135135176,77.02743834640214,Медеу,0.466,-0.026,24.5,6720.0,0.146,0.292,235.0,0.156,1543.0,Парк/сквер,-1.095,0.705,4.333,0,33.0,2.9696969696969697,5.0,18.063,0.7575757575757576,30.0,0.8484848484848485,0.7272727272727273
H00808,43.225135135135176,77.03493647811129,Медеу,0.442,0.005,24.7,6300.0,0.121,0.272,268.0,0.076,1570.0,Парк/сквер,-2.153,-1.104,3.239,0,3.0,2.3333333333333335,3.0,2.253,1.0,3.0,0.6666666666666666,0.6666666666666666
H00809,43.225135135135176,77.04243460982045,Медеу,0.504,-0.05,22.9,6418.0,0.1,0.257,287.0,0.037,1532.0,Парк/сквер,-1.593,-0.307,3.453,0,0.0,0.0,0.0,0.0,0.0,0.0,0.0,0.0
H00810,43.225135135135176,77.0499327415296,Медеу,0.465,-0.009,20.1,4146.0,0.084,0.244,317.0,0.02,1561.0,Коммерческая,-2.979,-1.337,2.186,0,1.0,3.0,3.0,0.388,1.0,1.0,0.0,0.0
H00811,43.225135135135176,77.05743087323876,Медеу,0.49,-0.014,22.0,4427.0,0.072,0.235,237.0,0.052,1586.0,Жилая,-2.466,-0.925,3.407,0,1.0,1.0,1.0,0.358,0.0,1.0,1.0,1.0
H00812,43.225135135135176,77.06492900494791,Медеу,0.459,0.017,22.6,3041.0,0.062,0.229,244.0,0.02,1538.0,Парк/сквер,-3.125,-0.499,3.642,0,2.0,3.5,4.0,1.242,0.5,2.0,0.5,0.5
H00813,43.225135135135176,77.07242713665707,Медеу,0.471,0.017,23.1,3514.0,0.056,0.224,326.0,0.02,1598.0,Пустырь,-3.516,1.013,4.058,0,22.0,2.9545454545454546,5.0,12.097,0.5,20.0,0.9545454545454546,0.45454545454545453
H00814,43.225135135135176,77.07992526836622,Медеу,0.54,0.018,21.8,3034.0,0.051,0.222,211.0,0.02,1605.0,Парк/сквер,-3.789,-1.402,2.186,0,0.0,0.0,0.0,0.0,0.0,0.0,0.0,0.0
H00815,43.225135135135176,77.08742340007538,Медеу,0.465,-0.001,22.2,2397.0,0.047,0.221,344.0,0.081,1580.0,Парк/сквер,-3.053,-0.155,3.354,0,1.0,4.0,4.0,0.597,1.0,1.0,1.0,1.0
H00816,43.225135135135176,77.09492153178454,Медеу,0.527,0.016,21.2,3479.0,0.045,0.222,242.0,0.02,1574.0,Жилая,-3.868,-1.086,2.274,0,1.0,3.0,3.0,0.257,1.0,1.0,1.0,1.0
H00817,43.22986486486491,76.78374906585458,Алмалы,0.363,-0.039,25.2,5022.0,0.103,0.29,270.0,0.02,1272.0,Парк/сквер,-0.46,-0.108,5.56,0,3.0,4.333333333333333,5.0,1.7040000000000002,0.3333333333333333,3.0,1.0,0.6666666666666666
H00818,43.22986486486491,76.79124719756373,Алмалы,0.326,-0.009,24.2,4125.0,0.124,0.305,205.0,0.183,1261.0,Парк/сквер,-0.393,0.235,4.817,0,11.0,2.909090909090909,5.0,6.117,0.7272727272727273,11.0,0.7272727272727273,0.7272727272727273
H00819,43.22986486486491,76.79874532927289,Алмалы,0.397,-0.035,21.9,6753.0,0.15,0.324,269.0,0.133,1252.0,Парк/сквер,-0.801,-0.987,3.786,0,1.0,4.0,4.0,0.71,1.0,1.0,1.0,0.0
H00820,43.22986486486491,76.80624346098205,Алмалы,0.391,-0.029,24.6,7129.0,0.183,0.347,240.0,0.283,1247.0,Жилая,0.006,-1.909,4.149,0,2.0,2.0,2.0,1.026,0.5,2.0,0.5,0.5
H00821,43.22986486486491,76.8137415926912,Алмалы,0.287,-0.014,24.5,7744.0,0.222,0.374,310.0,0.263,1268.0,Пустырь,0.195,0.795,6.652,1,39.0,3.871794871794872,5.0,19.579,0.5641025641025641,39.0,0.7692307692307693,0.46153846153846156
H00822,43.22986486486491,76.82123972440036,Алмалы,0.329,-0.014,24.7,8298.0,0.267,0.405,244.0,0.267,1265.0,Парк/сквер,0.314,0.862,5.065,0,34.0,3.676470588235294,5.0,17.049,0.6176470588235294,31.0,0.9117647058823529,0.5588235294117647
H00823,43.22986486486491,76.82873785610951,Алмалы,0.288,-0.012,27.9,9908.0,0.319,0.441,228.0,0.365,1267.0,Парк/сквер,1.479,-0.713,6.272,0,3.0,2.6666666666666665,3.0,2.0,0.6666666666666666,3.0,0.6666666666666666,0.3333333333333333
H00824,43.22986486486491,76.83623598781867,Алмалы,0.294,-0.013,26.9,8700.0,0.376,0.481,198.0,0.317,1293.0,Парк/сквер,1.549,-0.452,5.435,0,6.0,3.0,5.0,3.4379999999999997,0.6666666666666666,6.0,0.8333333333333334,1.0
H00825,43.22986486486491,76.84373411952782,Алмалы,0.268,-0.028,28.3,10462.0,0.438,0.524,226.0,0.375,1315.0,Промышленная,2.591,-0.279,6.796,1,10.0,3.8,5.0,5.55,0.4,10.0,0.9,0.8
H00826,43.22986486486491,76.85123225123698,Алмалы,0.242,-0.026,30.6,12714.0,0.503,0.569,169.0,0.495,1328.0,Жилая,3.777,-1.628,6.47,0,14.0,3.9285714285714284,5.0,5.006,0.42857142857142855,14.0,0.7142857142857143,0.42857142857142855
H00827,43.22986486486491,76.85873038294613,Алмалы,0.174,-0.025,29.9,12180.0,0.57,0.615,210.0,0.517,1313.0,Транспорт,4.328,-0.084,7.465,1,12.0,4.166666666666667,5.0,5.978,0.4166666666666667,12.0,0.9166666666666666,0.6666666666666666
H00828,43.22986486486491,76.86622851465529,Алмалы,0.233,-0.038,30.7,13685.0,0.636,0.66,166.0,0.486,1320.0,Транспорт,4.672,-0.95,7.05,1,15.0,4.066666666666666,5.0,8.029,0.5333333333333333,15.0,0.9333333333333333,0.6
H00829,43.22986486486491,76.87372664636445,Алмалы,0.256,-0.047,33.1,14744.0,0.698,0.702,99.0,0.524,1316.0,Жилая,5.623,-1.053,6.994,1,20.0,3.8,5.0,10.205,0.3,20.0,0.75,0.4
H00830,43.22986486486491,76.8812247780736,Бостандык,0.113,-0.061,34.7,13644.0,0.755,0.74,145.0,0.539,1320.0,Промышленная,7.392,0.052,9.013,1,23.0,4.478260869565218,5.0,12.073,0.43478260869565216,21.0,0.782608695652174,0.4782608695652174
H00831,43.22986486486491,76.88872290978276,Бостандык,0.157,-0.023,35.9,15001.0,0.803,0.772,107.0,0.626,1326.0,Жилая,6.667,0.192,8.386,1,34.0,4.382352941176471,5.0,17.643,0.6470588235294118,30.0,0.8529411764705882,0.5588235294117647
H00832,43.22986486486491,76.89622104149191,Бостандык,0.176,-0.052,34.0,15308.0,0.84,0.796,172.0,0.625,1343.0,Транспорт,6.972,0.557,8.955,1,66.0,4.5,5.0,36.071,0.6212121212121212,57.0,0.8787878787878788,0.5757575757575758
H00833,43.22986486486491,76.90371917320107,Бостандык,0.116,-0.035,34.6,16777.0,0.865,0.812,103.0,0.767,1380.0,Жилая,7.751,0.543,9.37,1,56.0,4.464285714285714,5.0,31.15,0.6071428571428571,51.0,0.8035714285714286,0.5892857142857143
H00834,43.22986486486491,76.91121730491022,Бостандык,0.203,-0.083,35.3,15664.0,0.876,0.818,124.0,0.692,1381.0,Жилая,8.265,0.402,9.463,1,58.0,4.620689655172414,5.0,31.098,0.5862068965517241,53.0,0.896551724137931,0.5517241379310345
H00835,43.22986486486491,76.91871543661938,Бостандык,0.18,-0.078,35.7,15442.0,0.873,0.814,119.0,0.656,1381.0,Транспорт,8.265,-0.425,9.603,1,21.0,4.619047619047619,5.0,10.848,0.6666666666666666,20.0,0.8095238095238095,0.7142857142857143
H00836,43.22986486486491,76.92621356832854,Бостандык,0.147,-0.056,35.4,15074.0,0.855,0.8,84.0,0.679,1384.0,Жилая,8.007,-0.882,8.897,1,21.0,4.523809523809524,5.0,11.526,0.47619047619047616,20.0,0.8571428571428571,0.6666666666666666
H00837,43.22986486486491,76.93371170003769,Бостандык,0.134,-0.074,36.7,14326.0,0.824,0.778,37.0,0.782,1409.0,Жилая,9.093,-1.613,8.284,1,22.0,4.545454545454546,5.0,9.268,0.5454545454545454,22.0,0.8181818181818182,0.6818181818181818
H00838,43.22986486486491,76.94120983174685,Бостандык,0.203,-0.062,36.6,12902.0,0.782,0.747,113.0,0.625,1416.0,Коммерческая,7.396,-0.228,8.911,1,17.0,4.588235294117647,5.0,7.317,0.35294117647058826,16.0,0.6470588235294118,0.5882352941176471
H00839,43.22986486486491,76.948707963456,Бостандык,0.177,-0.041,32.7,12992.0,0.729,0.709,99.0,0.537,1422.0,Жилая,6.178,0.646,8.775,1,68.0,4.573529411764706,5.0,36.111,0.5294117647058824,59.0,0.8823529411764706,0.47058823529411764
H00840,43.22986486486491,76.95620609516516,Медеу,0.154,-0.06,33.3,11575.0,0.669,0.667,136.0,0.381,1425.0,Коммерческая,6.245,-0.006,9.281,1,16.0,4.625,5.0,9.134,0.6875,16.0,0.875,0.75
H00841,43.22986486486491,76.96370422687431,Медеу,0.17,-0.046,31.8,12404.0,0.605,0.622,164.0,0.485,1445.0,Жилая,5.418,0.02,7.77,1,19.0,4.157894736842105,5.0,11.252,0.7368421052631579,18.0,0.7368421052631579,0.5789473684210527
H00842,43.22986486486491,76.97120235858347,Медеу,0.27,-0.019,30.7,12083.0,0.539,0.575,114.0,0.279,1455.0,Пустырь,3.226,-0.285,7.647,1,14.0,4.428571428571429,5.0,8.913,0.6428571428571429,14.0,0.7857142857142857,0.35714285714285715
H00843,43.22986486486491,76.97870049029262,Медеу,0.231,-0.032,29.8,9522.0,0.472,0.528,215.0,0.47,1439.0,Пустырь,3.567,1.831,7.697,1,102.0,4.186274509803922,5.0,50.866,0.6470588235294118,87.0,0.8333333333333334,0.5588235294117647
H00844,43.22986486486491,76.98619862200178,Медеу,0.263,-0.032,29.1,10299.0,0.408,0.483,210.0,0.304,1476.0,Коммерческая,2.642,-0.091,7.216,1,9.0,3.888888888888889,5.0,5.808,0.7777777777777778,9.0,0.8888888888888888,0.5555555555555556
H00845,43.22986486486491,76.99369675371094,Медеу,0.386,-0.014,28.3,9619.0,0.348,0.44,156.0,0.286,1483.0,Жилая,1.048,-0.581,4.711,0,7.0,3.0,4.0,3.944,0.7142857142857143,7.0,1.0,0.8571428571428571
H00846,43.22986486486491,77.00119488542009,Медеу,0.348,-0.022,26.3,8922.0,0.294,0.401,288.0,0.308,1482.0,Парк/сквер,0.607,-2.118,4.725,0,1.0,5.0,5.0,0.827,0.0,1.0,1.0,0.0
H00847,43.22986486486491,77.00869301712925,Медеу,0.403,-0.017,27.0,7260.0,0.245,0.366,263.0,0.217,1488.0,Жилая,-0.154,-0.881,5.311,0,1.0,3.0,3.0,0.28,1.0,1.0,1.0,1.0
H00848,43.22986486486491,77.0161911488384,Медеу,0.322,-0.014,24.4,7652.0,0.203,0.335,302.0,0.143,1495.0,Коммерческая,-0.418,0.143,5.204,0,7.0,3.4285714285714284,5.0,3.276,0.5714285714285714,7.0,0.8571428571428571,0.8571428571428571
H00849,43.22986486486491,77.02368928054756,Медеу,0.444,-0.017,24.8,6764.0,0.167,0.308,235.0,0.122,1506.0,Жилая,-1.151,0.796,4.624,0,29.0,3.1724137931034484,5.0,13.652000000000001,0.5862068965517241,25.0,0.9655172413793104,0.6551724137931034
H00850,43.22986486486491,77.03118741225671,Медеу,0.53,-0.016,21.5,5185.0,0.137,0.286,284.0,0.062,1524.0,Парк/сквер,-2.704,-2.466,1.951,0,2.0,3.5,4.0,1.53,1.0,2.0,1.0,1.0
H00851,43.22986486486491,77.03868554396587,Медеу,0.404,-0.009,22.5,5810.0,0.113,0.267,332.0,0.02,1503.0,Пустырь,-2.173,0.124,4.309,0,9.0,3.2222222222222223,5.0,4.886,0.4444444444444444,9.0,1.0,0.4444444444444444
H00852,43.22986486486491,77.04618367567502,Медеу,0.429,-0.009,22.6,4902.0,0.094,0.253,207.0,0.198,1538.0,Жилая,-1.473,-0.411,3.047,0,0.0,0.0,0.0,0.0,0.0,0.0,0.0,0.0
H00853,43.22986486486491,77.05368180738418,Медеу,0.507,-0.01,22.0,7417.0,0.079,0.241,316.0,0.075,1556.0,Жилая,-2.941,0.214,4.137,0,14.0,3.142857142857143,5.0,6.37,0.6428571428571429,13.0,0.8571428571428571,0.6428571428571429
H00854,43.22986486486491,77.06117993909334,Медеу,0.481,0.029,24.0,4117.0,0.068,0.233,310.0,0.066,1528.0,Жилая,-3.603,-0.873,2.512,0,3.0,2.6666666666666665,5.0,1.7360000000000002,0.6666666666666666,3.0,0.3333333333333333,0.3333333333333333
H00855,43.22986486486491,77.06867807080249,Медеу,0.548,-0.023,20.1,4317.0,0.06,0.228,340.0,0.06,1557.0,Коммерческая,-3.333,-1.281,2.646,0,2.0,1.0,1.0,0.884,0.5,2.0,1.0,1.0
H00856,43.22986486486491,77.07617620251165,Медеу,0.53,-0.004,22.3,3043.0,0.054,0.225,289.0,0.02,1571.0,Парк/сквер,-3.355,-1.321,2.272,0,1.0,3.0,3.0,0.28,1.0,1.0,1.0,1.0
H00857,43.22986486486491,77.0836743342208,Медеу,0.601,0.024,22.0,3287.0,0.05,0.223,353.0,0.02,1542.0,Парк/сквер,-4.991,-0.227,2.045,0,2.0,1.0,1.0,1.239,1.0,2.0,1.0,0.5
H00858,43.22986486486491,77.09117246592996,Медеу,0.516,-0.021,21.0,3064.0,0.047,0.223,316.0,0.02,1640.0,Парк/сквер,-3.085,0.042,2.293,0,5.0,1.6,3.0,2.7800000000000002,0.4,5.0,0.6,1.0
H00859,43.22986486486491,77.09867059763911,Медеу,0.481,-0.023,21.2,2448.0,0.045,0.225,312.0,0.078,1597.0,Жилая,-2.566,0.109,4.088,0,5.0,3.0,5.0,2.4370000000000003,1.0,5.0,0.8,1.0
H00860,43.23459459459464,76.78,Алмалы,0.3,-0.006,25.7,4027.0,0.095,0.285,241.0,0.136,1195.0,Жилая,-0.452,-0.253,4.347,0,0.0,0.0,0.0,0.0,0.0,0.0,0.0,0.0
H00861,43.23459459459464,76.78749813170916,Алмалы,0.33,0.003,23.1,4122.0,0.115,0.299,309.0,0.154,1233.0,Жилая,-1.435,0.044,4.37,0,5.0,3.2,5.0,3.061,0.8,5.0,1.0,0.4
H00862,43.23459459459464,76.79499626341831,Алмалы,0.257,0.008,25.1,5697.0,0.139,0.316,246.0,0.148,1236.0,Жилая,-0.43,-0.258,5.065,0,0.0,0.0,0.0,0.0,0.0,0.0,0.0,0.0
H00863,43.23459459459464,76.80249439512747,Алмалы,0.303,0.004,25.6,6441.0,0.169,0.337,189.0,0.096,1237.0,Жилая,-0.387,0.458,4.804,0,17.0,2.823529411764706,5.0,8.336,0.8235294117647058,15.0,0.8235294117647058,0.7058823529411765
H00864,43.23459459459464,76.80999252683662,Алмалы,0.374,-0.013,25.2,6315.0,0.205,0.363,273.0,0.23,1247.0,Жилая,-0.413,-0.816,4.089,0,3.0,3.6666666666666665,5.0,1.287,0.3333333333333333,3.0,1.0,0.6666666666666666
H00865,43.23459459459464,76.81749065854578,Алмалы,0.27,-0.036,26.4,7469.0,0.248,0.393,270.0,0.163,1276.0,Жилая,1.179,-1.585,4.401,0,4.0,2.75,3.0,1.68,0.75,4.0,0.75,0.75
H00866,43.23459459459464,76.82498879025493,Алмалы,0.306,-0.018,26.6,8413.0,0.297,0.427,246.0,0.318,1320.0,Транспорт,1.088,-0.624,5.827,0,3.0,4.0,5.0,1.245,0.0,3.0,1.0,0.6666666666666666
H00867,43.23459459459464,76.83248692196409,Алмалы,0.303,-0.043,28.3,10128.0,0.352,0.466,151.0,0.244,1288.0,Пустырь,2.431,-0.836,6.306,0,13.0,3.6923076923076925,5.0,6.569,0.6153846153846154,12.0,0.7692307692307693,0.5384615384615384
H00868,43.23459459459464,76.83998505367325,Алмалы,0.33,-0.045,29.5,10490.0,0.413,0.508,182.0,0.325,1280.0,Транспорт,2.708,-0.974,6.514,1,8.0,4.125,5.0,4.576,0.25,8.0,0.75,0.75
H00869,43.23459459459464,76.8474831853824,Алмалы,0.254,-0.032,29.7,11241.0,0.478,0.553,155.0,0.417,1295.0,Жилая,3.522,0.494,6.378,0,30.0,3.6,5.0,16.282,0.7333333333333333,27.0,0.8,0.5333333333333333
H00870,43.23459459459464,76.85498131709156,Алмалы,0.211,-0.054,30.7,12092.0,0.546,0.6,181.0,0.451,1297.0,Промышленная,4.811,-0.99,6.434,0,16.0,4.0625,5.0,8.278,0.6875,15.0,0.9375,0.5625
H00871,43.23459459459464,76.86247944880071,Алмалы,0.26,-0.057,30.3,12473.0,0.614,0.646,99.0,0.477,1324.0,Жилая,5.109,-0.724,7.201,1,15.0,3.933333333333333,5.0,7.978,0.5333333333333333,13.0,0.8,0.3333333333333333
H00872,43.23459459459464,76.86997758050987,Алмалы,0.241,-0.073,33.6,14223.0,0.68,0.691,95.0,0.481,1302.0,Пустырь,6.398,0.729,8.838,1,60.0,4.566666666666666,5.0,32.369,0.6166666666666667,47.0,0.8833333333333333,0.5833333333333334
H00873,43.23459459459464,76.87747571221902,Бостандык,0.164,-0.046,34.7,14678.0,0.741,0.733,47.0,0.537,1307.0,Жилая,6.936,0.379,8.964,1,54.0,4.62962962962963,5.0,27.82,0.5555555555555556,50.0,0.8333333333333334,0.6666666666666666
H00874,43.23459459459464,76.88497384392818,Бостандык,0.168,-0.043,34.9,15950.0,0.795,0.77,111.0,0.658,1394.0,Жилая,7.06,-0.249,8.543,1,21.0,4.571428571428571,5.0,10.363,0.47619047619047616,20.0,0.7142857142857143,0.7142857142857143
H00875,43.23459459459464,76.89247197563733,Бостандык,0.05,-0.076,36.5,15906.0,0.84,0.799,110.0,0.666,1353.0,Коммерческая,9.272,-0.794,9.786,1,35.0,4.771428571428571,5.0,16.923,0.5142857142857142,33.0,0.7714285714285715,0.5714285714285714
H00876,43.23459459459464,76.89997010734649,Бостандык,0.183,-0.052,36.5,16109.0,0.873,0.82,28.0,0.648,1340.0,Жилая,7.988,0.648,9.191,1,53.0,4.433962264150943,5.0,29.455000000000002,0.6981132075471698,46.0,0.7924528301886793,0.5471698113207547
H00877,43.23459459459464,76.90746823905565,Бостандык,0.063,-0.049,36.5,17778.0,0.892,0.832,116.0,0.644,1395.0,Транспорт,8.542,-0.342,10.0,1,14.0,4.785714285714286,5.0,8.213000000000001,0.42857142857142855,13.0,1.0,0.5714285714285714
H00878,43.23459459459464,76.9149663707648,Бостандык,0.215,-0.047,35.4,15785.0,0.896,0.834,58.0,0.689,1388.0,Промышленная,7.511,0.816,9.791,1,75.0,4.746666666666667,5.0,39.992,0.68,70.0,0.8133333333333334,0.56
H00879,43.23459459459464,76.92246450247396,Бостандык,0.14,-0.011,37.6,15590.0,0.886,0.825,71.0,0.739,1361.0,Коммерческая,7.407,-0.235,8.565,1,22.0,4.409090909090909,5.0,12.445,0.6818181818181818,20.0,0.9090909090909091,0.5
H00880,43.23459459459464,76.92996263418311,Бостандык,0.131,-0.076,37.5,15010.0,0.862,0.807,54.0,0.623,1374.0,Транспорт,8.975,-1.416,8.675,1,19.0,4.473684210526316,5.0,7.021,0.42105263157894735,19.0,0.8421052631578947,0.631578947368421
H00881,43.23459459459464,76.93746076589227,Бостандык,0.247,-0.07,34.0,15295.0,0.825,0.78,88.0,0.684,1387.0,Коммерческая,7.326,-0.565,8.732,1,12.0,4.583333333333333,5.0,6.518000000000001,0.6666666666666666,12.0,0.6666666666666666,0.5833333333333334
H00882,43.23459459459464,76.94495889760142,Бостандык,0.195,-0.06,36.8,13787.0,0.776,0.745,79.0,0.696,1403.0,Коммерческая,7.698,-0.203,8.602,1,12.0,4.333333333333333,5.0,6.112,0.5833333333333334,10.0,0.75,0.5833333333333334
H00883,43.23459459459464,76.95245702931058,Бостандык,0.214,-0.039,34.6,14427.0,0.719,0.704,116.0,0.47,1429.0,Жилая,5.809,-0.24,7.051,1,21.0,3.8095238095238093,5.0,12.354,0.5238095238095238,18.0,0.7619047619047619,0.7619047619047619
H00884,43.23459459459464,76.95995516101974,Медеу,0.138,-0.056,32.1,12888.0,0.655,0.659,137.0,0.547,1416.0,Жилая,6.423,-0.747,7.747,1,30.0,4.333333333333333,5.0,15.749,0.6666666666666666,29.0,0.7666666666666667,0.5
H00885,43.23459459459464,76.96745329272889,Медеу,0.227,-0.057,31.0,12446.0,0.588,0.611,220.0,0.511,1431.0,Жилая,4.945,-0.325,7.815,1,15.0,4.533333333333333,5.0,8.448,0.5333333333333333,15.0,0.7333333333333333,0.7333333333333333
H00886,43.23459459459464,76.97495142443805,Медеу,0.337,-0.036,31.1,10845.0,0.52,0.563,142.0,0.388,1450.0,Парк/сквер,3.287,0.43,6.959,1,37.0,3.972972972972973,5.0,19.367,0.5945945945945946,32.0,0.8108108108108109,0.7297297297297297
H00887,43.23459459459464,76.9824495561472,Медеу,0.297,-0.068,29.2,9695.0,0.453,0.516,244.0,0.383,1436.0,Жилая,3.598,0.556,6.76,1,29.0,4.379310344827586,5.0,17.17,0.6896551724137931,27.0,0.8275862068965517,0.6206896551724138
H00888,43.23459459459464,76.98994768785636,Медеу,0.339,-0.02,27.5,9717.0,0.389,0.47,190.0,0.315,1453.0,Жилая,1.54,-0.501,5.969,0,2.0,4.5,5.0,1.384,0.5,2.0,1.0,0.5
H00889,43.23459459459464,76.99744581956551,Медеу,0.278,-0.053,27.4,9626.0,0.33,0.428,263.0,0.212,1467.0,Промышленная,2.177,0.409,6.308,0,32.0,3.6875,5.0,17.4,0.625,30.0,0.875,0.53125
H00890,43.23459459459464,77.00494395127467,Медеу,0.398,0.014,24.2,8518.0,0.276,0.39,290.0,0.321,1465.0,Жилая,-1.07,0.216,5.707,0,10.0,3.4,5.0,4.812,0.3,10.0,0.9,0.6
H00891,43.23459459459464,77.01244208298382,Медеу,0.407,-0.025,25.2,7123.0,0.23,0.355,184.0,0.239,1452.0,Транспорт,0.149,-1.127,5.118,0,3.0,2.3333333333333335,3.0,1.7480000000000002,0.6666666666666666,3.0,0.6666666666666666,0.6666666666666666
H00892,43.23459459459464,77.01994021469298,Медеу,0.359,-0.022,22.2,7174.0,0.189,0.326,339.0,0.228,1509.0,Коммерческая,-0.762,0.48,4.964,0,30.0,3.433333333333333,5.0,14.623,0.7666666666666667,29.0,0.8,0.7333333333333333
H00893,43.23459459459464,77.02743834640214,Медеу,0.501,-0.02,25.0,5767.0,0.156,0.3,229.0,0.077,1463.0,Парк/сквер,-1.606,-0.147,3.916,0,3.0,3.0,5.0,1.7770000000000001,0.3333333333333333,3.0,0.6666666666666666,0.3333333333333333
H00894,43.23459459459464,77.03493647811129,Медеу,0.426,0.004,22.3,6731.0,0.128,0.279,256.0,0.197,1474.0,Парк/сквер,-1.935,-0.771,3.118,0,7.0,2.5714285714285716,4.0,2.494,0.2857142857142857,7.0,0.8571428571428571,0.8571428571428571
H00895,43.23459459459464,77.04243460982045,Медеу,0.433,0.012,21.6,5113.0,0.106,0.261,363.0,0.105,1501.0,Коммерческая,-3.038,-0.268,3.021,0,0.0,0.0,0.0,0.0,0.0,0.0,0.0,0.0
H00896,43.23459459459464,77.0499327415296,Медеу,0.46,-0.015,23.4,4265.0,0.088,0.248,300.0,0.02,1496.0,Коммерческая,-2.273,-0.72,2.99,0,3.0,2.3333333333333335,3.0,1.565,0.3333333333333333,3.0,0.6666666666666666,0.6666666666666666
H00897,43.23459459459464,77.05743087323876,Медеу,0.534,-0.006,24.0,3825.0,0.075,0.238,290.0,0.078,1539.0,Транспорт,-2.931,-1.079,3.574,0,2.0,4.0,5.0,1.3929999999999998,0.5,2.0,1.0,0.5
H00898,43.23459459459464,77.06492900494791,Медеу,0.498,0.015,21.8,3478.0,0.065,0.231,268.0,0.02,1560.0,Пустырь,-3.568,-0.686,3.015,0,0.0,0.0,0.0,0.0,0.0,0.0,0.0,0.0
H00899,43.23459459459464,77.07242713665707,Медеу,0.482,0.014,22.6,3121.0,0.057,0.227,188.0,0.068,1574.0,Парк/сквер,-2.918,-1.661,1.58,0,1.0,3.0,3.0,0.832,1.0,1.0,1.0,0.0
H00900,43.23459459459464,77.07992526836622,Медеу,0.555,-0.017,21.9,2799.0,0.052,0.225,286.0,0.152,1516.0,Жилая,-2.93,-2.505,2.604,0,2.0,2.0,3.0,0.732,0.5,2.0,1.0,0.5
H00901,43.23459459459464,77.08742340007538,Медеу,0.523,-0.015,21.4,3158.0,0.048,0.224,271.0,0.033,1588.0,Парк/сквер,-3.028,-1.338,1.875,0,2.0,1.5,2.0,0.818,1.0,2.0,0.5,0.5
H00902,43.23459459459464,77.09492153178454,Медеу,0.484,0.0,20.8,2247.0,0.046,0.225,321.0,0.055,1589.0,Парк/сквер,-3.375,-0.706,3.487,0,6.0,3.3333333333333335,5.0,3.305,0.5,6.0,0.8333333333333334,0.6666666666666666
H00903,43.23932432432437,76.78374906585458,Жетысу,0.358,-0.028,24.6,6372.0,0.106,0.293,278.0,0.066,1216.0,Жилая,-0.709,-1.458,3.714,0,0.0,0.0,0.0,0.0,0.0,0.0,0.0,0.0
H00904,43.23932432432437,76.79124719756373,Жетысу,0.376,-0.005,23.4,5564.0,0.127,0.308,326.0,0.122,1209.0,Парк/сквер,-1.616,-2.57,3.188,0,0.0,0.0,0.0,0.0,0.0,0.0,0.0,0.0
H00905,43.23932432432437,76.79874532927289,Жетысу,0.279,-0.02,26.1,6340.0,0.155,0.328,296.0,0.159,1182.0,Жилая,0.178,0.916,5.373,0,30.0,3.4,5.0,15.402,0.5333333333333333,28.0,0.8,0.7
H00906,43.23932432432437,76.80624346098205,Жетысу,0.262,-0.04,27.0,5570.0,0.188,0.351,299.0,0.22,1237.0,Парк/сквер,1.24,-0.45,5.914,0,7.0,3.142857142857143,4.0,4.4190000000000005,0.7142857142857143,7.0,0.5714285714285714,0.42857142857142855
H00907,43.23932432432437,76.8137415926912,Жетысу,0.357,-0.019,24.1,7309.0,0.228,0.379,227.0,0.238,1278.0,Жилая,0.03,-0.206,5.627,0,1.0,3.0,3.0,0.583,1.0,1.0,1.0,1.0
H00908,43.23932432432437,76.82123972440036,Жетысу,0.327,-0.052,26.8,8518.0,0.274,0.412,303.0,0.292,1246.0,Парк/сквер,1.489,-1.528,5.16,0,6.0,2.8333333333333335,4.0,2.996,0.5,6.0,1.0,0.6666666666666666
H00909,43.23932432432437,76.82873785610951,Жетысу,0.348,-0.035,27.3,8571.0,0.327,0.449,141.0,0.337,1245.0,Транспорт,1.899,0.163,6.162,0,15.0,4.266666666666667,5.0,7.64,0.5333333333333333,14.0,0.8666666666666667,0.6
H00910,43.23932432432437,76.83623598781867,Жетысу,0.253,-0.042,28.3,10215.0,0.386,0.49,238.0,0.294,1228.0,Транспорт,2.672,-0.379,6.033,0,9.0,4.222222222222222,5.0,5.55,0.6666666666666666,9.0,1.0,0.7777777777777778
H00911,43.23932432432437,76.84373411952782,Жетысу,0.199,-0.027,29.9,12314.0,0.449,0.534,284.0,0.34,1306.0,Транспорт,3.038,-0.416,6.921,1,7.0,3.857142857142857,5.0,3.5469999999999997,0.7142857142857143,7.0,1.0,0.2857142857142857
H00912,43.23932432432437,76.85123225123698,Жетысу,0.229,-0.021,30.1,11465.0,0.517,0.581,165.0,0.404,1287.0,Транспорт,3.521,0.617,6.883,1,38.0,4.052631578947368,5.0,18.551,0.6842105263157895,34.0,0.8947368421052632,0.5526315789473685
H00913,43.23932432432437,76.85873038294613,Жетысу,0.252,-0.044,32.1,12279.0,0.585,0.628,215.0,0.499,1252.0,Пустырь,4.507,1.345,8.124,1,45.0,4.288888888888889,5.0,21.843,0.4444444444444444,39.0,0.7555555555555555,0.4888888888888889
H00914,43.23932432432437,76.86622851465529,Жетысу,0.22,-0.043,33.2,13579.0,0.654,0.675,154.0,0.424,1280.0,Промышленная,5.205,2.012,8.911,1,88.0,4.420454545454546,5.0,42.844,0.5795454545454546,73.0,0.8068181818181818,0.6590909090909091
H00915,43.23932432432437,76.87372664636445,Жетысу,0.157,-0.059,34.5,14498.0,0.719,0.72,147.0,0.497,1292.0,Промышленная,6.731,0.671,8.409,1,28.0,4.5,5.0,14.854,0.6785714285714286,28.0,0.7857142857142857,0.6428571428571429
H00916,43.23932432432437,76.8812247780736,Жетысу,0.232,-0.067,33.9,14874.0,0.778,0.76,79.0,0.677,1344.0,Коммерческая,7.201,0.747,10.0,1,35.0,4.514285714285714,5.0,16.897,0.7428571428571429,33.0,0.8285714285714286,0.6571428571428571
H00917,43.23932432432437,76.88872290978276,Жетысу,0.142,-0.047,34.0,16379.0,0.828,0.794,36.0,0.705,1329.0,Коммерческая,7.791,-0.347,9.408,1,18.0,4.5,5.0,8.508,0.5,17.0,0.8888888888888888,0.7777777777777778
H00918,43.23932432432437,76.89622104149191,Жетысу,0.147,-0.054,34.0,16529.0,0.868,0.82,22.0,0.62,1345.0,Транспорт,7.961,-0.555,8.518,1,13.0,4.615384615384615,5.0,5.956,0.7692307692307693,12.0,0.7692307692307693,0.7692307692307693
H00919,43.23932432432437,76.90371917320107,Жетысу,0.034,-0.036,35.7,16191.0,0.895,0.838,33.0,0.701,1337.0,Коммерческая,8.799,-1.268,10.0,1,9.0,4.777777777777778,5.0,4.677,0.5555555555555556,9.0,0.8888888888888888,0.5555555555555556
H00920,43.23932432432437,76.91121730491022,Жетысу,0.108,-0.049,35.9,16997.0,0.908,0.845,43.0,0.702,1364.0,Транспорт,8.609,0.127,9.834,1,17.0,4.823529411764706,5.0,7.764,0.6470588235294118,14.0,0.7058823529411765,0.5294117647058824
H00921,43.23932432432437,76.91871543661938,Жетысу,0.101,-0.063,37.8,16341.0,0.906,0.842,21.0,0.759,1346.0,Транспорт,9.518,0.074,9.592,1,21.0,4.476190476190476,5.0,11.5,0.6190476190476191,19.0,0.7142857142857143,0.6666666666666666
H00922,43.23932432432437,76.92621356832854,Жетысу,0.089,-0.066,35.4,16875.0,0.889,0.829,36.0,0.666,1326.0,Жилая,9.037,-0.716,10.0,1,15.0,4.066666666666666,5.0,6.304,0.4,14.0,0.7333333333333333,0.7333333333333333
H00923,43.23932432432437,76.93371170003769,Жетысу,0.139,-0.065,38.1,14536.0,0.858,0.806,107.0,0.65,1378.0,Коммерческая,8.518,-1.323,9.555,1,18.0,4.5,5.0,9.032,0.6111111111111112,16.0,0.8333333333333334,0.4444444444444444
H00924,43.23932432432437,76.94120983174685,Жетысу,0.144,-0.04,38.2,14767.0,0.815,0.774,20.0,0.528,1405.0,Коммерческая,7.7,0.896,9.919,1,55.0,4.8,5.0,28.517,0.6,44.0,0.8909090909090909,0.6727272727272727
H00925,43.23932432432437,76.948707963456,Жетысу,0.205,-0.065,35.0,16455.0,0.761,0.736,97.0,0.64,1371.0,Коммерческая,7.29,-0.828,7.775,1,13.0,4.6923076923076925,5.0,6.151,0.46153846153846156,12.0,0.9230769230769231,0.8461538461538461
H00926,43.23932432432437,76.95620609516516,Медеу,0.179,-0.055,28.6,13470.0,0.699,0.692,162.0,0.538,1411.0,Жилая,5.656,-0.465,8.467,1,18.0,4.222222222222222,5.0,9.637,0.6666666666666666,18.0,0.7222222222222222,0.6666666666666666
H00927,43.23932432432437,76.96370422687431,Медеу,0.194,-0.028,31.9,12717.0,0.633,0.645,174.0,0.51,1399.0,Транспорт,4.867,1.119,7.486,1,89.0,4.168539325842697,5.0,50.507,0.6629213483146067,76.0,0.8876404494382022,0.6404494382022472
H00928,43.23932432432437,76.97120235858347,Медеу,0.187,-0.05,31.1,13722.0,0.564,0.596,220.0,0.499,1401.0,Жилая,4.966,-1.871,6.628,1,19.0,4.157894736842105,5.0,11.069,0.631578947368421,19.0,0.8421052631578947,0.47368421052631576
H00929,43.23932432432437,76.97870049029262,Медеу,0.215,-0.04,29.4,10888.0,0.495,0.547,181.0,0.43,1392.0,Транспорт,3.988,-0.294,8.027,1,7.0,4.571428571428571,5.0,4.043,0.8571428571428571,7.0,0.8571428571428571,0.7142857142857143
H00930,43.23932432432437,76.98619862200178,Медеу,0.319,-0.04,29.9,10815.0,0.428,0.499,205.0,0.351,1439.0,Транспорт,2.741,-1.443,5.662,0,12.0,3.5,5.0,7.048,0.9166666666666666,12.0,0.9166666666666666,0.5
H00931,43.23932432432437,76.99369675371094,Медеу,0.347,-0.009,27.6,10489.0,0.365,0.455,255.0,0.283,1432.0,Промышленная,0.764,0.514,5.709,0,32.0,3.5,5.0,18.422,0.625,30.0,0.75,0.6875
H00932,43.23932432432437,77.00119488542009,Медеу,0.333,-0.035,28.4,8300.0,0.308,0.413,279.0,0.232,1444.0,Пустырь,1.282,0.321,6.032,0,19.0,3.473684210526316,5.0,10.557,0.8421052631578947,16.0,0.7368421052631579,0.5789473684210527
H00933,43.23932432432437,77.00869301712925,Медеу,0.385,-0.016,25.7,8528.0,0.257,0.376,241.0,0.205,1463.0,Коммерческая,-0.087,-2.333,3.032,0,4.0,2.25,3.0,2.8,0.75,4.0,1.0,1.0
H00934,43.23932432432437,77.0161911488384,Медеу,0.485,-0.001,24.6,9032.0,0.213,0.343,312.0,0.206,1479.0,Жилая,-1.873,0.681,4.185,0,44.0,3.159090909090909,5.0,23.439,0.7272727272727273,37.0,0.9090909090909091,0.6590909090909091
H00935,43.23932432432437,77.02368928054756,Медеу,0.44,0.001,23.9,7037.0,0.175,0.315,310.0,0.112,1461.0,Парк/сквер,-2.025,-0.752,3.399,0,0.0,0.0,0.0,0.0,0.0,0.0,0.0,0.0
H00936,43.23932432432437,77.03118741225671,Медеу,0.461,-0.009,23.9,7110.0,0.144,0.29,200.0,0.161,1507.0,Парк/сквер,-1.446,0.119,4.811,0,8.0,2.875,4.0,5.689,0.75,7.0,0.875,0.625
H00937,43.23932432432437,77.03868554396587,Медеу,0.498,-0.016,21.9,5859.0,0.118,0.27,298.0,0.127,1477.0,Парк/сквер,-2.366,-0.416,2.777,0,1.0,5.0,5.0,0.362,0.0,1.0,1.0,0.0
H00938,43.23932432432437,77.04618367567502,Медеу,0.481,-0.008,21.9,5018.0,0.098,0.254,324.0,0.03,1498.0,Парк/сквер,-2.876,-0.911,2.559,0,2.0,2.5,3.0,1.195,1.0,2.0,0.0,1.0
H00939,43.23932432432437,77.05368180738418,Медеу,0.485,-0.007,23.0,4950.0,0.082,0.242,252.0,0.02,1542.0,Жилая,-2.588,0.275,4.285,0,7.0,3.0,4.0,3.8970000000000002,0.8571428571428571,7.0,0.8571428571428571,0.7142857142857143
H00940,43.23932432432437,77.06117993909334,Медеу,0.425,0.004,23.5,3053.0,0.07,0.233,320.0,0.028,1505.0,Парк/сквер,-2.647,-0.418,2.86,0,4.0,2.5,4.0,1.452,0.5,4.0,0.5,0.5
H00941,43.23932432432437,77.06867807080249,Медеу,0.561,-0.006,22.1,2794.0,0.062,0.228,350.0,0.105,1504.0,Парк/сквер,-3.591,0.175,3.496,0,10.0,2.6,5.0,3.9080000000000004,0.4,10.0,0.8,0.5
H00942,43.23932432432437,77.07617620251165,Медеу,0.525,-0.024,21.4,3894.0,0.055,0.225,290.0,0.051,1521.0,Парк/сквер,-2.798,0.241,4.005,0,8.0,3.5,5.0,3.064,0.375,8.0,1.0,0.75
H00943,43.23932432432437,77.0836743342208,Медеу,0.497,0.011,21.0,3974.0,0.05,0.224,210.0,0.02,1522.0,Парк/сквер,-3.349,-0.141,2.524,0,2.0,3.0,4.0,1.126,0.5,2.0,1.0,0.5
H00944,43.23932432432437,77.09117246592996,Медеу,0.52,0.017,22.7,3105.0,0.047,0.225,300.0,0.02,1581.0,Парк/сквер,-3.865,-1.264,2.392,0,5.0,2.0,3.0,1.891,0.4,5.0,1.0,0.4
H00945,43.23932432432437,77.09867059763911,Медеу,0.586,-0.031,21.1,1026.0,0.045,0.227,309.0,0.02,1541.0,Промышленная,-3.314,0.9,3.344,0,20.0,2.35,4.0,8.291,0.55,20.0,0.85,0.75
H00946,43.244054054054104,76.78,Наурызбай,0.359,0.0,25.1,4906.0,0.097,0.287,242.0,0.214,1181.0,Парк/сквер,-0.972,-0.408,3.753,0,3.0,3.3333333333333335,4.0,1.46,1.0,3.0,1.0,0.6666666666666666
H00947,43.244054054054104,76.78749813170916,Наурызбай,0.357,-0.023,24.9,5054.0,0.116,0.301,306.0,0.111,1194.0,Жилая,-0.786,-0.623,4.919,0,1.0,4.0,4.0,0.551,1.0,1.0,1.0,0.0
H00948,43.244054054054104,76.79499626341831,Наурызбай,0.323,-0.006,27.9,7180.0,0.141,0.318,265.0,0.187,1210.0,Коммерческая,-0.168,-0.263,4.757,0,1.0,2.0,2.0,0.15,0.0,1.0,1.0,0.0
H00949,43.244054054054104,76.80249439512747,Наурызбай,0.388,-0.018,24.2,6645.0,0.171,0.34,282.0,0.172,1200.0,Парк/сквер,-0.805,0.316,5.11,0,12.0,3.8333333333333335,5.0,6.0280000000000005,0.6666666666666666,9.0,0.9166666666666666,0.5833333333333334
H00950,43.244054054054104,76.80999252683662,Наурызбай,0.298,-0.027,25.8,8166.0,0.207,0.366,247.0,0.165,1225.0,Пустырь,0.606,0.276,6.061,0,9.0,3.7777777777777777,5.0,5.17,0.4444444444444444,9.0,0.7777777777777778,0.5555555555555556
H00951,43.244054054054104,76.81749065854578,Наурызбай,0.339,-0.022,25.1,6220.0,0.25,0.396,263.0,0.306,1186.0,Жилая,0.465,-0.604,4.893,0,2.0,4.0,5.0,0.972,1.0,2.0,1.0,0.0
H00952,43.244054054054104,76.82498879025493,Наурызбай,0.291,-0.001,29.4,9415.0,0.3,0.431,255.0,0.257,1223.0,Транспорт,0.914,-0.887,4.805,0,3.0,2.6666666666666665,4.0,1.443,0.6666666666666666,3.0,1.0,0.0
H00953,43.244054054054104,76.83248692196409,Наурызбай,0.275,-0.034,27.8,11661.0,0.356,0.47,181.0,0.247,1219.0,Транспорт,2.229,-0.324,5.618,0,6.0,4.0,5.0,2.817,0.3333333333333333,6.0,0.8333333333333334,0.6666666666666666
H00954,43.244054054054104,76.83998505367325,Наурызбай,0.27,-0.035,30.0,11062.0,0.417,0.513,228.0,0.316,1281.0,Пустырь,2.777,2.222,7.427,1,61.0,3.918032786885246,5.0,31.703,0.5737704918032787,55.0,0.8688524590163934,0.639344262295082
H00955,43.244054054054104,76.8474831853824,Наурызбай,0.177,-0.071,31.4,10612.0,0.483,0.559,151.0,0.385,1251.0,Коммерческая,5.401,0.041,7.52,1,10.0,3.8,5.0,5.662,0.3,10.0,0.5,0.7
H00956,43.244054054054104,76.85498131709156,Наурызбай,0.259,-0.034,29.6,12020.0,0.551,0.607,144.0,0.455,1275.0,Жилая,3.928,-0.632,6.717,1,9.0,3.2222222222222223,5.0,4.745,0.4444444444444444,8.0,0.6666666666666666,0.8888888888888888
H00957,43.244054054054104,76.86247944880071,Наурызбай,0.261,-0.058,30.7,13149.0,0.62,0.654,169.0,0.504,1294.0,Парк/сквер,4.975,-0.294,8.357,1,7.0,4.142857142857143,5.0,2.752,0.5714285714285714,7.0,1.0,0.5714285714285714
H00958,43.244054054054104,76.86997758050987,Наурызбай,0.204,-0.049,30.9,14942.0,0.688,0.701,84.0,0.653,1281.0,Транспорт,6.143,2.449,8.744,1,77.0,4.5064935064935066,5.0,39.77,0.6753246753246753,68.0,0.8701298701298701,0.6623376623376623
H00959,43.244054054054104,76.87747571221902,Жетысу,0.201,-0.04,35.2,15855.0,0.75,0.743,73.0,0.582,1252.0,Коммерческая,6.551,0.048,8.144,1,15.0,4.4,5.0,7.698,0.6,15.0,0.8,0.4666666666666667
H00960,43.244054054054104,76.88497384392818,Жетысу,0.226,-0.071,35.9,15935.0,0.806,0.781,82.0,0.688,1310.0,Жилая,7.741,0.134,10.0,1,21.0,4.857142857142857,5.0,11.448,0.8095238095238095,20.0,0.8095238095238095,0.6190476190476191
H00961,43.244054054054104,76.89247197563733,Жетысу,0.109,-0.05,35.9,16421.0,0.852,0.812,15.0,0.699,1299.0,Транспорт,8.541,-0.18,9.472,1,16.0,4.1875,5.0,7.292,0.8125,15.0,0.8125,0.5
H00962,43.244054054054104,76.89997010734649,Жетысу,0.161,-0.077,36.6,15697.0,0.886,0.834,72.0,0.681,1334.0,Жилая,8.798,0.27,10.0,1,26.0,4.884615384615385,5.0,12.753,0.5,24.0,0.7307692307692307,0.6153846153846154
H00963,43.244054054054104,76.90746823905565,Жетысу,0.02,-0.051,37.4,16054.0,0.907,0.847,65.0,0.691,1323.0,Коммерческая,9.415,-0.519,9.503,1,15.0,4.533333333333333,5.0,6.9350000000000005,0.6666666666666666,15.0,0.6666666666666666,0.6666666666666666
H00964,43.244054054054104,76.9149663707648,Жетысу,0.082,-0.06,37.3,17095.0,0.913,0.85,84.0,0.776,1341.0,Транспорт,9.294,-0.498,9.351,1,11.0,4.636363636363637,5.0,6.792,0.45454545454545453,11.0,0.7272727272727273,0.36363636363636365
H00965,43.244054054054104,76.92246450247396,Жетысу,0.13,-0.052,36.5,15941.0,0.903,0.842,75.0,0.692,1341.0,Транспорт,8.427,-1.024,9.728,1,14.0,4.785714285714286,5.0,6.962,0.7142857142857143,14.0,0.8571428571428571,0.5
H00966,43.244054054054104,76.92996263418311,Жетысу,0.125,-0.049,35.9,15769.0,0.88,0.824,75.0,0.722,1363.0,Жилая,8.292,-1.182,8.876,1,18.0,4.444444444444445,5.0,7.572,0.5,17.0,0.8888888888888888,0.7222222222222222
H00967,43.244054054054104,76.93746076589227,Жетысу,0.142,-0.059,36.6,13695.0,0.843,0.796,26.0,0.743,1379.0,Транспорт,8.639,1.937,10.0,1,97.0,4.731958762886598,5.0,51.188,0.6185567010309279,79.0,0.7835051546391752,0.5979381443298969
H00968,43.244054054054104,76.94495889760142,Жетысу,0.106,-0.036,36.6,14850.0,0.794,0.761,103.0,0.61,1375.0,Коммерческая,7.473,-0.002,9.117,1,12.0,4.583333333333333,5.0,6.849,0.6666666666666666,12.0,0.6666666666666666,0.5833333333333334
H00969,43.244054054054104,76.95245702931058,Жетысу,0.166,-0.065,34.3,14901.0,0.736,0.72,63.0,0.625,1366.0,Коммерческая,7.512,0.694,8.587,1,35.0,4.457142857142857,5.0,17.741,0.7142857142857143,29.0,0.7714285714285715,0.45714285714285713
H00970,43.244054054054104,76.95995516101974,Ауэзов,0.25,-0.07,32.4,12743.0,0.672,0.674,164.0,0.475,1383.0,Транспорт,5.768,0.434,8.141,1,30.0,4.5,5.0,15.482,0.6333333333333333,28.0,0.7333333333333333,0.6
H00971,43.244054054054104,76.96745329272889,Ауэзов,0.282,-0.027,31.4,12641.0,0.604,0.625,75.0,0.539,1409.0,Коммерческая,4.464,-0.917,5.947,0,8.0,3.875,5.0,4.516,1.0,8.0,0.875,0.25
H00972,43.244054054054104,76.97495142443805,Ауэзов,0.223,-0.078,31.5,12797.0,0.534,0.575,158.0,0.485,1391.0,Промышленная,5.605,-0.313,8.658,1,7.0,4.285714285714286,5.0,4.4,0.8571428571428571,7.0,0.7142857142857143,0.7142857142857143
H00973,43.244054054054104,76.9824495561472,Ауэзов,0.312,-0.039,28.1,11572.0,0.465,0.527,150.0,0.398,1403.0,Транспорт,2.994,0.79,7.928,1,36.0,4.222222222222222,5.0,16.951,0.4166666666666667,34.0,0.8611111111111112,0.75
H00974,43.244054054054104,76.98994768785636,Ауэзов,0.346,-0.033,28.9,11189.0,0.4,0.48,245.0,0.375,1399.0,Парк/сквер,1.989,0.244,5.952,0,13.0,3.8461538461538463,5.0,6.473,0.6153846153846154,13.0,0.7692307692307693,0.38461538461538464
H00975,43.244054054054104,76.99744581956551,Ауэзов,0.315,-0.017,25.4,9099.0,0.339,0.436,235.0,0.292,1397.0,Пустырь,0.984,0.597,5.415,0,14.0,3.357142857142857,5.0,6.866,0.6428571428571429,14.0,0.8571428571428571,0.6428571428571429
H00976,43.244054054054104,77.00494395127467,Ауэзов,0.392,0.003,24.7,7977.0,0.285,0.397,160.0,0.253,1419.0,Парк/сквер,-0.243,-1.52,4.123,0,1.0,5.0,5.0,0.215,1.0,1.0,0.0,1.0
H00977,43.244054054054104,77.01244208298382,Ауэзов,0.408,-0.022,23.7,8562.0,0.236,0.361,229.0,0.161,1445.0,Жилая,-0.485,0.346,4.745,0,7.0,3.2857142857142856,4.0,4.2669999999999995,0.8571428571428571,7.0,1.0,1.0
H00978,43.244054054054104,77.01994021469298,Ауэзов,0.371,-0.012,26.6,8450.0,0.195,0.33,197.0,0.08,1451.0,Парк/сквер,-0.333,-0.437,5.246,0,1.0,4.0,4.0,0.179,1.0,1.0,1.0,1.0
H00979,43.244054054054104,77.02743834640214,Ауэзов,0.482,-0.004,24.2,7072.0,0.16,0.303,320.0,0.254,1471.0,Пустырь,-1.93,0.222,3.249,0,8.0,2.75,4.0,3.515,0.75,8.0,0.875,0.75
H00980,43.244054054054104,77.03493647811129,Ауэзов,0.404,0.006,22.9,6834.0,0.132,0.28,243.0,0.119,1495.0,Парк/сквер,-1.862,-1.187,2.58,0,1.0,3.0,3.0,0.704,1.0,1.0,0.0,1.0
H00981,43.244054054054104,77.04243460982045,Ауэзов,0.454,-0.008,23.1,5235.0,0.109,0.261,232.0,0.135,1485.0,Транспорт,-1.85,0.451,3.445,0,14.0,2.7142857142857144,5.0,7.917,0.6428571428571429,13.0,0.7142857142857143,0.42857142857142855
H00982,43.244054054054104,77.0499327415296,Ауэзов,0.428,-0.012,23.5,5297.0,0.091,0.247,311.0,0.152,1512.0,Транспорт,-1.828,-0.928,2.709,0,0.0,0.0,0.0,0.0,0.0,0.0,0.0,0.0
H00983,43.244054054054104,77.05743087323876,Ауэзов,0.465,0.005,21.9,4141.0,0.077,0.236,288.0,0.037,1476.0,Транспорт,-3.037,0.192,3.102,0,7.0,2.5714285714285716,4.0,3.958,0.5714285714285714,7.0,1.0,0.7142857142857143
H00984,43.244054054054104,77.06492900494791,Ауэзов,0.525,0.002,22.2,4523.0,0.066,0.229,338.0,0.072,1519.0,Жилая,-3.533,-1.034,2.239,0,7.0,2.4285714285714284,4.0,3.595,0.14285714285714285,7.0,0.7142857142857143,0.7142857142857143
H00985,43.244054054054104,77.07242713665707,Ауэзов,0.519,0.008,23.0,2664.0,0.058,0.225,300.0,0.02,1484.0,Парк/сквер,-3.546,-0.923,2.817,0,2.0,1.0,1.0,1.191,1.0,2.0,0.5,1.0
H00986,43.244054054054104,77.07992526836622,Ауэзов,0.48,0.01,19.9,4347.0,0.053,0.224,357.0,0.02,1511.0,Жилая,-3.939,1.068,4.015,0,19.0,3.0526315789473686,5.0,9.001,0.3157894736842105,17.0,0.8947368421052632,0.631578947368421
H00987,43.244054054054104,77.08742340007538,Ауэзов,0.528,-0.018,22.7,2810.0,0.049,0.225,323.0,0.02,1504.0,Жилая,-3.059,1.244,3.881,0,23.0,3.0,5.0,12.371,0.5652173913043478,23.0,0.8260869565217391,0.6086956521739131
H00988,43.244054054054104,77.09492153178454,Ауэзов,0.497,-0.007,23.5,2720.0,0.046,0.227,267.0,0.02,1522.0,Парк/сквер,-2.792,-1.514,3.182,0,2.0,3.5,4.0,0.758,0.5,2.0,0.5,1.0
H00989,43.248783783783836,76.78374906585458,Наурызбай,0.405,-0.033,22.8,5254.0,0.106,0.294,250.0,0.226,1183.0,Парк/сквер,-0.689,0.709,4.16,0,7.0,2.2857142857142856,4.0,3.301,0.5714285714285714,7.0,0.8571428571428571,0.5714285714285714
H00990,43.248783783783836,76.79124719756373,Наурызбай,0.343,-0.023,25.4,5873.0,0.127,0.309,263.0,0.083,1212.0,Коммерческая,-0.464,-0.012,5.613,0,1.0,4.0,4.0,0.438,1.0,1.0,1.0,0.0
H00991,43.248783783783836,76.79874532927289,Наурызбай,0.372,-0.026,23.5,6807.0,0.154,0.329,220.0,0.147,1144.0,Жилая,-0.405,-0.731,4.642,0,4.0,3.0,4.0,2.324,0.5,4.0,1.0,0.75
H00992,43.248783783783836,76.80624346098205,Наурызбай,0.349,-0.024,25.0,5910.0,0.187,0.352,260.0,0.231,1214.0,Коммерческая,0.066,-0.539,4.599,0,1.0,5.0,5.0,0.556,1.0,1.0,1.0,1.0
H00993,43.248783783783836,76.8137415926912,Наурызбай,0.329,-0.06,26.7,7866.0,0.227,0.38,201.0,0.214,1216.0,Пустырь,1.762,-1.886,4.783,0,3.0,4.0,5.0,1.5070000000000001,0.0,3.0,1.0,0.3333333333333333
H00994,43.248783783783836,76.82123972440036,Наурызбай,0.286,-0.045,25.8,7816.0,0.272,0.413,219.0,0.201,1228.0,Пустырь,1.634,1.207,5.783,0,33.0,3.6666666666666665,5.0,17.123,0.6060606060606061,30.0,0.7272727272727273,0.6060606060606061
H00995,43.248783783783836,76.82873785610951,Наурызбай,0.234,-0.036,28.1,10924.0,0.325,0.45,173.0,0.259,1204.0,Жилая,2.584,-1.103,4.607,0,4.0,3.0,4.0,2.058,0.25,4.0,1.0,0.25
H00996,43.248783783783836,76.83623598781867,Наурызбай,0.261,-0.039,28.9,9190.0,0.383,0.491,183.0,0.379,1236.0,Промышленная,3.006,-0.073,6.839,1,5.0,4.2,5.0,1.87,0.6,5.0,0.8,0.4
H00997,43.248783783783836,76.84373411952782,Наурызбай,0.211,-0.007,30.1,10637.0,0.446,0.535,189.0,0.428,1232.0,Жилая,2.99,-0.923,5.389,0,3.0,3.6666666666666665,4.0,1.594,0.6666666666666666,3.0,0.6666666666666666,1.0
H00998,43.248783783783836,76.85123225123698,Наурызбай,0.206,-0.05,30.8,12441.0,0.513,0.582,255.0,0.334,1282.0,Жилая,4.06,0.334,8.02,1,9.0,4.333333333333333,5.0,4.497,0.8888888888888888,9.0,0.7777777777777778,0.6666666666666666
H00999,43.248783783783836,76.85873038294613,Наурызбай,0.221,-0.042,31.3,14534.0,0.581,0.629,127.0,0.43,1273.0,Транспорт,4.779,0.719,8.498,1,30.0,4.4,5.0,12.872,0.7333333333333333,28.0,0.8,0.5666666666666667
H01000,43.248783783783836,76.86622851465529,Наурызбай,0.238,-0.053,32.5,14707.0,0.649,0.676,129.0,0.556,1290.0,Жилая,5.648,-0.662,8.126,1,7.0,4.571428571428571,5.0,3.694,0.7142857142857143,7.0,1.0,0.42857142857142855
H01001,43.248783783783836,76.87372664636445,Наурызбай,0.102,-0.057,36.1,13613.0,0.714,0.721,140.0,0.576,1242.0,Жилая,7.509,0.021,8.712,1,16.0,4.4375,5.0,6.285,0.5625,15.0,0.75,0.625
H01002,43.248783783783836,76.8812247780736,Жетысу,0.034,-0.043,36.5,13710.0,0.774,0.761,128.0,0.564,1253.0,Коммерческая,7.929,-1.38,8.855,1,11.0,4.363636363636363,5.0,6.187,0.6363636363636364,10.0,0.8181818181818182,0.45454545454545453
H01003,43.248783783783836,76.88872290978276,Жетысу,0.077,-0.043,38.4,14769.0,0.825,0.796,114.0,0.688,1315.0,Коммерческая,8.371,0.144,9.947,1,21.0,4.857142857142857,5.0,10.714,0.7142857142857143,21.0,0.8095238095238095,0.6190476190476191
H01004,43.248783783783836,76.89622104149191,Жетысу,0.103,-0.065,37.8,15976.0,0.865,0.823,95.0,0.634,1318.0,Жилая,8.793,-1.157,10.0,1,12.0,4.833333333333333,5.0,6.3,0.5833333333333334,12.0,1.0,0.4166666666666667
H01005,43.248783783783836,76.90371917320107,Жетысу,0.109,-0.038,37.8,17664.0,0.893,0.84,82.0,0.7,1308.0,Коммерческая,8.299,0.034,9.521,1,16.0,4.75,5.0,6.807,0.5625,15.0,0.75,0.5625
H01006,43.248783783783836,76.91121730491022,Жетысу,0.156,-0.046,34.9,15066.0,0.907,0.848,10.0,0.776,1314.0,Жилая,8.322,-0.321,9.573,1,9.0,4.444444444444445,5.0,5.142,0.8888888888888888,9.0,1.0,0.6666666666666666
H01007,43.248783783783836,76.91871543661938,Жетысу,0.082,-0.08,39.6,16080.0,0.906,0.846,19.0,0.634,1298.0,Парк/сквер,10.072,-0.095,10.0,1,15.0,4.733333333333333,5.0,7.448,0.6,15.0,0.8,0.6
H01008,43.248783783783836,76.92621356832854,Жетысу,0.121,-0.064,38.7,17077.0,0.89,0.833,105.0,0.742,1301.0,Жилая,9.04,0.928,10.0,1,69.0,4.797101449275362,5.0,37.774,0.6086956521739131,62.0,0.8405797101449275,0.6376811594202898
H01009,43.248783783783836,76.93371170003769,Жетысу,0.086,-0.06,34.0,15259.0,0.86,0.811,76.0,0.648,1347.0,Транспорт,8.425,-1.072,9.273,1,15.0,4.733333333333333,5.0,7.548,0.5333333333333333,13.0,0.7333333333333333,0.7333333333333333
H01010,43.248783783783836,76.94120983174685,Жетысу,0.174,-0.051,33.9,15861.0,0.817,0.779,130.0,0.601,1381.0,Жилая,6.972,-0.83,8.269,1,12.0,4.416666666666667,5.0,6.485,0.5833333333333334,12.0,0.5833333333333334,0.75
H01011,43.248783783783836,76.948707963456,Жетысу,0.194,-0.062,34.9,14642.0,0.764,0.741,146.0,0.673,1401.0,Жилая,7.165,-0.27,9.382,1,13.0,4.3076923076923075,5.0,7.039,0.6153846153846154,13.0,0.6923076923076923,0.5384615384615384
H01012,43.248783783783836,76.95620609516516,Ауэзов,0.162,-0.03,31.4,13353.0,0.703,0.697,85.0,0.604,1399.0,Коммерческая,5.946,1.319,8.403,1,71.0,4.366197183098592,5.0,36.778,0.5774647887323944,65.0,0.8028169014084507,0.647887323943662
H01013,43.248783783783836,76.96370422687431,Ауэзов,0.203,-0.05,33.8,14150.0,0.637,0.65,154.0,0.484,1378.0,Парк/сквер,5.677,-0.224,7.671,1,6.0,4.666666666666667,5.0,2.2680000000000002,0.6666666666666666,6.0,1.0,0.8333333333333334
H01014,43.248783783783836,76.97120235858347,Ауэзов,0.271,-0.043,30.9,12084.0,0.568,0.601,173.0,0.405,1362.0,Жилая,4.078,0.175,8.2,1,17.0,3.823529411764706,5.0,9.191,0.7647058823529411,17.0,0.4117647058823529,0.5882352941176471
H01015,43.248783783783836,76.97870049029262,Ауэзов,0.214,-0.015,34.3,12391.0,0.499,0.551,188.0,0.384,1404.0,Транспорт,3.795,-0.655,6.313,0,9.0,3.6666666666666665,5.0,4.138,0.7777777777777778,9.0,0.8888888888888888,0.6666666666666666
H01016,43.248783783783836,76.98619862200178,Ауэзов,0.267,-0.012,29.9,11595.0,0.432,0.504,189.0,0.302,1386.0,Парк/сквер,2.322,-0.369,6.675,1,9.0,3.7777777777777777,5.0,5.19,0.6666666666666666,9.0,0.7777777777777778,0.6666666666666666
H01017,43.248783783783836,76.99369675371094,Ауэзов,0.318,-0.043,28.7,11080.0,0.369,0.458,292.0,0.317,1436.0,Жилая,2.018,-0.905,6.179,0,4.0,2.5,5.0,2.132,0.5,4.0,1.0,0.25
H01018,43.248783783783836,77.00119488542009,Ауэзов,0.383,-0.033,25.8,10416.0,0.311,0.416,221.0,0.237,1414.0,Транспорт,0.763,0.865,6.643,1,30.0,3.7333333333333334,5.0,13.806000000000001,0.7333333333333333,28.0,0.8333333333333334,0.6
H01019,43.248783783783836,77.00869301712925,Ауэзов,0.395,0.002,25.0,10658.0,0.26,0.378,265.0,0.266,1436.0,Жилая,-0.712,0.656,4.572,0,19.0,3.473684210526316,5.0,10.306000000000001,0.631578947368421,17.0,0.7894736842105263,0.6842105263157895
H01020,43.248783783783836,77.0161911488384,Ауэзов,0.42,-0.033,26.4,8142.0,0.215,0.345,265.0,0.191,1391.0,Коммерческая,-0.084,-0.362,4.274,0,1.0,1.0,1.0,0.179,0.0,1.0,1.0,0.0
H01021,43.248783783783836,77.02368928054756,Ауэзов,0.515,-0.036,25.0,7047.0,0.177,0.315,255.0,0.224,1440.0,Транспорт,-0.961,-0.784,4.901,0,1.0,4.0,4.0,0.544,1.0,1.0,1.0,1.0
H01022,43.248783783783836,77.03118741225671,Ауэзов,0.373,-0.011,24.9,4918.0,0.145,0.29,253.0,0.141,1425.0,Жилая,-0.849,-0.532,4.167,0,0.0,0.0,0.0,0.0,0.0,0.0,0.0,0.0
H01023,43.248783783783836,77.03868554396587,Ауэзов,0.488,-0.017,23.0,4966.0,0.12,0.268,240.0,0.163,1454.0,Коммерческая,-1.802,0.175,3.403,0,10.0,2.8,5.0,5.673,0.7,10.0,0.7,0.8
H01024,43.248783783783836,77.04618367567502,Ауэзов,0.495,0.001,25.0,5704.0,0.099,0.251,331.0,0.168,1432.0,Парк/сквер,-2.554,-0.983,1.949,0,1.0,2.0,2.0,0.908,1.0,1.0,1.0,0.0
H01025,43.248783783783836,77.05368180738418,Ауэзов,0.442,-0.006,23.6,3119.0,0.083,0.239,272.0,0.16,1494.0,Промышленная,-1.954,1.451,5.232,0,24.0,3.4583333333333335,5.0,12.453,0.5833333333333334,23.0,0.875,0.7083333333333334
H01026,43.248783783783836,77.06117993909334,Ауэзов,0.498,0.027,23.0,2714.0,0.071,0.23,350.0,0.105,1540.0,Парк/сквер,-3.865,-2.121,2.034,0,4.0,2.5,5.0,2.049,0.5,4.0,0.75,0.25
H01027,43.248783783783836,77.06867807080249,Ауэзов,0.518,0.021,20.4,3726.0,0.062,0.225,321.0,0.051,1510.0,Транспорт,-4.214,0.463,2.986,0,9.0,3.111111111111111,5.0,5.425,0.7777777777777778,9.0,1.0,0.6666666666666666
H01028,43.248783783783836,77.07617620251165,Ауэзов,0.425,-0.035,23.6,4556.0,0.056,0.222,251.0,0.06,1504.0,Жилая,-1.257,-0.861,3.652,0,0.0,0.0,0.0,0.0,0.0,0.0,0.0,0.0
H01029,43.248783783783836,77.0836743342208,Ауэзов,0.515,-0.002,21.3,3755.0,0.051,0.223,326.0,0.081,1535.0,Промышленная,-3.443,-1.559,2.148,0,2.0,1.0,1.0,1.369,1.0,2.0,1.0,0.5
H01030,43.248783783783836,77.09117246592996,Ауэзов,0.542,0.004,19.7,2931.0,0.048,0.225,356.0,0.066,1523.0,Парк/сквер,-4.205,-1.21,1.476,0,1.0,2.0,2.0,0.974,1.0,1.0,1.0,1.0
H01031,43.248783783783836,77.09867059763911,Ауэзов,0.529,0.024,21.9,2976.0,0.045,0.228,340.0,0.02,1489.0,Парк/сквер,-4.411,-1.543,1.51,0,3.0,1.0,1.0,1.314,1.0,3.0,1.0,1.0
H01032,43.25351351351357,76.78,Наурызбай,0.345,-0.007,25.2,4852.0,0.096,0.287,275.0,0.12,1173.0,Жилая,-1.009,-0.909,4.349,0,3.0,3.3333333333333335,4.0,1.5510000000000002,0.6666666666666666,3.0,1.0,0.6666666666666666
H01033,43.25351351351357,76.78749813170916,Наурызбай,0.332,-0.024,23.7,3854.0,0.115,0.301,269.0,0.169,1168.0,Парк/сквер,-0.417,-0.882,4.259,0,1.0,3.0,3.0,0.48,1.0,1.0,1.0,1.0
H01034,43.25351351351357,76.79499626341831,Наурызбай,0.283,0.02,24.9,4104.0,0.139,0.318,233.0,0.175,1170.0,Парк/сквер,-0.864,-0.664,4.693,0,1.0,5.0,5.0,0.222,0.0,1.0,0.0,0.0
H01035,43.25351351351357,76.80249439512747,Наурызбай,0.342,-0.019,26.8,7275.0,0.168,0.34,296.0,0.101,1165.0,Коммерческая,-0.335,0.383,4.62,0,6.0,4.166666666666667,5.0,3.266,0.6666666666666666,6.0,1.0,0.8333333333333334
H01036,43.25351351351357,76.80999252683662,Наурызбай,0.291,-0.033,26.4,6651.0,0.203,0.365,300.0,0.311,1186.0,Коммерческая,1.012,0.534,5.704,0,16.0,3.875,5.0,7.955,0.5625,14.0,0.875,0.6875
H01037,43.25351351351357,76.81749065854578,Наурызбай,0.25,-0.034,26.5,6375.0,0.245,0.395,239.0,0.295,1176.0,Парк/сквер,1.733,-1.038,6.356,0,4.0,4.0,5.0,1.02,0.25,4.0,1.0,0.75
H01038,43.25351351351357,76.82498879025493,Наурызбай,0.286,-0.044,28.3,8088.0,0.293,0.429,241.0,0.31,1222.0,Жилая,2.17,0.54,6.571,1,21.0,3.857142857142857,5.0,10.852,0.6190476190476191,21.0,0.9523809523809523,0.47619047619047616
H01039,43.25351351351357,76.83248692196409,Наурызбай,0.314,-0.028,27.7,10708.0,0.348,0.468,231.0,0.305,1237.0,Жилая,1.652,-1.378,4.556,0,1.0,2.0,2.0,0.728,1.0,1.0,1.0,1.0
H01040,43.25351351351357,76.83998505367325,Наурызбай,0.253,-0.019,29.7,11059.0,0.407,0.51,187.0,0.371,1267.0,Коммерческая,2.662,0.292,7.144,1,21.0,4.238095238095238,5.0,11.343,0.7619047619047619,21.0,0.8571428571428571,0.6666666666666666
H01041,43.25351351351357,76.8474831853824,Наурызбай,0.181,-0.04,30.4,10567.0,0.471,0.555,217.0,0.451,1230.0,Пустырь,4.204,0.725,6.884,1,28.0,3.9285714285714284,5.0,16.231,0.6428571428571429,26.0,0.9285714285714286,0.5714285714285714
H01042,43.25351351351357,76.85498131709156,Наурызбай,0.228,-0.015,30.1,11980.0,0.538,0.601,237.0,0.422,1263.0,Транспорт,3.215,0.88,6.909,1,34.0,4.147058823529412,5.0,18.031,0.5882352941176471,33.0,0.8823529411764706,0.6470588235294118
H01043,43.25351351351357,76.86247944880071,Наурызбай,0.183,-0.04,33.3,12779.0,0.606,0.648,120.0,0.542,1234.0,Жилая,5.67,-0.646,8.191,1,8.0,4.25,5.0,2.769,0.875,8.0,0.875,1.0
H01044,43.25351351351357,76.86997758050987,Наурызбай,0.281,-0.026,33.4,13425.0,0.671,0.693,104.0,0.492,1269.0,Промышленная,4.713,0.978,7.298,1,38.0,4.157894736842105,5.0,20.496,0.6578947368421053,36.0,0.8947368421052632,0.5
H01045,43.25351351351357,76.87747571221902,Жетысу,0.182,-0.067,33.4,15655.0,0.733,0.736,134.0,0.625,1239.0,Жилая,7.041,-0.014,9.377,1,12.0,4.583333333333333,5.0,6.148,0.5,12.0,0.8333333333333334,0.3333333333333333
H01046,43.25351351351357,76.88497384392818,Жетысу,0.194,-0.046,35.8,15795.0,0.788,0.773,109.0,0.583,1264.0,Транспорт,6.84,1.148,8.97,1,60.0,4.6,5.0,31.768,0.65,55.0,0.8666666666666667,0.5833333333333334
H01047,43.25351351351357,76.89247197563733,Жетысу,0.104,-0.07,37.6,16995.0,0.834,0.803,94.0,0.643,1310.0,Коммерческая,8.825,-1.595,8.86,1,18.0,4.611111111111111,5.0,7.868,0.3333333333333333,18.0,0.8888888888888888,0.5555555555555556
H01048,43.25351351351357,76.89997010734649,Жетысу,0.13,-0.059,36.5,16095.0,0.868,0.826,85.0,0.679,1280.0,Коммерческая,8.42,0.009,8.51,1,18.0,4.777777777777778,5.0,9.197000000000001,0.5555555555555556,17.0,0.6666666666666666,0.5555555555555556
H01049,43.25351351351357,76.90746823905565,Жетысу,0.188,-0.072,36.2,16381.0,0.889,0.839,10.0,0.808,1302.0,Коммерческая,8.976,-1.605,10.0,1,11.0,4.818181818181818,5.0,5.9990000000000006,0.36363636363636365,11.0,0.8181818181818182,0.5454545454545454
H01050,43.25351351351357,76.9149663707648,Жетысу,0.127,-0.076,36.8,16810.0,0.895,0.841,33.0,0.748,1318.0,Коммерческая,9.413,1.168,10.0,1,75.0,4.52,5.0,37.883,0.5333333333333333,61.0,0.8533333333333334,0.5466666666666666
H01051,43.25351351351357,76.92246450247396,Жетысу,0.075,-0.066,37.8,15745.0,0.887,0.834,79.0,0.698,1285.0,Коммерческая,9.354,1.342,10.0,1,76.0,4.565789473684211,5.0,38.587,0.5526315789473685,71.0,0.8157894736842105,0.6710526315789473
H01052,43.25351351351357,76.92996263418311,Жетысу,0.124,-0.072,37.6,15673.0,0.865,0.816,36.0,0.663,1354.0,Промышленная,9.117,-0.71,9.863,1,13.0,4.846153846153846,5.0,6.854,0.46153846153846156,13.0,0.6923076923076923,0.5384615384615384
H01053,43.25351351351357,76.93746076589227,Жетысу,0.116,-0.058,35.1,14572.0,0.83,0.79,162.0,0.705,1363.0,Коммерческая,7.915,-0.258,7.722,1,17.0,4.176470588235294,5.0,9.161,0.5882352941176471,16.0,0.8823529411764706,0.7058823529411765
H01054,43.25351351351357,76.94495889760142,Жетысу,0.117,-0.059,34.9,15962.0,0.783,0.755,167.0,0.675,1383.0,Жилая,7.663,0.194,9.888,1,13.0,4.6923076923076925,5.0,6.884,0.6153846153846154,10.0,0.8461538461538461,0.38461538461538464
H01055,43.25351351351357,76.95245702931058,Жетысу,0.165,-0.051,35.1,16142.0,0.726,0.714,93.0,0.669,1352.0,Коммерческая,7.179,-1.255,7.407,1,17.0,4.294117647058823,5.0,8.505,0.47058823529411764,15.0,0.9411764705882353,0.7058823529411765
H01056,43.25351351351357,76.95995516101974,Ауэзов,0.153,-0.045,34.6,14534.0,0.663,0.669,146.0,0.531,1362.0,Жилая,6.266,0.376,8.251,1,34.0,4.676470588235294,5.0,19.488,0.6176470588235294,32.0,0.8235294117647058,0.6764705882352942
H01057,43.25351351351357,76.96745329272889,Ауэзов,0.216,-0.06,32.4,13047.0,0.596,0.621,196.0,0.503,1387.0,Жилая,5.41,-1.94,7.256,1,10.0,4.4,5.0,5.944,0.8,10.0,1.0,0.7
H01058,43.25351351351357,76.97495142443805,Ауэзов,0.257,-0.03,29.0,12165.0,0.528,0.572,146.0,0.381,1369.0,Жилая,3.497,-0.325,6.498,0,5.0,3.8,5.0,2.3760000000000003,0.8,4.0,1.0,0.8
H01059,43.25351351351357,76.9824495561472,Ауэзов,0.265,-0.045,30.5,12326.0,0.461,0.524,200.0,0.389,1372.0,Жилая,3.594,-0.81,7.317,1,13.0,4.3076923076923075,5.0,6.063,0.7692307692307693,13.0,0.8461538461538461,0.6923076923076923
H01060,43.25351351351357,76.98994768785636,Ауэзов,0.356,-0.024,28.7,11399.0,0.396,0.478,213.0,0.32,1396.0,Пустырь,1.608,2.058,7.095,1,72.0,4.0,5.0,37.85,0.625,59.0,0.875,0.625
H01061,43.25351351351357,76.99744581956551,Ауэзов,0.369,-0.037,27.4,11441.0,0.336,0.435,218.0,0.244,1400.0,Жилая,1.292,-0.476,5.217,0,7.0,3.5714285714285716,5.0,4.679,1.0,7.0,1.0,0.7142857142857143
H01062,43.25351351351357,77.00494395127467,Ауэзов,0.281,-0.041,26.2,9922.0,0.282,0.395,184.0,0.281,1416.0,Парк/сквер,1.969,-0.65,5.177,0,2.0,3.0,3.0,0.9650000000000001,0.5,2.0,0.5,0.5
H01063,43.25351351351357,77.01244208298382,Ауэзов,0.339,-0.012,28.5,8142.0,0.235,0.359,287.0,0.136,1434.0,Парк/сквер,0.082,0.648,5.742,0,26.0,3.6923076923076925,5.0,13.153,0.6923076923076923,22.0,0.9615384615384616,0.5769230769230769
H01064,43.25351351351357,77.01994021469298,Ауэзов,0.38,-0.002,24.7,9057.0,0.194,0.327,281.0,0.148,1445.0,Парк/сквер,-1.104,0.611,6.278,0,16.0,3.9375,5.0,8.817,0.3125,15.0,0.8125,0.8125
H01065,43.25351351351357,77.02743834640214,Ауэзов,0.483,0.013,26.1,7393.0,0.159,0.3,363.0,0.176,1452.0,Парк/сквер,-2.534,-0.603,2.206,0,3.0,1.3333333333333333,2.0,1.863,0.6666666666666666,3.0,0.6666666666666666,1.0
H01066,43.25351351351357,77.03493647811129,Ауэзов,0.411,-0.008,26.5,5713.0,0.131,0.276,196.0,0.135,1451.0,Промышленная,-0.84,-0.534,4.336,0,3.0,2.3333333333333335,3.0,1.873,1.0,3.0,1.0,0.6666666666666666
H01067,43.25351351351357,77.04243460982045,Ауэзов,0.501,-0.011,22.2,5019.0,0.108,0.257,268.0,0.106,1450.0,Парк/сквер,-2.459,0.134,3.876,0,8.0,2.75,4.0,4.776,0.75,8.0,0.625,0.625
H01068,43.25351351351357,77.0499327415296,Ауэзов,0.454,-0.012,23.1,4195.0,0.091,0.242,316.0,0.168,1466.0,Парк/сквер,-2.08,-0.331,3.334,0,2.0,1.5,2.0,1.677,0.5,2.0,1.0,1.0
H01069,43.25351351351357,77.05743087323876,Ауэзов,0.464,0.001,21.1,3505.0,0.077,0.231,319.0,0.048,1500.0,Жилая,-3.097,-0.696,3.19,0,0.0,0.0,0.0,0.0,0.0,0.0,0.0,0.0
H01070,43.25351351351357,77.06492900494791,Ауэзов,0.433,0.013,23.5,4491.0,0.066,0.224,244.0,0.056,1477.0,Транспорт,-2.593,1.066,3.771,0,25.0,3.12,5.0,10.8,0.68,24.0,0.92,0.44
H01071,43.25351351351357,77.07242713665707,Ауэзов,0.488,0.004,24.3,3770.0,0.059,0.221,294.0,0.05,1501.0,Парк/сквер,-2.935,-1.014,2.085,0,1.0,5.0,5.0,0.556,1.0,1.0,1.0,1.0
H01072,43.25351351351357,77.07992526836622,Ауэзов,0.53,-0.016,22.3,2629.0,0.053,0.221,336.0,0.02,1517.0,Парк/сквер,-3.224,-0.823,3.467,0,0.0,0.0,0.0,0.0,0.0,0.0,0.0,0.0
H01073,43.25351351351357,77.08742340007538,Ауэзов,0.477,-0.012,23.8,3259.0,0.049,0.223,351.0,0.048,1501.0,Парк/сквер,-2.751,-0.463,3.413,0,2.0,3.0,4.0,0.877,0.5,2.0,1.0,0.5
H01074,43.25351351351357,77.09492153178454,Ауэзов,0.437,0.002,21.9,1642.0,0.047,0.226,284.0,0.022,1539.0,Парк/сквер,-2.854,0.178,4.247,0,1.0,2.0,2.0,0.631,1.0,1.0,1.0,1.0
H01075,43.2582432432433,76.78374906585458,Наурызбай,0.323,-0.018,22.6,4853.0,0.103,0.293,262.0,0.167,1164.0,Пустырь,-0.673,0.611,5.227,0,15.0,3.8666666666666667,5.0,9.061,0.4,14.0,0.7333333333333333,0.6666666666666666
H01076,43.2582432432433,76.79124719756373,Наурызбай,0.293,-0.02,24.0,4763.0,0.124,0.308,242.0,0.119,1117.0,Промышленная,-0.151,0.799,5.17,0,21.0,3.9047619047619047,5.0,10.33,0.5714285714285714,20.0,0.9047619047619048,0.47619047619047616
H01077,43.2582432432433,76.79874532927289,Наурызбай,0.331,-0.013,26.2,5665.0,0.15,0.327,237.0,0.121,1166.0,Транспорт,-0.258,-3.122,3.899,0,3.0,2.0,3.0,1.811,0.6666666666666666,3.0,1.0,0.6666666666666666
H01078,43.2582432432433,76.80624346098205,Наурызбай,0.296,-0.032,27.4,6837.0,0.181,0.35,234.0,0.24,1162.0,Парк/сквер,1.108,-0.474,5.838,0,3.0,3.6666666666666665,5.0,1.826,0.3333333333333333,3.0,1.0,0.3333333333333333
H01079,43.2582432432433,76.8137415926912,Наурызбай,0.28,-0.018,24.8,6389.0,0.219,0.377,236.0,0.218,1195.0,Пустырь,0.598,0.372,6.154,0,8.0,4.25,5.0,3.959,0.375,8.0,0.75,0.875
H01080,43.2582432432433,76.82123972440036,Наурызбай,0.264,-0.067,25.1,7624.0,0.262,0.409,237.0,0.223,1200.0,Пустырь,2.283,0.663,8.013,1,20.0,4.15,5.0,11.312,0.65,19.0,0.95,0.7
H01081,43.2582432432433,76.82873785610951,Наурызбай,0.388,-0.021,25.9,9313.0,0.312,0.444,172.0,0.23,1153.0,Парк/сквер,0.586,-0.635,4.642,0,2.0,3.5,4.0,0.385,1.0,2.0,1.0,1.0
H01082,43.2582432432433,76.83623598781867,Наурызбай,0.333,-0.063,28.3,9417.0,0.368,0.484,150.0,0.343,1193.0,Парк/сквер,3.036,-0.087,7.659,1,5.0,4.6,5.0,3.307,0.8,5.0,0.8,0.8
H01083,43.2582432432433,76.84373411952782,Наурызбай,0.237,-0.039,29.7,11197.0,0.428,0.526,207.0,0.383,1215.0,Пустырь,3.372,1.692,7.627,1,39.0,4.410256410256411,5.0,19.817,0.5128205128205128,34.0,0.7948717948717948,0.5641025641025641
H01084,43.2582432432433,76.85123225123698,Наурызбай,0.154,-0.052,28.6,11287.0,0.492,0.571,153.0,0.455,1216.0,Парк/сквер,4.873,-0.223,7.614,1,7.0,3.7142857142857144,5.0,3.1430000000000002,0.5714285714285714,6.0,0.7142857142857143,0.7142857142857143
H01085,43.2582432432433,76.85873038294613,Наурызбай,0.163,-0.036,33.6,12115.0,0.558,0.617,239.0,0.463,1221.0,Пустырь,4.888,1.795,8.913,1,70.0,4.6,5.0,37.246,0.6142857142857143,63.0,0.8571428571428571,0.6285714285714286
H01086,43.2582432432433,76.86622851465529,Наурызбай,0.248,-0.064,31.8,13954.0,0.623,0.662,137.0,0.616,1260.0,Жилая,5.783,-1.542,6.753,1,6.0,3.3333333333333335,5.0,4.08,0.6666666666666666,6.0,0.8333333333333334,0.5
H01087,43.2582432432433,76.87372664636445,Наурызбай,0.189,-0.046,34.2,14459.0,0.686,0.705,157.0,0.58,1243.0,Транспорт,6.106,0.494,9.339,1,28.0,4.571428571428571,5.0,16.245,0.5714285714285714,26.0,0.8214285714285714,0.5714285714285714
H01088,43.2582432432433,76.8812247780736,Жетысу,0.117,-0.031,36.2,16136.0,0.743,0.744,96.0,0.629,1268.0,Жилая,7.104,-1.686,8.776,1,19.0,4.157894736842105,5.0,10.417,0.631578947368421,18.0,0.631578947368421,0.5789473684210527
H01089,43.2582432432433,76.88872290978276,Жетысу,0.179,-0.059,33.4,15657.0,0.792,0.778,101.0,0.666,1257.0,Коммерческая,7.282,-0.663,8.763,1,9.0,4.222222222222222,5.0,4.915,0.6666666666666666,9.0,0.4444444444444444,0.6666666666666666
H01090,43.2582432432433,76.89622104149191,Жетысу,0.125,-0.066,35.2,14966.0,0.832,0.803,132.0,0.61,1256.0,Коммерческая,8.003,-1.21,9.703,1,10.0,4.3,5.0,5.145,0.5,10.0,0.8,0.7
H01091,43.2582432432433,76.90371917320107,Жетысу,0.03,-0.044,38.3,15683.0,0.859,0.821,28.0,0.663,1294.0,Коммерческая,9.16,-2.579,8.522,1,17.0,4.352941176470588,5.0,9.531,0.7058823529411765,17.0,0.8235294117647058,0.8235294117647058
H01092,43.2582432432433,76.91121730491022,Жетысу,0.117,-0.059,35.7,16402.0,0.873,0.828,139.0,0.583,1263.0,Транспорт,7.978,0.356,9.453,1,37.0,4.594594594594595,5.0,21.87,0.7027027027027027,35.0,0.7297297297297297,0.6756756756756757
H01093,43.2582432432433,76.91871543661938,Жетысу,0.034,-0.059,38.5,16561.0,0.873,0.826,41.0,0.695,1308.0,Жилая,9.647,0.85,10.0,1,43.0,4.6976744186046515,5.0,24.031,0.6744186046511628,39.0,0.813953488372093,0.627906976744186
H01094,43.2582432432433,76.92621356832854,Жетысу,0.085,-0.052,35.3,14869.0,0.858,0.814,34.0,0.651,1301.0,Коммерческая,8.529,0.21,10.0,1,22.0,4.681818181818182,5.0,10.372,0.6363636363636364,21.0,0.9090909090909091,0.6363636363636364
H01095,43.2582432432433,76.93371170003769,Жетысу,0.146,-0.094,36.5,16424.0,0.83,0.792,110.0,0.586,1284.0,Транспорт,8.814,-0.188,9.674,1,14.0,4.285714285714286,5.0,7.213,0.7142857142857143,14.0,0.7142857142857143,0.5
H01096,43.2582432432433,76.94120983174685,Жетысу,0.18,-0.073,35.6,15363.0,0.79,0.762,136.0,0.758,1316.0,Коммерческая,7.993,-1.272,8.693,1,8.0,4.125,5.0,4.537,0.75,8.0,1.0,0.5
H01097,43.2582432432433,76.948707963456,Жетысу,0.163,-0.078,33.6,15512.0,0.739,0.725,84.0,0.646,1368.0,Жилая,7.792,-1.509,7.178,1,16.0,3.8125,5.0,8.18,0.5,14.0,0.8125,0.8125
H01098,43.2582432432433,76.95620609516516,Ауэзов,0.2,-0.033,31.4,15701.0,0.681,0.683,49.0,0.58,1306.0,Пустырь,5.733,0.713,8.496,1,50.0,4.14,5.0,27.995,0.66,41.0,0.9,0.76
H01099,43.2582432432433,76.96370422687431,Ауэзов,0.307,-0.035,31.9,14151.0,0.617,0.637,158.0,0.496,1365.0,Жилая,4.14,0.041,7.071,1,9.0,3.888888888888889,5.0,4.304,0.6666666666666666,9.0,0.6666666666666666,0.5555555555555556
H01100,43.2582432432433,76.97120235858347,Ауэзов,0.301,-0.034,31.7,12483.0,0.551,0.589,155.0,0.489,1365.0,Транспорт,3.908,0.785,7.073,1,41.0,3.951219512195122,5.0,22.668,0.5121951219512195,38.0,0.7804878048780488,0.6585365853658537
H01101,43.2582432432433,76.97870049029262,Ауэзов,0.282,-0.061,31.2,12666.0,0.484,0.541,207.0,0.423,1353.0,Жилая,4.114,0.147,7.711,1,19.0,4.105263157894737,5.0,10.024000000000001,0.5789473684210527,18.0,0.7894736842105263,0.5789473684210527
H01102,43.2582432432433,76.98619862200178,Ауэзов,0.265,-0.025,28.2,10858.0,0.42,0.495,194.0,0.372,1378.0,Жилая,2.57,-2.456,5.547,0,5.0,4.2,5.0,1.477,0.2,5.0,0.6,0.8
H01103,43.2582432432433,76.99369675371094,Ауэзов,0.259,-0.028,29.7,10899.0,0.359,0.451,175.0,0.295,1368.0,Коммерческая,2.57,0.886,5.645,0,38.0,3.5526315789473686,5.0,20.176000000000002,0.5789473684210527,37.0,0.868421052631579,0.7105263157894737
H01104,43.2582432432433,77.00119488542009,Ауэзов,0.299,-0.034,26.2,11060.0,0.303,0.41,215.0,0.309,1400.0,Транспорт,1.656,-1.162,5.544,0,3.0,3.6666666666666665,5.0,1.839,0.6666666666666666,3.0,0.6666666666666666,0.6666666666666666
H01105,43.2582432432433,77.00869301712925,Ауэзов,0.406,-0.031,26.4,10591.0,0.253,0.373,240.0,0.275,1383.0,Пустырь,0.404,1.28,5.187,0,52.0,3.7884615384615383,5.0,24.715,0.5192307692307693,45.0,0.9423076923076923,0.6730769230769231
H01106,43.2582432432433,77.0161911488384,Ауэзов,0.349,-0.036,27.4,7587.0,0.21,0.34,270.0,0.219,1364.0,Транспорт,0.714,-0.824,5.398,0,4.0,3.0,4.0,2.068,0.25,4.0,0.75,0.75
H01107,43.2582432432433,77.02368928054756,Ауэзов,0.353,0.009,26.9,7270.0,0.173,0.31,293.0,0.158,1436.0,Парк/сквер,-1.007,-0.812,5.482,0,3.0,4.0,5.0,1.398,0.6666666666666666,3.0,1.0,0.6666666666666666
H01108,43.2582432432433,77.03118741225671,Ауэзов,0.453,-0.022,25.5,7179.0,0.143,0.284,285.0,0.064,1389.0,Жилая,-1.413,-1.025,3.353,0,3.0,3.0,4.0,1.749,0.3333333333333333,3.0,1.0,1.0
H01109,43.2582432432433,77.03868554396587,Ауэзов,0.403,0.009,22.7,6329.0,0.118,0.263,285.0,0.097,1413.0,Жилая,-2.251,-1.556,2.596,0,3.0,2.0,2.0,1.667,0.3333333333333333,3.0,0.6666666666666666,0.3333333333333333
H01110,43.2582432432433,77.04618367567502,Ауэзов,0.425,-0.016,23.4,6023.0,0.098,0.246,360.0,0.063,1453.0,Парк/сквер,-2.106,-1.827,3.184,0,1.0,4.0,4.0,0.376,0.0,1.0,1.0,1.0
H01111,43.2582432432433,77.05368180738418,Ауэзов,0.47,-0.015,23.0,4752.0,0.083,0.233,241.0,0.087,1456.0,Пустырь,-2.023,0.173,3.191,0,8.0,1.75,3.0,4.378,0.5,8.0,0.75,1.0
H01112,43.2582432432433,77.06117993909334,Ауэзов,0.475,-0.019,22.5,5764.0,0.071,0.224,372.0,0.046,1515.0,Жилая,-2.698,-0.883,4.019,0,0.0,0.0,0.0,0.0,0.0,0.0,0.0,0.0
H01113,43.2582432432433,77.06867807080249,Ауэзов,0.499,-0.003,22.2,4397.0,0.062,0.219,311.0,0.098,1480.0,Парк/сквер,-3.018,-1.811,3.472,0,3.0,1.3333333333333333,2.0,1.017,0.0,3.0,0.6666666666666666,1.0
H01114,43.2582432432433,77.07617620251165,Ауэзов,0.495,-0.012,23.0,3959.0,0.056,0.218,301.0,0.07,1494.0,Пустырь,-2.688,1.087,4.19,0,21.0,3.142857142857143,5.0,9.497,0.42857142857142855,19.0,1.0,0.7142857142857143
H01115,43.2582432432433,77.0836743342208,Ауэзов,0.462,-0.007,22.7,1792.0,0.051,0.22,275.0,0.02,1479.0,Пустырь,-2.64,0.697,4.131,0,14.0,2.357142857142857,4.0,7.404,0.5714285714285714,13.0,0.7857142857142857,0.6428571428571429
H01116,43.2582432432433,77.09117246592996,Ауэзов,0.522,0.022,22.1,2177.0,0.048,0.224,290.0,0.02,1496.0,Парк/сквер,-4.059,-1.872,2.069,0,2.0,2.0,3.0,1.194,1.0,2.0,0.5,0.5
H01117,43.2582432432433,77.09867059763911,Ауэзов,0.487,-0.002,24.5,1179.0,0.046,0.228,415.0,0.132,1452.0,Промышленная,-3.076,-0.743,2.955,0,3.0,2.3333333333333335,3.0,1.6720000000000002,1.0,3.0,1.0,0.6666666666666666
H01118,43.26297297297303,76.78,Наурызбай,0.426,-0.034,24.5,3004.0,0.093,0.286,292.0,0.109,1151.0,Парк/сквер,-1.093,-0.577,4.028,0,2.0,1.5,2.0,0.639,1.0,2.0,1.0,1.0
H01119,43.26297297297303,76.78749813170916,Наурызбай,0.345,-0.029,24.9,3981.0,0.11,0.299,243.0,0.239,1134.0,Парк/сквер,0.003,0.777,5.419,0,8.0,3.5,5.0,4.135,0.875,8.0,0.875,0.625
H01120,43.26297297297303,76.79499626341831,Наурызбай,0.324,0.006,25.3,3584.0,0.133,0.316,243.0,0.116,1148.0,Жилая,-0.948,-1.033,4.516,0,0.0,0.0,0.0,0.0,0.0,0.0,0.0,0.0
H01121,43.26297297297303,76.80249439512747,Наурызбай,0.351,-0.017,23.6,6904.0,0.16,0.336,285.0,0.252,1162.0,Пустырь,-0.497,0.779,5.168,0,17.0,3.588235294117647,5.0,8.682,0.5294117647058824,16.0,0.7647058823529411,0.5882352941176471
H01122,43.26297297297303,76.80999252683662,Наурызбай,0.278,-0.028,26.4,7939.0,0.193,0.361,299.0,0.271,1178.0,Жилая,0.838,-0.91,4.889,0,5.0,2.6,3.0,2.391,0.8,5.0,1.0,0.4
H01123,43.26297297297303,76.81749065854578,Наурызбай,0.295,-0.044,24.5,8609.0,0.232,0.389,237.0,0.3,1161.0,Пустырь,1.388,0.761,5.523,0,21.0,3.4285714285714284,5.0,11.39,0.5238095238095238,21.0,0.9523809523809523,0.5238095238095238
H01124,43.26297297297303,76.82498879025493,Наурызбай,0.341,-0.022,27.5,8766.0,0.278,0.422,234.0,0.231,1182.0,Парк/сквер,0.816,-0.081,5.371,0,1.0,5.0,5.0,0.512,0.0,1.0,0.0,1.0
H01125,43.26297297297303,76.83248692196409,Наурызбай,0.284,-0.002,28.9,10028.0,0.328,0.458,220.0,0.362,1192.0,Пустырь,1.409,0.845,4.525,0,24.0,3.4166666666666665,5.0,10.271,0.4583333333333333,23.0,0.75,0.5833333333333334
H01126,43.26297297297303,76.83998505367325,Наурызбай,0.315,-0.025,28.3,11203.0,0.384,0.498,211.0,0.361,1199.0,Пустырь,1.973,-1.524,5.437,0,6.0,2.8333333333333335,5.0,2.864,0.8333333333333334,6.0,0.6666666666666666,0.8333333333333334
H01127,43.26297297297303,76.8474831853824,Наурызбай,0.25,-0.048,28.7,10354.0,0.445,0.54,163.0,0.492,1194.0,Пустырь,3.893,0.106,7.649,1,4.0,4.75,5.0,2.151,0.25,3.0,1.0,0.5
H01128,43.26297297297303,76.85498131709156,Наурызбай,0.175,-0.047,31.8,12308.0,0.507,0.584,220.0,0.461,1200.0,Промышленная,4.789,0.959,8.616,1,32.0,4.40625,5.0,17.495,0.625,27.0,0.8125,0.8125
H01129,43.26297297297303,76.86247944880071,Наурызбай,0.162,-0.043,33.0,12651.0,0.571,0.629,165.0,0.435,1229.0,Пустырь,5.319,0.687,8.794,1,34.0,4.5,5.0,20.134,0.7058823529411765,33.0,0.9411764705882353,0.7647058823529411
H01130,43.26297297297303,76.86997758050987,Наурызбай,0.253,-0.033,34.0,13669.0,0.633,0.671,133.0,0.569,1255.0,Жилая,5.128,0.294,8.705,1,12.0,4.416666666666667,5.0,6.086,0.6666666666666666,12.0,0.75,0.75
H01131,43.26297297297303,76.87747571221902,Жетысу,0.209,-0.05,32.7,16003.0,0.691,0.711,111.0,0.632,1259.0,Пустырь,6.225,1.389,9.004,1,78.0,4.371794871794871,5.0,39.515,0.5384615384615384,67.0,0.8076923076923077,0.5769230769230769
H01132,43.26297297297303,76.88497384392818,Жетысу,0.107,-0.027,35.7,14562.0,0.743,0.746,138.0,0.607,1241.0,Коммерческая,6.758,-1.487,7.897,1,9.0,4.666666666666667,5.0,4.427,0.5555555555555556,9.0,0.5555555555555556,0.7777777777777778
H01133,43.26297297297303,76.89247197563733,Жетысу,0.101,-0.064,35.2,15594.0,0.786,0.775,67.0,0.684,1275.0,Жилая,8.42,-0.064,10.0,1,16.0,4.3125,5.0,7.693,0.5625,15.0,0.75,0.625
H01134,43.26297297297303,76.89997010734649,Жетысу,0.169,-0.086,37.3,15183.0,0.819,0.796,89.0,0.573,1260.0,Транспорт,8.527,0.452,10.0,1,38.0,4.631578947368421,5.0,20.115000000000002,0.631578947368421,35.0,0.8157894736842105,0.631578947368421
H01135,43.26297297297303,76.90746823905565,Жетысу,0.137,-0.068,36.0,18105.0,0.839,0.808,85.0,0.592,1276.0,Коммерческая,8.238,-0.055,10.0,1,22.0,4.681818181818182,5.0,9.951,0.5454545454545454,20.0,0.8181818181818182,0.45454545454545453
H01136,43.26297297297303,76.9149663707648,Жетысу,0.059,-0.072,36.3,17155.0,0.846,0.81,105.0,0.578,1255.0,Транспорт,8.919,-1.552,8.174,1,12.0,4.416666666666667,5.0,6.273,0.5833333333333334,10.0,0.75,0.5833333333333334
H01137,43.26297297297303,76.92246450247396,Жетысу,0.109,-0.076,38.1,15893.0,0.839,0.803,130.0,0.687,1292.0,Коммерческая,8.978,0.409,10.0,1,43.0,4.5813953488372094,5.0,19.82,0.46511627906976744,39.0,0.813953488372093,0.6744186046511628
H01138,43.26297297297303,76.92996263418311,Жетысу,0.116,-0.052,34.3,15741.0,0.819,0.786,79.0,0.643,1291.0,Транспорт,7.811,-0.064,9.585,1,12.0,4.583333333333333,5.0,6.146,0.5,12.0,0.8333333333333334,0.6666666666666666
H01139,43.26297297297303,76.93746076589227,Жетысу,0.149,-0.086,35.2,16936.0,0.786,0.761,120.0,0.665,1294.0,Жилая,8.382,0.43,9.712,1,32.0,4.4375,5.0,17.48,0.75,28.0,0.8125,0.65625
H01140,43.26297297297303,76.94495889760142,Жетысу,0.135,-0.052,34.4,15796.0,0.742,0.728,188.0,0.669,1306.0,Жилая,7.009,0.207,9.439,1,27.0,4.555555555555555,5.0,16.158,0.6296296296296297,26.0,0.8888888888888888,0.6296296296296297
H01141,43.26297297297303,76.95245702931058,Жетысу,0.12,-0.041,33.8,16501.0,0.689,0.69,93.0,0.498,1350.0,Транспорт,6.564,0.653,8.984,1,44.0,4.545454545454546,5.0,24.392,0.6590909090909091,41.0,0.75,0.5454545454545454
H01142,43.26297297297303,76.95995516101974,Ауэзов,0.222,-0.085,31.6,15316.0,0.63,0.647,113.0,0.47,1330.0,Парк/сквер,6.344,0.266,8.804,1,34.0,4.4411764705882355,5.0,17.048000000000002,0.5294117647058824,31.0,0.7058823529411765,0.6764705882352942
H01143,43.26297297297303,76.96745329272889,Ауэзов,0.255,-0.033,32.4,13233.0,0.567,0.601,190.0,0.497,1318.0,Жилая,4.246,-0.238,7.124,1,11.0,4.181818181818182,5.0,5.26,0.9090909090909091,11.0,0.9090909090909091,0.7272727272727273
H01144,43.26297297297303,76.97495142443805,Ауэзов,0.254,-0.023,30.9,12203.0,0.502,0.555,172.0,0.426,1342.0,Пустырь,3.465,0.148,6.707,1,24.0,4.375,5.0,12.14,0.5833333333333334,23.0,0.7916666666666666,0.5416666666666666
H01145,43.26297297297303,76.9824495561472,Ауэзов,0.266,-0.034,29.5,13776.0,0.439,0.509,193.0,0.362,1342.0,Жилая,3.04,1.082,6.238,0,42.0,3.6904761904761907,5.0,21.059,0.6190476190476191,40.0,0.8333333333333334,0.38095238095238093
H01146,43.26297297297303,76.98994768785636,Ауэзов,0.306,-0.036,31.1,10900.0,0.378,0.465,167.0,0.265,1361.0,Транспорт,2.622,-0.045,6.531,1,5.0,3.0,4.0,2.6020000000000003,0.4,5.0,0.4,0.8
H01147,43.26297297297303,76.99744581956551,Ауэзов,0.302,-0.045,29.6,11159.0,0.321,0.424,231.0,0.255,1367.0,Парк/сквер,2.24,0.01,6.184,0,6.0,4.333333333333333,5.0,3.263,0.6666666666666666,6.0,0.8333333333333334,0.8333333333333334
H01148,43.26297297297303,77.00494395127467,Ауэзов,0.38,-0.026,25.1,8130.0,0.27,0.386,283.0,0.197,1340.0,Жилая,-0.015,-0.022,5.305,0,2.0,3.5,5.0,1.258,1.0,2.0,1.0,1.0
H01149,43.26297297297303,77.01244208298382,Ауэзов,0.38,-0.03,24.9,8868.0,0.225,0.351,224.0,0.173,1386.0,Пустырь,0.114,-0.09,4.938,0,3.0,3.0,4.0,2.1879999999999997,1.0,3.0,1.0,0.6666666666666666
H01150,43.26297297297303,77.01994021469298,Ауэзов,0.363,-0.016,24.3,8382.0,0.186,0.32,273.0,0.156,1373.0,Жилая,-0.594,0.606,4.894,0,20.0,3.5,5.0,8.094,0.65,19.0,0.8,0.65
H01151,43.26297297297303,77.02743834640214,Ауэзов,0.388,-0.027,23.9,5987.0,0.154,0.293,387.0,0.128,1392.0,Пустырь,-1.183,0.622,4.316,0,17.0,3.1176470588235294,5.0,10.081,0.6470588235294118,16.0,0.9411764705882353,0.47058823529411764
H01152,43.26297297297303,77.03493647811129,Ауэзов,0.442,-0.013,23.0,6248.0,0.127,0.27,259.0,0.177,1394.0,Коммерческая,-1.573,0.048,4.005,0,3.0,2.3333333333333335,3.0,1.553,0.3333333333333333,3.0,1.0,0.6666666666666666
H01153,43.26297297297303,77.04243460982045,Ауэзов,0.456,-0.014,23.9,4134.0,0.105,0.25,276.0,0.054,1441.0,Промышленная,-1.979,-0.528,4.623,0,0.0,0.0,0.0,0.0,0.0,0.0,0.0,0.0
H01154,43.26297297297303,77.0499327415296,Ауэзов,0.513,-0.008,21.6,5845.0,0.088,0.235,327.0,0.02,1458.0,Парк/сквер,-3.236,-0.869,2.52,0,1.0,3.0,3.0,0.508,1.0,1.0,1.0,1.0
H01155,43.26297297297303,77.05743087323876,Ауэзов,0.469,-0.005,23.4,4296.0,0.075,0.225,257.0,0.071,1410.0,Промышленная,-2.386,1.068,3.842,0,21.0,2.9047619047619047,5.0,10.25,0.6190476190476191,20.0,0.7142857142857143,0.6190476190476191
H01156,43.26297297297303,77.06492900494791,Ауэзов,0.36,-0.008,22.0,3145.0,0.065,0.219,207.0,0.126,1425.0,Жилая,-1.333,-0.336,5.622,0,1.0,4.0,4.0,0.664,1.0,1.0,0.0,1.0
H01157,43.26297297297303,77.07242713665707,Ауэзов,0.39,-0.01,23.8,3149.0,0.058,0.216,302.0,0.04,1460.0,Пустырь,-1.893,-0.617,3.614,0,2.0,2.5,3.0,0.3,0.5,2.0,0.5,1.0
H01158,43.26297297297303,77.07992526836622,Ауэзов,0.533,-0.009,21.8,2940.0,0.053,0.217,310.0,0.02,1498.0,Пустырь,-3.396,0.604,3.562,0,12.0,3.0833333333333335,4.0,6.22,0.5833333333333334,12.0,0.5,0.5833333333333334
H01159,43.26297297297303,77.08742340007538,Ауэзов,0.444,-0.013,23.6,2154.0,0.049,0.221,360.0,0.081,1489.0,Пустырь,-2.442,0.365,3.942,0,6.0,1.8333333333333333,3.0,3.3770000000000002,0.5,5.0,1.0,0.5
H01160,43.26297297297303,77.09492153178454,Ауэзов,0.443,-0.004,22.2,2472.0,0.047,0.226,364.0,0.064,1490.0,Пустырь,-2.907,0.659,2.266,0,11.0,2.8181818181818183,5.0,4.065,0.6363636363636364,11.0,0.6363636363636364,0.5454545454545454
H01161,43.26770270270276,76.78374906585458,Наурызбай,0.37,-0.014,25.7,4938.0,0.098,0.291,291.0,0.168,1154.0,Парк/сквер,-0.903,-0.331,5.536,0,0.0,0.0,0.0,0.0,0.0,0.0,0.0,0.0
H01162,43.26770270270276,76.79124719756373,Наурызбай,0.332,-0.029,24.5,5063.0,0.117,0.306,277.0,0.114,1126.0,Жилая,-0.33,-0.556,5.058,0,0.0,0.0,0.0,0.0,0.0,0.0,0.0,0.0
H01163,43.26770270270276,76.79874532927289,Наурызбай,0.344,-0.018,23.5,6021.0,0.141,0.324,298.0,0.128,1142.0,Пустырь,-0.83,-0.413,4.788,0,2.0,2.5,3.0,0.534,0.5,2.0,1.0,0.5
H01164,43.26770270270276,76.80624346098205,Наурызбай,0.363,-0.015,25.5,5899.0,0.17,0.345,224.0,0.107,1158.0,Парк/сквер,-0.459,-0.897,5.544,0,4.0,3.75,4.0,1.455,0.5,4.0,0.5,0.5
H01165,43.26770270270276,76.8137415926912,Наурызбай,0.341,-0.028,26.6,6792.0,0.204,0.371,248.0,0.21,1170.0,Пустырь,0.482,-0.659,5.589,0,4.0,3.0,4.0,1.4420000000000002,0.25,4.0,1.0,0.75
H01166,43.26770270270276,76.82123972440036,Наурызбай,0.317,-0.028,27.4,8184.0,0.244,0.4,197.0,0.265,1152.0,Жилая,1.262,-0.409,5.278,0,2.0,2.0,2.0,1.137,0.5,2.0,1.0,1.0
H01167,43.26770270270276,76.82873785610951,Наурызбай,0.314,-0.012,27.7,8099.0,0.29,0.433,176.0,0.339,1150.0,Пустырь,1.302,0.664,6.361,0,19.0,3.526315789473684,5.0,9.163,0.5789473684210527,16.0,0.8947368421052632,0.42105263157894735
H01168,43.26770270270276,76.83623598781867,Наурызбай,0.284,-0.043,27.9,9569.0,0.341,0.47,192.0,0.264,1194.0,Пустырь,2.367,1.18,7.027,1,32.0,4.4375,5.0,19.372,0.75,30.0,0.75,0.78125
H01169,43.26770270270276,76.84373411952782,Наурызбай,0.28,-0.049,28.5,9467.0,0.397,0.51,166.0,0.321,1205.0,Пустырь,3.081,1.662,7.794,1,48.0,4.166666666666667,5.0,26.61,0.7291666666666666,43.0,0.8125,0.5625
H01170,43.26770270270276,76.85123225123698,Наурызбай,0.234,-0.029,31.7,11589.0,0.456,0.551,190.0,0.353,1210.0,Транспорт,3.486,-0.899,7.151,1,5.0,4.0,5.0,2.751,0.6,5.0,0.8,0.6
H01171,43.26770270270276,76.85873038294613,Наурызбай,0.31,-0.086,30.1,13127.0,0.516,0.593,181.0,0.45,1220.0,Транспорт,4.75,0.283,7.429,1,15.0,4.2,5.0,6.135,0.5333333333333333,15.0,0.8,0.6666666666666666
H01172,43.26770270270276,76.86622851465529,Наурызбай,0.153,-0.052,32.4,11049.0,0.577,0.635,176.0,0.366,1211.0,Жилая,5.359,-0.86,8.014,1,11.0,4.0,5.0,6.771,0.7272727272727273,11.0,0.7272727272727273,0.8181818181818182
H01173,43.26770270270276,76.87372664636445,Наурызбай,0.193,-0.074,31.0,12745.0,0.634,0.675,129.0,0.459,1215.0,Пустырь,6.113,0.427,9.28,1,16.0,4.8125,5.0,9.608,0.8125,16.0,0.75,0.6875
H01174,43.26770270270276,76.8812247780736,Жетысу,0.198,-0.039,33.5,13273.0,0.688,0.711,123.0,0.387,1249.0,Коммерческая,5.458,0.139,8.129,1,17.0,4.0588235294117645,5.0,7.252,0.6470588235294118,17.0,1.0,0.6470588235294118
H01175,43.26770270270276,76.88872290978276,Жетысу,0.13,-0.057,36.2,13981.0,0.734,0.741,176.0,0.658,1271.0,Жилая,7.428,0.447,8.144,1,36.0,4.305555555555555,5.0,18.616,0.6111111111111112,32.0,0.8888888888888888,0.6944444444444444
H01176,43.26770270270276,76.89622104149191,Жетысу,0.078,-0.089,36.1,13926.0,0.77,0.765,94.0,0.687,1268.0,Жилая,9.228,-0.938,9.129,1,14.0,4.714285714285714,5.0,7.679,0.7857142857142857,13.0,0.7857142857142857,0.6428571428571429
H01177,43.26770270270276,76.90371917320107,Жетысу,0.164,-0.076,36.4,15958.0,0.796,0.781,221.0,0.665,1229.0,Коммерческая,7.773,-0.459,9.572,1,16.0,4.625,5.0,7.989,0.5,15.0,0.5625,0.625
H01178,43.26770270270276,76.91121730491022,Жетысу,0.149,-0.07,35.5,14865.0,0.809,0.787,104.0,0.674,1252.0,Коммерческая,8.164,-1.476,9.391,1,18.0,4.722222222222222,5.0,10.008,0.7222222222222222,17.0,0.8333333333333334,0.6666666666666666
H01179,43.26770270270276,76.91871543661938,Жетысу,0.138,-0.065,37.1,16422.0,0.81,0.785,111.0,0.638,1246.0,Жилая,8.184,-0.133,8.925,1,19.0,4.684210526315789,5.0,9.025,0.5263157894736842,18.0,0.6842105263157895,0.7368421052631579
H01180,43.26770270270276,76.92621356832854,Жетысу,0.114,-0.061,37.2,15059.0,0.797,0.773,65.0,0.619,1291.0,Коммерческая,8.386,-1.023,9.144,1,23.0,4.739130434782608,5.0,12.531,0.6086956521739131,21.0,0.8260869565217391,0.6956521739130435
H01181,43.26770270270276,76.93371170003769,Жетысу,0.188,-0.057,33.0,16996.0,0.771,0.753,77.0,0.516,1293.0,Жилая,6.761,-0.681,8.719,1,11.0,4.7272727272727275,5.0,6.631,0.7272727272727273,11.0,0.8181818181818182,0.5454545454545454
H01182,43.26770270270276,76.94120983174685,Жетысу,0.143,-0.066,35.3,13905.0,0.734,0.725,56.0,0.64,1280.0,Транспорт,7.915,-1.241,8.825,1,14.0,4.785714285714286,5.0,7.174,0.6428571428571429,13.0,0.8571428571428571,0.7142857142857143
H01183,43.26770270270276,76.948707963456,Жетысу,0.181,-0.071,33.1,16111.0,0.688,0.69,165.0,0.558,1253.0,Коммерческая,6.657,-1.038,8.671,1,11.0,4.636363636363637,5.0,6.85,0.5454545454545454,11.0,0.7272727272727273,0.6363636363636364
H01184,43.26770270270276,76.95620609516516,Ауэзов,0.131,-0.047,34.6,14513.0,0.634,0.65,158.0,0.487,1301.0,Коммерческая,6.24,0.672,8.55,1,37.0,4.351351351351352,5.0,20.239,0.6216216216216216,33.0,0.8108108108108109,0.6756756756756757
H01185,43.26770270270276,76.96370422687431,Ауэзов,0.257,-0.059,31.3,14688.0,0.575,0.607,167.0,0.467,1344.0,Коммерческая,4.88,0.898,8.76,1,43.0,4.534883720930233,5.0,22.286,0.7674418604651163,41.0,0.8604651162790697,0.6976744186046512
H01186,43.26770270270276,76.97120235858347,Ауэзов,0.153,-0.032,31.4,13858.0,0.514,0.563,224.0,0.491,1294.0,Жилая,4.557,1.075,7.702,1,43.0,4.348837209302325,5.0,21.748,0.627906976744186,37.0,0.8604651162790697,0.6511627906976745
H01187,43.26770270270276,76.97870049029262,Ауэзов,0.382,-0.029,28.8,11462.0,0.452,0.519,154.0,0.403,1312.0,Транспорт,2.222,-2.104,5.14,0,9.0,3.7777777777777777,5.0,4.83,0.4444444444444444,7.0,1.0,0.4444444444444444
H01188,43.26770270270276,76.98619862200178,Ауэзов,0.34,-0.035,26.3,10608.0,0.392,0.475,135.0,0.316,1350.0,Пустырь,2.038,0.467,7.147,1,18.0,4.0,5.0,9.09,0.6666666666666666,18.0,0.8333333333333334,0.4444444444444444
H01189,43.26770270270276,76.99369675371094,Ауэзов,0.267,-0.057,28.0,11460.0,0.336,0.434,210.0,0.307,1363.0,Парк/сквер,2.904,-0.305,6.52,1,5.0,4.6,5.0,2.765,0.4,5.0,0.8,0.8
H01190,43.26770270270276,77.00119488542009,Ауэзов,0.297,-0.022,26.9,10648.0,0.284,0.396,243.0,0.227,1316.0,Жилая,1.052,-0.328,5.419,0,4.0,3.5,5.0,2.141,0.75,4.0,0.75,0.75
H01191,43.26770270270276,77.00869301712925,Ауэзов,0.367,-0.012,24.7,9681.0,0.238,0.361,216.0,0.169,1353.0,Парк/сквер,-0.245,0.406,5.406,0,7.0,4.285714285714286,5.0,3.306,0.5714285714285714,7.0,0.5714285714285714,0.7142857142857143
H01192,43.26770270270276,77.0161911488384,Ауэзов,0.387,-0.013,22.8,9635.0,0.198,0.33,306.0,0.16,1351.0,Жилая,-1.141,0.254,5.818,0,8.0,3.5,5.0,3.707,0.75,8.0,0.875,0.625
H01193,43.26770270270276,77.02368928054756,Ауэзов,0.447,-0.057,22.5,6539.0,0.164,0.301,260.0,0.117,1415.0,Парк/сквер,-0.475,0.642,4.937,0,17.0,3.0588235294117645,5.0,9.401,0.6470588235294118,16.0,0.9411764705882353,0.7058823529411765
H01194,43.26770270270276,77.03118741225671,Ауэзов,0.421,-0.016,24.7,6857.0,0.135,0.277,305.0,0.079,1402.0,Парк/сквер,-1.494,-0.985,3.206,0,2.0,4.0,4.0,0.839,1.0,2.0,1.0,0.5
H01195,43.26770270270276,77.03868554396587,Ауэзов,0.484,-0.008,25.0,6749.0,0.112,0.256,341.0,0.102,1415.0,Парк/сквер,-2.353,-2.506,2.476,0,2.0,3.0,4.0,1.664,0.5,2.0,0.5,0.5
H01196,43.26770270270276,77.04618367567502,Ауэзов,0.41,0.015,22.0,4435.0,0.094,0.239,379.0,0.067,1407.0,Пустырь,-3.114,-0.206,2.874,0,2.0,3.5,4.0,0.8360000000000001,0.0,2.0,1.0,0.0
H01197,43.26770270270276,77.05368180738418,Ауэзов,0.358,-0.025,22.8,4945.0,0.08,0.227,310.0,0.074,1438.0,Парк/сквер,-1.239,-0.594,3.512,0,1.0,2.0,2.0,0.57,1.0,1.0,1.0,1.0
H01198,43.26770270270276,77.06117993909334,Ауэзов,0.447,-0.003,24.1,2576.0,0.069,0.219,309.0,0.066,1437.0,Парк/сквер,-2.434,0.886,4.021,0,16.0,2.5625,4.0,8.014,0.6875,13.0,0.75,0.75
H01199,43.26770270270276,77.06867807080249,Ауэзов,0.452,-0.026,19.4,2806.0,0.061,0.215,392.0,0.02,1456.0,Жилая,-2.888,-1.663,3.07,0,4.0,2.25,3.0,1.565,0.5,4.0,0.75,0.5
H01200,43.26770270270276,77.07617620251165,Ауэзов,0.472,-0.028,23.5,3519.0,0.055,0.215,315.0,0.056,1458.0,Парк/сквер,-2.116,-1.131,3.418,0,2.0,2.5,3.0,1.455,0.0,2.0,0.5,0.5
H01201,43.26770270270276,77.0836743342208,Ауэзов,0.483,0.0,23.2,1090.0,0.051,0.218,323.0,0.02,1453.0,Жилая,-3.138,0.418,3.918,0,4.0,2.75,3.0,2.771,0.0,4.0,0.75,0.5
H01202,43.26770270270276,77.09117246592996,Ауэзов,0.443,0.003,23.3,2956.0,0.048,0.223,395.0,0.083,1492.0,Пустырь,-3.059,0.57,4.172,0,12.0,3.25,5.0,7.467,0.8333333333333334,12.0,0.75,0.5833333333333334
H01203,43.26770270270276,77.09867059763911,Ауэзов,0.419,-0.009,21.4,2120.0,0.046,0.229,272.0,0.09,1469.0,Парк/сквер,-2.258,-1.12,2.816,0,2.0,2.5,3.0,1.262,0.5,2.0,1.0,0.0
H01204,43.272432432432495,76.78,Наурызбай,0.368,-0.019,24.3,4129.0,0.088,0.284,290.0,0.068,1078.0,Парк/сквер,-1.19,-0.273,4.598,0,2.0,2.5,3.0,1.35,0.5,2.0,1.0,0.5
H01205,43.272432432432495,76.78749813170916,Наурызбай,0.277,-0.039,22.9,4998.0,0.104,0.297,347.0,0.099,1136.0,Коммерческая,-0.2,0.142,5.009,0,4.0,3.5,5.0,2.507,0.75,4.0,0.75,1.0
H01206,43.272432432432495,76.79499626341831,Наурызбай,0.298,-0.057,23.6,4681.0,0.124,0.312,232.0,0.21,1106.0,Пустырь,1.03,0.538,5.279,0,8.0,3.625,5.0,4.3870000000000005,0.375,7.0,0.625,0.75
H01207,43.272432432432495,76.80249439512747,Наурызбай,0.329,-0.002,25.8,5770.0,0.149,0.331,249.0,0.122,1113.0,Коммерческая,-0.655,-0.249,4.326,0,1.0,2.0,2.0,0.261,1.0,1.0,1.0,1.0
H01208,43.272432432432495,76.80999252683662,Наурызбай,0.322,-0.032,26.4,8299.0,0.178,0.353,259.0,0.188,1147.0,Парк/сквер,0.516,0.822,6.894,1,17.0,4.117647058823529,5.0,8.624,0.7058823529411765,16.0,0.8823529411764706,0.5882352941176471
H01209,43.272432432432495,76.81749065854578,Наурызбай,0.261,-0.02,26.5,6689.0,0.214,0.38,197.0,0.235,1143.0,Парк/сквер,1.186,-0.199,5.288,0,1.0,5.0,5.0,0.433,1.0,1.0,1.0,0.0
H01210,43.272432432432495,76.82498879025493,Наурызбай,0.257,-0.036,28.3,6601.0,0.254,0.41,231.0,0.155,1129.0,Промышленная,1.7,1.356,7.027,1,35.0,4.228571428571429,5.0,18.168,0.5428571428571428,32.0,0.9428571428571428,0.6571428571428571
H01211,43.272432432432495,76.83248692196409,Наурызбай,0.307,-0.033,28.3,9660.0,0.3,0.443,231.0,0.264,1143.0,Жилая,1.67,1.824,5.97,0,49.0,3.63265306122449,5.0,24.987000000000002,0.5306122448979592,39.0,0.7959183673469388,0.7142857142857143
H01212,43.272432432432495,76.83998505367325,Наурызбай,0.289,-0.058,27.5,9714.0,0.351,0.479,154.0,0.359,1145.0,Пустырь,3.103,1.91,6.791,1,46.0,3.9347826086956523,5.0,25.777,0.6956521739130435,35.0,0.9782608695652174,0.717391304347826
H01213,43.272432432432495,76.8474831853824,Наурызбай,0.336,-0.057,29.9,12489.0,0.405,0.518,122.0,0.412,1146.0,Транспорт,3.466,2.068,7.31,1,66.0,4.196969696969697,5.0,34.54,0.6363636363636364,60.0,0.9393939393939394,0.6363636363636364
H01214,43.272432432432495,76.85498131709156,Наурызбай,0.261,-0.045,28.5,10793.0,0.462,0.558,105.0,0.407,1218.0,Транспорт,3.817,0.701,7.15,1,24.0,4.291666666666667,5.0,10.451,0.625,23.0,0.875,0.5416666666666666
H01215,43.272432432432495,76.86247944880071,Наурызбай,0.205,-0.01,31.2,12787.0,0.519,0.598,130.0,0.471,1158.0,Транспорт,3.879,1.129,7.639,1,32.0,4.25,5.0,18.513,0.65625,30.0,0.9375,0.59375
H01216,43.272432432432495,76.86997758050987,Наурызбай,0.226,-0.045,30.9,10916.0,0.575,0.637,120.0,0.508,1193.0,Жилая,4.961,1.71,8.919,1,52.0,4.519230769230769,5.0,28.594,0.6346153846153846,45.0,0.8653846153846154,0.5
H01217,43.272432432432495,76.87747571221902,Жетысу,0.192,-0.09,35.1,13263.0,0.628,0.673,158.0,0.551,1229.0,Промышленная,7.161,2.307,9.528,1,104.0,4.663461538461538,5.0,54.553,0.5384615384615384,83.0,0.8461538461538461,0.6346153846153846
H01218,43.272432432432495,76.88497384392818,Жетысу,0.155,-0.062,34.9,13443.0,0.675,0.704,112.0,0.597,1223.0,Транспорт,7.092,0.147,10.0,1,27.0,4.925925925925926,5.0,16.325,0.7407407407407407,27.0,1.0,0.7037037037037037
H01219,43.272432432432495,76.89247197563733,Жетысу,0.184,-0.038,33.9,13806.0,0.715,0.73,91.0,0.606,1218.0,Коммерческая,6.337,-0.965,7.718,1,14.0,4.5,5.0,8.502,0.6428571428571429,13.0,0.7142857142857143,0.5714285714285714
H01220,43.272432432432495,76.89997010734649,Жетысу,0.141,-0.05,35.8,15555.0,0.745,0.748,135.0,0.493,1236.0,Коммерческая,6.925,1.384,9.358,1,70.0,4.571428571428571,5.0,33.603,0.5857142857142857,59.0,0.8714285714285714,0.5285714285714286
H01221,43.272432432432495,76.90746823905565,Жетысу,0.099,-0.046,35.3,15652.0,0.763,0.759,158.0,0.534,1236.0,Жилая,7.123,1.577,10.0,1,76.0,4.644736842105263,5.0,36.322,0.5789473684210527,64.0,0.8157894736842105,0.631578947368421
H01222,43.272432432432495,76.9149663707648,Жетысу,0.205,-0.076,36.1,15620.0,0.77,0.76,67.0,0.635,1255.0,Транспорт,7.872,2.228,10.0,1,120.0,4.766666666666667,5.0,60.114,0.5833333333333334,107.0,0.9,0.6
H01223,43.272432432432495,76.92246450247396,Жетысу,0.184,-0.046,35.7,14791.0,0.764,0.753,96.0,0.573,1234.0,Коммерческая,6.87,1.062,9.612,1,61.0,4.737704918032787,5.0,32.388,0.5901639344262295,56.0,0.8524590163934426,0.6721311475409836
H01224,43.272432432432495,76.92996263418311,Жетысу,0.183,-0.053,33.1,15607.0,0.746,0.737,138.0,0.646,1217.0,Жилая,6.674,-0.739,8.677,1,9.0,4.444444444444445,5.0,4.915,0.7777777777777778,9.0,0.8888888888888888,0.4444444444444444
H01225,43.272432432432495,76.93746076589227,Жетысу,0.133,-0.055,35.2,15701.0,0.716,0.714,134.0,0.599,1290.0,Коммерческая,7.191,0.389,8.346,1,33.0,4.363636363636363,5.0,19.484,0.6060606060606061,33.0,0.8181818181818182,0.6060606060606061
H01226,43.272432432432495,76.94495889760142,Жетысу,0.132,-0.064,33.4,16488.0,0.677,0.683,166.0,0.509,1289.0,Коммерческая,6.72,1.322,8.747,1,75.0,4.44,5.0,36.445,0.6133333333333333,65.0,0.8533333333333334,0.6933333333333334
H01227,43.272432432432495,76.95245702931058,Жетысу,0.182,-0.05,33.6,14068.0,0.629,0.648,217.0,0.524,1296.0,Жилая,5.611,-0.103,7.695,1,13.0,4.076923076923077,5.0,7.359,0.5384615384615384,13.0,0.8461538461538461,0.6153846153846154
H01228,43.272432432432495,76.95995516101974,Ауэзов,0.268,-0.067,31.1,13488.0,0.576,0.608,114.0,0.499,1308.0,Пустырь,5.283,0.733,8.846,1,52.0,4.519230769230769,5.0,29.277,0.5769230769230769,44.0,0.8269230769230769,0.5769230769230769
H01229,43.272432432432495,76.96745329272889,Ауэзов,0.193,-0.018,29.5,13381.0,0.518,0.567,102.0,0.453,1327.0,Коммерческая,4.057,2.147,7.842,1,94.0,4.3936170212765955,5.0,47.921,0.6276595744680851,79.0,0.851063829787234,0.6808510638297872
H01230,43.272432432432495,76.97495142443805,Ауэзов,0.207,-0.088,30.6,11062.0,0.46,0.524,210.0,0.332,1316.0,Пустырь,5.08,0.188,7.667,1,11.0,4.090909090909091,5.0,4.715,0.09090909090909091,10.0,0.9090909090909091,0.5454545454545454
H01231,43.272432432432495,76.9824495561472,Ауэзов,0.218,-0.047,29.0,11369.0,0.402,0.482,226.0,0.32,1307.0,Промышленная,3.333,0.936,7.924,1,38.0,4.2894736842105265,5.0,18.955000000000002,0.631578947368421,36.0,0.7894736842105263,0.5789473684210527
H01232,43.272432432432495,76.98994768785636,Ауэзов,0.258,-0.061,27.9,11456.0,0.347,0.442,244.0,0.305,1340.0,Транспорт,2.978,0.256,6.654,1,16.0,4.1875,5.0,7.959,0.375,15.0,0.8125,0.625
H01233,43.272432432432495,76.99744581956551,Ауэзов,0.291,-0.033,30.2,10654.0,0.295,0.405,258.0,0.266,1337.0,Пустырь,1.904,1.343,5.415,0,63.0,3.6031746031746033,5.0,33.716,0.6666666666666666,54.0,0.8095238095238095,0.5714285714285714
H01234,43.272432432432495,77.00494395127467,Ауэзов,0.312,-0.024,25.7,10005.0,0.249,0.37,255.0,0.265,1353.0,Промышленная,0.761,2.267,6.983,1,80.0,3.95,5.0,41.116,0.525,73.0,0.925,0.7
H01235,43.272432432432495,77.01244208298382,Ауэзов,0.363,-0.043,24.7,8438.0,0.208,0.338,268.0,0.194,1374.0,Транспорт,0.391,0.144,5.554,0,11.0,3.4545454545454546,5.0,5.251,0.9090909090909091,11.0,0.8181818181818182,0.5454545454545454
H01236,43.272432432432495,77.01994021469298,Ауэзов,0.44,0.005,24.0,8630.0,0.173,0.31,231.0,0.238,1376.0,Пустырь,-1.521,1.318,4.903,0,42.0,3.2857142857142856,5.0,20.67,0.5714285714285714,36.0,0.8333333333333334,0.6190476190476191
H01237,43.272432432432495,77.02743834640214,Ауэзов,0.477,-0.019,23.7,6555.0,0.143,0.284,322.0,0.129,1361.0,Жилая,-1.913,-2.139,2.105,0,3.0,1.6666666666666667,2.0,0.9540000000000001,0.6666666666666666,3.0,0.6666666666666666,1.0
H01238,43.272432432432495,77.03493647811129,Ауэзов,0.375,-0.009,24.1,6523.0,0.119,0.263,273.0,0.062,1406.0,Жилая,-1.372,0.027,4.605,0,3.0,3.6666666666666665,4.0,1.4860000000000002,0.6666666666666666,3.0,0.3333333333333333,1.0
H01239,43.272432432432495,77.04243460982045,Ауэзов,0.474,-0.021,22.0,4939.0,0.1,0.244,333.0,0.106,1386.0,Парк/сквер,-2.297,-0.921,2.208,0,0.0,0.0,0.0,0.0,0.0,0.0,0.0,0.0
H01240,43.272432432432495,77.0499327415296,Ауэзов,0.349,0.015,23.7,3648.0,0.084,0.231,269.0,0.067,1391.0,Транспорт,-1.99,0.571,3.867,0,13.0,2.5384615384615383,5.0,7.3420000000000005,0.6153846153846154,10.0,0.8461538461538461,0.6153846153846154
H01241,43.272432432432495,77.05743087323876,Ауэзов,0.502,-0.023,21.9,4325.0,0.072,0.221,345.0,0.036,1411.0,Парк/сквер,-2.783,-0.322,3.518,0,2.0,2.5,3.0,1.32,1.0,2.0,0.0,0.5
H01242,43.272432432432495,77.06492900494791,Ауэзов,0.443,0.007,23.3,3426.0,0.064,0.216,328.0,0.059,1455.0,Парк/сквер,-2.896,-0.58,3.256,0,2.0,2.0,3.0,1.112,0.5,1.0,1.0,0.0
H01243,43.272432432432495,77.07242713665707,Ауэзов,0.449,-0.022,20.7,2796.0,0.057,0.214,277.0,0.074,1442.0,Промышленная,-2.228,1.24,4.003,0,14.0,3.2857142857142856,5.0,6.486,0.5,14.0,0.9285714285714286,0.5714285714285714
H01244,43.272432432432495,77.07992526836622,Ауэзов,0.546,-0.025,23.1,4064.0,0.052,0.217,282.0,0.037,1429.0,Транспорт,-2.741,1.908,4.871,0,30.0,3.2666666666666666,5.0,16.821,0.7333333333333333,28.0,0.9,0.6666666666666666
H01245,43.272432432432495,77.08742340007538,Ауэзов,0.389,0.004,22.2,2398.0,0.049,0.221,341.0,0.035,1451.0,Пустырь,-2.68,1.012,3.978,0,12.0,3.0,5.0,6.96,0.6666666666666666,12.0,0.8333333333333334,0.5833333333333334
H01246,43.272432432432495,77.09492153178454,Ауэзов,0.451,-0.011,20.6,3116.0,0.047,0.227,221.0,0.07,1476.0,Жилая,-2.388,0.613,4.293,0,11.0,3.6363636363636362,5.0,4.973,0.36363636363636365,9.0,0.9090909090909091,0.8181818181818182
H01247,43.27716216216223,76.78374906585458,Наурызбай,0.383,-0.026,23.3,4134.0,0.092,0.289,287.0,0.089,1061.0,Пустырь,-1.168,1.268,4.84,0,21.0,3.3333333333333335,5.0,10.354,0.5714285714285714,18.0,0.9047619047619048,0.6666666666666666
H01248,43.27716216216223,76.79124719756373,Наурызбай,0.315,-0.031,24.7,6729.0,0.109,0.302,354.0,0.082,1107.0,Жилая,-0.566,-0.584,3.504,0,3.0,3.3333333333333335,4.0,1.299,0.6666666666666666,3.0,1.0,0.6666666666666666
H01249,43.27716216216223,76.79874532927289,Наурызбай,0.385,-0.027,26.7,6290.0,0.129,0.318,345.0,0.152,1109.0,Пустырь,-0.697,1.025,4.292,0,20.0,2.6,4.0,11.746,0.6,20.0,0.75,0.55
H01250,43.27716216216223,76.80624346098205,Наурызбай,0.371,-0.025,25.2,4837.0,0.155,0.338,279.0,0.178,1114.0,Пустырь,-0.398,0.482,4.031,0,11.0,2.727272727272727,4.0,6.193,0.9090909090909091,10.0,0.8181818181818182,0.6363636363636364
H01251,43.27716216216223,76.8137415926912,Наурызбай,0.31,-0.04,25.5,7503.0,0.185,0.361,318.0,0.216,1100.0,Жилая,0.58,-0.176,5.212,0,2.0,4.0,4.0,0.896,0.5,2.0,0.5,0.5
H01252,43.27716216216223,76.82123972440036,Наурызбай,0.286,-0.029,26.9,6520.0,0.221,0.388,186.0,0.17,1157.0,Пустырь,1.196,1.485,6.676,1,32.0,3.96875,5.0,14.137,0.59375,32.0,0.84375,0.75
H01253,43.27716216216223,76.82873785610951,Наурызбай,0.321,-0.019,28.6,7475.0,0.261,0.418,220.0,0.2,1138.0,Транспорт,0.953,-0.131,5.446,0,1.0,4.0,4.0,0.15,0.0,1.0,1.0,0.0
H01254,43.27716216216223,76.83623598781867,Наурызбай,0.36,-0.047,25.7,9022.0,0.307,0.451,303.0,0.219,1167.0,Парк/сквер,0.92,0.714,6.557,1,26.0,3.730769230769231,5.0,14.431000000000001,0.6923076923076923,24.0,0.8461538461538461,0.6923076923076923
H01255,43.27716216216223,76.84373411952782,Наурызбай,0.25,-0.049,29.7,10153.0,0.356,0.486,229.0,0.366,1155.0,Пустырь,3.164,1.481,8.68,1,48.0,4.395833333333333,5.0,24.932,0.5625,47.0,0.8125,0.6041666666666666
H01256,43.27716216216223,76.85123225123698,Наурызбай,0.268,-0.036,29.1,10354.0,0.408,0.523,281.0,0.301,1177.0,Транспорт,2.413,0.114,6.186,0,10.0,3.7,5.0,5.517,0.6,9.0,0.8,0.4
H01257,43.27716216216223,76.85873038294613,Наурызбай,0.206,-0.042,31.9,11017.0,0.461,0.561,190.0,0.451,1176.0,Парк/сквер,4.34,0.521,6.89,1,12.0,4.583333333333333,5.0,6.493,0.5833333333333334,12.0,0.9166666666666666,0.6666666666666666
H01258,43.27716216216223,76.86622851465529,Наурызбай,0.226,-0.039,30.5,12083.0,0.515,0.598,212.0,0.522,1147.0,Жилая,4.179,-0.616,7.059,1,9.0,3.6666666666666665,5.0,5.643,0.7777777777777778,8.0,0.5555555555555556,0.5555555555555556
H01259,43.27716216216223,76.87372664636445,Наурызбай,0.148,-0.059,31.1,12486.0,0.566,0.633,166.0,0.51,1215.0,Транспорт,5.787,1.297,9.417,1,46.0,4.630434782608695,5.0,21.142,0.6304347826086957,44.0,0.8260869565217391,0.5434782608695652
H01260,43.27716216216223,76.8812247780736,Жетысу,0.144,-0.004,34.7,13933.0,0.613,0.664,89.0,0.552,1177.0,Жилая,5.33,-0.097,8.196,1,7.0,4.285714285714286,5.0,3.2,0.8571428571428571,7.0,1.0,0.7142857142857143
H01261,43.27716216216223,76.88872290978276,Жетысу,0.222,-0.066,33.6,14275.0,0.654,0.691,116.0,0.53,1184.0,Коммерческая,6.267,0.949,9.181,1,45.0,4.688888888888889,5.0,21.85,0.6,36.0,0.9111111111111111,0.5777777777777777
H01262,43.27716216216223,76.89622104149191,Жетысу,0.143,-0.06,31.5,14320.0,0.687,0.712,140.0,0.557,1210.0,Жилая,6.562,-1.42,7.942,1,14.0,4.071428571428571,5.0,7.271,0.5,14.0,0.9285714285714286,0.5714285714285714
H01263,43.27716216216223,76.90371917320107,Жетысу,0.174,-0.039,36.3,13252.0,0.71,0.725,44.0,0.658,1250.0,Транспорт,7.039,-0.863,8.151,1,16.0,4.5,5.0,8.736,0.4375,16.0,0.625,0.625
H01264,43.27716216216223,76.91121730491022,Жетысу,0.142,-0.06,34.5,15303.0,0.722,0.73,108.0,0.564,1255.0,Жилая,7.204,-0.021,8.773,1,15.0,3.7333333333333334,5.0,8.708,0.7333333333333333,15.0,0.7333333333333333,0.6
H01265,43.27716216216223,76.91871543661938,Жетысу,0.186,-0.063,34.4,14586.0,0.723,0.727,196.0,0.574,1230.0,Пустырь,6.589,0.046,8.698,1,11.0,4.818181818181818,5.0,5.76,0.6363636363636364,11.0,0.8181818181818182,0.45454545454545453
H01266,43.27716216216223,76.92621356832854,Жетысу,0.085,-0.051,38.4,16463.0,0.712,0.716,104.0,0.522,1233.0,Коммерческая,7.786,0.748,8.566,1,47.0,4.212765957446808,5.0,22.326,0.6595744680851063,44.0,0.851063829787234,0.6808510638297872
H01267,43.27716216216223,76.93371170003769,Жетысу,0.123,-0.033,33.7,14256.0,0.689,0.697,133.0,0.509,1234.0,Парк/сквер,6.162,0.918,9.157,1,50.0,4.58,5.0,26.978,0.64,44.0,0.84,0.52
H01268,43.27716216216223,76.94120983174685,Жетысу,0.183,-0.042,34.8,13447.0,0.657,0.671,92.0,0.513,1281.0,Жилая,6.129,-0.09,8.113,1,16.0,4.5,5.0,9.841,0.625,15.0,0.875,0.625
H01269,43.27716216216223,76.948707963456,Жетысу,0.124,-0.081,32.9,13731.0,0.615,0.639,107.0,0.535,1252.0,Жилая,7.266,0.572,9.26,1,40.0,4.625,5.0,21.595,0.575,40.0,0.825,0.475
H01270,43.27716216216223,76.95620609516516,Ауэзов,0.229,-0.065,32.5,13660.0,0.568,0.603,200.0,0.465,1291.0,Пустырь,5.245,0.742,7.637,1,45.0,4.066666666666666,5.0,24.2,0.6222222222222222,39.0,0.8666666666666667,0.5555555555555556
H01271,43.27716216216223,76.96370422687431,Ауэзов,0.184,-0.065,31.5,12690.0,0.516,0.565,133.0,0.44,1292.0,Пустырь,5.503,-0.142,7.918,1,14.0,4.571428571428571,5.0,7.532,0.7857142857142857,14.0,0.9285714285714286,0.5714285714285714
H01272,43.27716216216223,76.97120235858347,Ауэзов,0.235,-0.048,31.3,12961.0,0.461,0.525,208.0,0.369,1302.0,Жилая,3.935,0.062,7.656,1,12.0,4.0,5.0,6.6080000000000005,0.6666666666666666,11.0,0.9166666666666666,0.5
H01273,43.27716216216223,76.97870049029262,Ауэзов,0.272,-0.058,31.0,11108.0,0.406,0.485,100.0,0.36,1316.0,Парк/сквер,4.104,-0.291,6.636,1,15.0,3.2666666666666666,5.0,8.174,0.7333333333333333,15.0,0.8,0.6
H01274,43.27716216216223,76.98619862200178,Ауэзов,0.301,-0.029,29.1,10808.0,0.353,0.447,281.0,0.362,1329.0,Жилая,1.9,0.446,6.332,0,21.0,4.0,5.0,10.761,0.6190476190476191,18.0,0.8095238095238095,0.6190476190476191
H01275,43.27716216216223,76.99369675371094,Ауэзов,0.313,-0.03,28.3,9125.0,0.303,0.41,223.0,0.244,1289.0,Транспорт,1.505,-1.321,5.112,0,7.0,4.0,5.0,4.0200000000000005,0.7142857142857143,7.0,0.8571428571428571,0.8571428571428571
H01276,43.27716216216223,77.00119488542009,Ауэзов,0.224,-0.044,27.0,9739.0,0.257,0.376,237.0,0.238,1330.0,Жилая,2.185,-0.697,6.328,0,9.0,3.5555555555555554,5.0,5.1690000000000005,0.5555555555555556,9.0,1.0,0.5555555555555556
H01277,43.27716216216223,77.00869301712925,Ауэзов,0.359,-0.007,25.5,9160.0,0.216,0.345,307.0,0.213,1337.0,Пустырь,-0.552,1.978,5.884,0,68.0,3.735294117647059,5.0,35.468,0.5735294117647058,59.0,0.8529411764705882,0.7352941176470589
H01278,43.27716216216223,77.0161911488384,Ауэзов,0.407,-0.003,25.2,7581.0,0.18,0.317,247.0,0.161,1335.0,Коммерческая,-1.104,-0.05,4.915,0,3.0,4.333333333333333,5.0,1.49,0.6666666666666666,3.0,0.3333333333333333,0.0
H01279,43.27716216216223,77.02368928054756,Ауэзов,0.352,-0.064,24.8,7134.0,0.15,0.291,214.0,0.112,1379.0,Парк/сквер,0.895,-0.102,5.824,0,0.0,0.0,0.0,0.0,0.0,0.0,0.0,0.0
H01280,43.27716216216223,77.03118741225671,Ауэзов,0.422,-0.002,24.2,6598.0,0.125,0.269,293.0,0.125,1364.0,Парк/сквер,-1.84,-0.118,4.028,0,5.0,3.2,5.0,2.37,0.6,5.0,0.8,0.6
H01281,43.27716216216223,77.03868554396587,Ауэзов,0.457,-0.012,22.3,6607.0,0.104,0.251,306.0,0.074,1397.0,Пустырь,-2.319,0.335,4.215,0,6.0,3.8333333333333335,5.0,2.215,0.3333333333333333,6.0,0.8333333333333334,0.3333333333333333
H01282,43.27716216216223,77.04618367567502,Ауэзов,0.436,-0.006,24.5,4096.0,0.088,0.236,270.0,0.222,1372.0,Парк/сквер,-1.618,0.627,4.627,0,22.0,3.3181818181818183,5.0,12.185,0.6363636363636364,21.0,0.8181818181818182,0.7272727272727273
H01283,43.27716216216223,77.05368180738418,Ауэзов,0.447,-0.012,23.3,4144.0,0.076,0.225,267.0,0.104,1388.0,Жилая,-2.001,-0.087,4.526,0,2.0,3.0,4.0,1.177,0.5,2.0,0.5,1.0
H01284,43.27716216216223,77.06117993909334,Ауэзов,0.444,-0.019,22.2,3913.0,0.066,0.218,323.0,0.031,1406.0,Коммерческая,-2.363,-0.927,2.144,0,1.0,2.0,2.0,0.531,1.0,1.0,1.0,1.0
H01285,43.27716216216223,77.06867807080249,Ауэзов,0.409,-0.03,24.4,2252.0,0.059,0.215,319.0,0.076,1364.0,Парк/сквер,-1.386,1.537,5.407,0,21.0,3.6666666666666665,5.0,10.782,0.6190476190476191,18.0,0.8095238095238095,0.5238095238095238
H01286,43.27716216216223,77.07617620251165,Ауэзов,0.428,-0.013,23.5,3312.0,0.054,0.216,306.0,0.068,1418.0,Парк/сквер,-2.117,-0.964,3.114,0,3.0,2.6666666666666665,4.0,0.993,1.0,3.0,1.0,0.6666666666666666
H01287,43.27716216216223,77.0836743342208,Ауэзов,0.479,-0.004,26.2,1701.0,0.05,0.22,261.0,0.02,1404.0,Парк/сквер,-2.362,0.809,4.988,0,12.0,2.8333333333333335,5.0,5.706,0.75,11.0,0.6666666666666666,0.5
H01288,43.27716216216223,77.09117246592996,Ауэзов,0.482,-0.017,20.6,2638.0,0.047,0.226,323.0,0.028,1452.0,Жилая,-2.962,1.555,4.78,0,25.0,3.12,5.0,13.056000000000001,0.52,22.0,0.92,0.72
H01289,43.27716216216223,77.09867059763911,Ауэзов,0.489,-0.034,22.5,1859.0,0.046,0.233,302.0,0.047,1438.0,Промышленная,-2.212,0.915,5.229,0,17.0,4.0,5.0,9.259,0.5882352941176471,17.0,1.0,0.7647058823529411
H01290,43.28189189189196,76.78,Наурызбай,0.424,-0.014,24.0,3734.0,0.081,0.282,266.0,0.076,1081.0,Пустырь,-1.712,0.932,4.358,0,19.0,2.6315789473684212,4.0,10.482,0.5263157894736842,18.0,0.7368421052631579,0.7894736842105263
H01291,43.28189189189196,76.78749813170916,Наурызбай,0.364,-0.024,24.0,4800.0,0.095,0.293,268.0,0.214,1046.0,Пустырь,-0.579,1.383,5.282,0,17.0,3.0588235294117645,5.0,9.427,0.6470588235294118,16.0,0.9411764705882353,0.7058823529411765
H01292,43.28189189189196,76.79499626341831,Наурызбай,0.326,-0.008,26.1,5719.0,0.113,0.307,249.0,0.122,1100.0,Пустырь,-0.571,1.13,5.216,0,19.0,3.736842105263158,5.0,9.329,0.7368421052631579,15.0,0.8947368421052632,0.3157894736842105
H01293,43.28189189189196,76.80249439512747,Наурызбай,0.391,-0.029,24.3,5131.0,0.134,0.324,314.0,0.129,1043.0,Пустырь,-0.881,-0.266,4.471,0,1.0,3.0,3.0,0.8,1.0,1.0,1.0,1.0
H01294,43.28189189189196,76.80999252683662,Наурызбай,0.423,-0.039,25.4,6240.0,0.16,0.344,254.0,0.219,1132.0,Пустырь,-0.17,0.723,5.003,0,7.0,2.857142857142857,5.0,3.263,0.8571428571428571,7.0,0.5714285714285714,0.7142857142857143
H01295,43.28189189189196,76.81749065854578,Наурызбай,0.317,-0.01,27.6,6979.0,0.191,0.368,244.0,0.221,1101.0,Парк/сквер,0.306,1.577,5.84,0,31.0,3.5161290322580645,5.0,16.971,0.7096774193548387,30.0,0.8064516129032258,0.7741935483870968
H01296,43.28189189189196,76.82498879025493,Наурызбай,0.324,-0.014,26.2,6919.0,0.226,0.395,257.0,0.248,1112.0,Пустырь,0.307,0.863,6.003,0,17.0,4.0588235294117645,5.0,8.99,0.6470588235294118,17.0,0.7058823529411765,0.47058823529411764
H01297,43.28189189189196,76.83248692196409,Наурызбай,0.268,-0.047,26.9,9510.0,0.266,0.424,257.0,0.273,1115.0,Парк/сквер,1.957,0.807,5.905,0,30.0,3.566666666666667,5.0,15.943,0.5,28.0,0.8,0.6333333333333333
H01298,43.28189189189196,76.83998505367325,Наурызбай,0.287,-0.046,28.3,8958.0,0.309,0.456,301.0,0.372,1097.0,Пустырь,2.178,1.277,7.455,1,45.0,4.111111111111111,5.0,22.962,0.5333333333333333,43.0,0.7333333333333333,0.5111111111111111
H01299,43.28189189189196,76.8474831853824,Наурызбай,0.311,-0.037,27.8,9045.0,0.356,0.49,160.0,0.276,1190.0,Транспорт,2.188,0.626,6.192,0,22.0,3.590909090909091,5.0,11.697000000000001,0.8181818181818182,21.0,0.7727272727272727,0.5909090909090909
H01300,43.28189189189196,76.85498131709156,Наурызбай,0.252,-0.037,28.5,11483.0,0.406,0.525,135.0,0.333,1188.0,Жилая,3.151,-0.453,4.958,0,8.0,3.125,4.0,3.91,0.5,7.0,0.875,0.5
H01301,43.28189189189196,76.86247944880071,Наурызбай,0.222,-0.039,31.5,10877.0,0.455,0.56,218.0,0.395,1165.0,Жилая,3.816,-0.92,6.489,0,1.0,5.0,5.0,0.745,1.0,1.0,0.0,0.0
H01302,43.28189189189196,76.86997758050987,Наурызбай,0.292,-0.039,31.4,12346.0,0.504,0.593,139.0,0.318,1169.0,Пустырь,3.562,1.654,6.469,0,50.0,4.02,5.0,26.713,0.66,45.0,0.84,0.58
H01303,43.28189189189196,76.87747571221902,Жетысу,0.174,-0.037,30.3,11341.0,0.55,0.624,207.0,0.486,1190.0,Жилая,4.592,0.277,8.065,1,16.0,4.125,5.0,9.43,0.875,14.0,0.9375,0.625
H01304,43.28189189189196,76.88497384392818,Жетысу,0.241,-0.055,32.2,13487.0,0.591,0.651,122.0,0.441,1181.0,Коммерческая,5.185,0.126,8.08,1,13.0,4.538461538461538,5.0,5.882,0.6923076923076923,13.0,0.6153846153846154,0.6923076923076923
H01305,43.28189189189196,76.89247197563733,Жетысу,0.156,-0.054,31.1,12976.0,0.626,0.672,79.0,0.463,1181.0,Транспорт,6.042,0.204,8.34,1,19.0,4.368421052631579,5.0,9.719999999999999,0.47368421052631576,16.0,0.7894736842105263,0.5789473684210527
H01306,43.28189189189196,76.89997010734649,Жетысу,0.205,-0.055,32.2,14206.0,0.652,0.688,83.0,0.531,1236.0,Жилая,6.064,-0.645,7.989,1,8.0,4.75,5.0,3.223,0.75,8.0,0.875,0.625
H01307,43.28189189189196,76.90746823905565,Жетысу,0.215,-0.063,34.4,15122.0,0.668,0.696,105.0,0.49,1222.0,Коммерческая,6.339,0.852,8.826,1,54.0,4.314814814814815,5.0,27.94,0.5740740740740741,48.0,0.9074074074074074,0.7407407407407407
H01308,43.28189189189196,76.9149663707648,Жетысу,0.128,-0.052,32.3,13777.0,0.674,0.696,108.0,0.55,1236.0,Коммерческая,6.605,0.163,8.671,1,16.0,4.5,5.0,7.69,0.375,13.0,0.8125,0.4375
H01309,43.28189189189196,76.92246450247396,Жетысу,0.096,-0.06,34.6,14353.0,0.669,0.689,124.0,0.605,1216.0,Коммерческая,7.405,0.514,8.797,1,38.0,4.631578947368421,5.0,19.454,0.5,37.0,0.868421052631579,0.6052631578947368
H01310,43.28189189189196,76.92996263418311,Жетысу,0.124,-0.023,35.1,14151.0,0.654,0.674,120.0,0.552,1231.0,Транспорт,6.072,0.672,7.884,1,42.0,4.333333333333333,5.0,19.758,0.5714285714285714,37.0,0.8809523809523809,0.6904761904761905
H01311,43.28189189189196,76.93746076589227,Жетысу,0.197,-0.073,32.3,14929.0,0.628,0.653,202.0,0.558,1255.0,Транспорт,6.118,-0.072,7.902,1,16.0,4.0625,5.0,8.833,0.6875,15.0,0.8125,0.4375
H01312,43.28189189189196,76.94495889760142,Жетысу,0.086,-0.061,33.2,14305.0,0.594,0.625,167.0,0.49,1274.0,Парк/сквер,6.63,0.987,9.508,1,48.0,4.645833333333333,5.0,25.62,0.6875,42.0,0.8125,0.5208333333333334
H01313,43.28189189189196,76.95245702931058,Жетысу,0.258,-0.022,30.2,14145.0,0.552,0.593,144.0,0.535,1273.0,Жилая,3.854,-1.57,5.956,0,11.0,3.4545454545454546,5.0,5.769,0.36363636363636365,11.0,0.9090909090909091,0.8181818181818182
H01314,43.28189189189196,76.95995516101974,Ауэзов,0.178,-0.033,33.0,12538.0,0.505,0.558,188.0,0.446,1278.0,Пустырь,4.601,1.241,8.119,1,70.0,4.2,5.0,35.851,0.7142857142857143,58.0,0.7857142857142857,0.6285714285714286
H01315,43.28189189189196,76.96745329272889,Ауэзов,0.234,-0.016,29.5,12781.0,0.456,0.522,110.0,0.368,1309.0,Пустырь,3.204,0.853,6.311,0,38.0,3.9473684210526314,5.0,18.728,0.631578947368421,32.0,0.8157894736842105,0.6842105263157895
H01316,43.28189189189196,76.97495142443805,Ауэзов,0.255,-0.059,30.1,11860.0,0.405,0.484,170.0,0.341,1292.0,Жилая,3.828,0.181,6.536,1,16.0,3.625,5.0,8.397,0.8125,15.0,0.8125,0.625
H01317,43.28189189189196,76.9824495561472,Ауэзов,0.255,-0.006,29.1,11958.0,0.354,0.448,241.0,0.32,1298.0,Парк/сквер,1.699,-0.836,5.122,0,4.0,4.0,5.0,2.716,0.75,4.0,1.0,0.5
H01318,43.28189189189196,76.98994768785636,Ауэзов,0.338,-0.053,26.9,11980.0,0.306,0.413,228.0,0.268,1270.0,Пустырь,1.826,1.28,6.672,1,62.0,4.064516129032258,5.0,32.837,0.6612903225806451,51.0,0.7741935483870968,0.6612903225806451
H01319,43.28189189189196,76.99744581956551,Ауэзов,0.309,-0.005,26.3,9573.0,0.261,0.38,246.0,0.246,1314.0,Транспорт,0.366,-0.793,4.78,0,4.0,2.5,3.0,1.8820000000000001,0.75,4.0,0.75,0.25
H01320,43.28189189189196,77.00494395127467,Ауэзов,0.325,-0.023,27.3,7469.0,0.221,0.35,242.0,0.274,1306.0,Пустырь,0.802,0.811,5.7,0,16.0,3.3125,5.0,8.228,0.5,16.0,0.9375,0.5625
H01321,43.28189189189196,77.01244208298382,Ауэзов,0.405,-0.026,25.9,8118.0,0.186,0.323,269.0,0.197,1336.0,Жилая,-0.347,0.041,4.486,0,5.0,3.2,5.0,3.585,0.8,5.0,0.8,0.4
H01322,43.28189189189196,77.01994021469298,Ауэзов,0.375,-0.019,27.3,6307.0,0.155,0.298,244.0,0.182,1311.0,Пустырь,-0.17,-0.386,4.925,0,1.0,4.0,4.0,0.762,1.0,1.0,1.0,1.0
H01323,43.28189189189196,77.02743834640214,Ауэзов,0.435,-0.037,21.7,5997.0,0.13,0.276,309.0,0.147,1380.0,Пустырь,-1.276,0.99,5.535,0,32.0,3.78125,5.0,15.283000000000001,0.5,28.0,0.8125,0.59375
H01324,43.28189189189196,77.03493647811129,Ауэзов,0.466,-0.034,23.9,6283.0,0.109,0.257,334.0,0.038,1365.0,Пустырь,-1.764,0.283,4.341,0,9.0,3.2222222222222223,5.0,5.5760000000000005,0.5555555555555556,7.0,0.8888888888888888,0.8888888888888888
H01325,43.28189189189196,77.04243460982045,Ауэзов,0.372,-0.011,22.3,4031.0,0.092,0.242,314.0,0.137,1388.0,Парк/сквер,-1.623,-1.384,3.71,0,1.0,1.0,1.0,0.661,0.0,1.0,1.0,0.0
H01326,43.28189189189196,77.0499327415296,Ауэзов,0.362,-0.016,24.1,3886.0,0.079,0.23,302.0,0.17,1381.0,Пустырь,-1.088,-0.308,3.91,0,2.0,4.0,5.0,0.899,1.0,2.0,1.0,0.0
H01327,43.28189189189196,77.05743087323876,Ауэзов,0.404,-0.042,24.1,3108.0,0.068,0.222,345.0,0.066,1400.0,Пустырь,-1.169,0.873,5.715,0,14.0,3.857142857142857,5.0,6.944,0.6428571428571429,14.0,0.8571428571428571,0.6428571428571429
H01328,43.28189189189196,77.06492900494791,Ауэзов,0.435,-0.008,23.9,3998.0,0.061,0.218,332.0,0.128,1427.0,Пустырь,-2.202,0.182,3.534,0,6.0,2.5,5.0,3.526,0.8333333333333334,6.0,1.0,0.8333333333333334
H01329,43.28189189189196,77.07242713665707,Ауэзов,0.369,-0.002,23.0,3720.0,0.055,0.218,419.0,0.104,1385.0,Промышленная,-2.399,0.463,5.128,0,9.0,3.2222222222222223,5.0,4.166,0.3333333333333333,9.0,1.0,0.7777777777777778
H01330,43.28189189189196,77.07992526836622,Ауэзов,0.519,-0.002,19.8,2304.0,0.051,0.221,290.0,0.185,1379.0,Пустырь,-3.271,0.1,3.42,0,3.0,3.0,4.0,1.4749999999999999,1.0,3.0,0.6666666666666666,0.0
H01331,43.28189189189196,77.08742340007538,Ауэзов,0.43,-0.035,22.3,3423.0,0.048,0.226,308.0,0.074,1415.0,Жилая,-1.68,-0.247,3.599,0,3.0,5.0,5.0,0.8280000000000001,0.6666666666666666,3.0,0.6666666666666666,0.6666666666666666
H01332,43.28189189189196,77.09492153178454,Ауэзов,0.432,-0.01,22.9,3355.0,0.046,0.233,290.0,0.051,1391.0,Промышленная,-2.323,0.607,3.371,0,9.0,2.6666666666666665,5.0,5.006,0.6666666666666666,9.0,0.8888888888888888,1.0
H01333,43.28662162162169,76.78374906585458,Наурызбай,0.298,-0.026,24.8,3705.0,0.084,0.285,289.0,0.089,1011.0,Жилая,-0.358,-1.156,3.833,0,3.0,3.0,4.0,1.5540000000000003,0.6666666666666666,3.0,0.6666666666666666,0.6666666666666666
H01334,43.28662162162169,76.79124719756373,Наурызбай,0.352,-0.034,25.9,4909.0,0.098,0.297,273.0,0.202,1067.0,Парк/сквер,-0.032,-2.34,2.801,0,3.0,1.6666666666666667,3.0,2.107,0.6666666666666666,2.0,0.6666666666666666,0.6666666666666666
H01335,43.28662162162169,76.79874532927289,Наурызбай,0.318,-0.023,25.9,3995.0,0.116,0.312,284.0,0.081,1079.0,Пустырь,-0.325,1.067,5.413,0,14.0,3.7857142857142856,5.0,8.138,0.5,13.0,0.8571428571428571,0.8571428571428571
H01336,43.28662162162169,76.80624346098205,Наурызбай,0.344,-0.039,26.0,6286.0,0.138,0.33,233.0,0.163,1093.0,Пустырь,0.398,0.977,5.777,0,26.0,3.3461538461538463,5.0,14.048,0.6538461538461539,25.0,0.8461538461538461,0.6923076923076923
H01337,43.28662162162169,76.8137415926912,Наурызбай,0.366,-0.032,24.0,7933.0,0.164,0.35,251.0,0.136,1059.0,Пустырь,-0.247,1.531,5.714,0,29.0,3.8275862068965516,5.0,15.96,0.7241379310344828,29.0,0.896551724137931,0.5172413793103449
H01338,43.28662162162169,76.82123972440036,Наурызбай,0.254,-0.021,27.3,6625.0,0.194,0.374,251.0,0.099,1106.0,Пустырь,0.76,0.837,5.855,0,23.0,3.739130434782609,5.0,12.095,0.6086956521739131,22.0,0.9130434782608695,0.4782608695652174
H01339,43.28662162162169,76.82873785610951,Наурызбай,0.29,-0.038,26.0,7232.0,0.228,0.4,203.0,0.334,1090.0,Транспорт,1.651,1.903,6.701,1,45.0,3.9555555555555557,5.0,23.385,0.6222222222222222,44.0,0.8888888888888888,0.5111111111111111
H01340,43.28662162162169,76.83623598781867,Наурызбай,0.282,-0.045,28.3,8087.0,0.267,0.429,236.0,0.233,1115.0,Парк/сквер,1.948,-0.453,6.867,1,3.0,4.0,5.0,1.286,0.3333333333333333,3.0,0.6666666666666666,0.3333333333333333
H01341,43.28662162162169,76.84373411952782,Наурызбай,0.252,-0.038,26.9,8172.0,0.308,0.459,227.0,0.295,1091.0,Пустырь,2.162,0.959,7.665,1,33.0,4.303030303030303,5.0,17.644000000000002,0.6060606060606061,32.0,0.8787878787878788,0.5454545454545454
H01342,43.28662162162169,76.85123225123698,Наурызбай,0.323,-0.048,27.9,8340.0,0.353,0.491,175.0,0.384,1147.0,Жилая,2.597,0.548,5.614,0,18.0,3.5,5.0,8.458,0.6666666666666666,15.0,0.7777777777777778,0.7222222222222222
H01343,43.28662162162169,76.85873038294613,Наурызбай,0.305,-0.049,30.7,10750.0,0.398,0.523,196.0,0.364,1136.0,Коммерческая,3.135,-0.936,6.776,1,5.0,4.2,5.0,2.7279999999999998,0.8,5.0,0.6,0.8
H01344,43.28662162162169,76.86622851465529,Наурызбай,0.287,-0.043,28.3,12949.0,0.444,0.555,225.0,0.379,1119.0,Жилая,2.896,1.651,7.793,1,34.0,4.117647058823529,5.0,17.287,0.6764705882352942,30.0,0.7941176470588235,0.6176470588235294
H01345,43.28662162162169,76.87372664636445,Наурызбай,0.28,-0.056,30.1,10614.0,0.487,0.584,85.0,0.459,1201.0,Жилая,4.463,-0.064,7.856,1,7.0,4.428571428571429,5.0,3.3600000000000003,0.42857142857142855,7.0,0.8571428571428571,0.5714285714285714
H01346,43.28662162162169,76.8812247780736,Жетысу,0.191,-0.058,30.4,12148.0,0.527,0.61,115.0,0.446,1122.0,Парк/сквер,5.239,-0.66,7.77,1,11.0,4.181818181818182,5.0,5.349,0.6363636363636364,11.0,0.8181818181818182,0.36363636363636365
H01347,43.28662162162169,76.88872290978276,Жетысу,0.265,-0.028,29.7,13070.0,0.562,0.632,122.0,0.448,1185.0,Транспорт,3.843,-0.63,6.822,1,7.0,4.428571428571429,5.0,3.36,0.8571428571428571,6.0,1.0,0.7142857142857143
H01348,43.28662162162169,76.89622104149191,Жетысу,0.205,-0.036,33.0,11726.0,0.59,0.649,160.0,0.586,1176.0,Транспорт,5.219,-0.029,7.934,1,12.0,4.833333333333333,5.0,7.482,0.6666666666666666,12.0,0.9166666666666666,0.5833333333333334
H01349,43.28662162162169,76.90371917320107,Жетысу,0.172,-0.041,32.1,13529.0,0.61,0.659,161.0,0.564,1207.0,Жилая,5.511,-0.563,6.951,1,6.0,4.333333333333333,5.0,2.313,0.6666666666666666,6.0,0.6666666666666666,0.8333333333333334
H01350,43.28662162162169,76.91121730491022,Жетысу,0.149,-0.044,33.4,13398.0,0.62,0.662,184.0,0.488,1215.0,Коммерческая,5.707,0.687,8.914,1,30.0,4.633333333333334,5.0,16.01,0.6,29.0,0.8666666666666667,0.5666666666666667
H01351,43.28662162162169,76.91871543661938,Жетысу,0.216,-0.059,32.2,14043.0,0.621,0.658,110.0,0.446,1244.0,Жилая,5.66,-0.643,8.522,1,7.0,4.285714285714286,5.0,3.648,0.7142857142857143,7.0,1.0,0.7142857142857143
H01352,43.28662162162169,76.92621356832854,Жетысу,0.204,-0.054,32.4,15522.0,0.611,0.647,169.0,0.475,1189.0,Жилая,5.439,-0.255,8.791,1,13.0,4.153846153846154,5.0,7.187,0.8461538461538461,12.0,0.9230769230769231,0.7692307692307693
H01353,43.28662162162169,76.93371170003769,Жетысу,0.247,-0.043,32.5,13408.0,0.592,0.63,201.0,0.504,1203.0,Жилая,4.669,1.147,8.476,1,48.0,4.5,5.0,25.648,0.5833333333333334,42.0,0.875,0.6875
H01354,43.28662162162169,76.94120983174685,Жетысу,0.18,-0.061,31.7,13259.0,0.564,0.607,85.0,0.455,1247.0,Пустырь,5.86,-0.349,7.156,1,8.0,3.875,5.0,4.147,0.75,8.0,0.875,0.625
H01355,43.28662162162169,76.948707963456,Жетысу,0.226,-0.054,29.6,13184.0,0.529,0.579,184.0,0.396,1239.0,Жилая,4.351,0.627,8.293,1,45.0,4.488888888888889,5.0,24.309,0.5555555555555556,37.0,0.8666666666666667,0.6666666666666666
H01356,43.28662162162169,76.95620609516516,Ауэзов,0.297,-0.049,29.2,13057.0,0.489,0.547,169.0,0.346,1263.0,Пустырь,3.408,2.489,7.512,1,99.0,4.313131313131313,5.0,52.698,0.5656565656565656,85.0,0.7878787878787878,0.6363636363636364
H01357,43.28662162162169,76.96370422687431,Ауэзов,0.284,-0.054,28.7,11892.0,0.444,0.514,185.0,0.39,1277.0,Жилая,3.481,1.869,7.931,1,73.0,4.123287671232877,5.0,38.914,0.6164383561643836,67.0,0.726027397260274,0.5342465753424658
H01358,43.28662162162169,76.97120235858347,Ауэзов,0.28,-0.076,27.3,10888.0,0.397,0.479,185.0,0.427,1243.0,Транспорт,3.861,1.321,8.426,1,62.0,4.451612903225806,5.0,28.73,0.532258064516129,55.0,0.8548387096774194,0.6290322580645161
H01359,43.28662162162169,76.97870049029262,Ауэзов,0.213,-0.04,29.1,10942.0,0.351,0.445,187.0,0.35,1296.0,Парк/сквер,3.233,1.149,7.313,1,49.0,4.244897959183674,5.0,25.218,0.5918367346938775,44.0,0.8979591836734694,0.5918367346938775
H01360,43.28662162162169,76.98619862200178,Ауэзов,0.288,-0.027,29.6,9239.0,0.305,0.412,236.0,0.271,1293.0,Пустырь,1.818,1.295,6.617,1,47.0,4.0212765957446805,5.0,25.503,0.6382978723404256,42.0,0.8297872340425532,0.5957446808510638
H01361,43.28662162162169,76.99369675371094,Ауэзов,0.339,-0.025,26.9,9701.0,0.263,0.381,308.0,0.223,1309.0,Пустырь,0.458,0.561,5.029,0,25.0,3.24,5.0,12.969,0.68,24.0,0.88,0.52
H01362,43.28662162162169,77.00119488542009,Ауэзов,0.333,-0.009,26.3,9171.0,0.224,0.353,320.0,0.231,1286.0,Парк/сквер,-0.203,0.593,4.872,0,15.0,3.466666666666667,5.0,7.367,0.6666666666666666,15.0,0.7333333333333333,0.7333333333333333
H01363,43.28662162162169,77.00869301712925,Ауэзов,0.352,-0.017,24.8,8066.0,0.189,0.327,226.0,0.108,1324.0,Жилая,-0.345,-0.565,5.935,0,2.0,5.0,5.0,1.222,0.5,2.0,1.0,1.0
H01364,43.28662162162169,77.0161911488384,Ауэзов,0.369,0.018,23.8,7649.0,0.159,0.303,291.0,0.102,1287.0,Парк/сквер,-1.948,-1.411,2.892,0,2.0,2.5,4.0,1.1239999999999999,0.5,2.0,0.0,0.5
H01365,43.28662162162169,77.02368928054756,Ауэзов,0.405,-0.029,23.4,7003.0,0.133,0.282,331.0,0.15,1299.0,Жилая,-1.127,0.038,3.174,0,1.0,3.0,3.0,0.619,0.0,1.0,1.0,0.0
H01366,43.28662162162169,77.03118741225671,Ауэзов,0.431,-0.025,22.7,6937.0,0.112,0.264,318.0,0.086,1322.0,Пустырь,-1.696,2.183,4.783,0,56.0,3.375,5.0,27.468,0.6071428571428571,49.0,0.8035714285714286,0.7142857142857143
H01367,43.28662162162169,77.03868554396587,Ауэзов,0.472,-0.024,23.7,5002.0,0.095,0.248,320.0,0.09,1326.0,Пустырь,-1.987,0.514,4.7,0,15.0,3.533333333333333,5.0,7.996,0.6666666666666666,13.0,1.0,0.7333333333333333
H01368,43.28662162162169,77.04618367567502,Ауэзов,0.399,-0.028,25.0,3826.0,0.081,0.236,305.0,0.079,1358.0,Парк/сквер,-1.147,1.308,4.296,0,21.0,3.142857142857143,5.0,11.93,0.6190476190476191,19.0,0.8095238095238095,0.6666666666666666
H01369,43.28662162162169,77.05368180738418,Ауэзов,0.4,-0.023,24.1,3907.0,0.071,0.227,311.0,0.12,1325.0,Пустырь,-1.379,1.831,5.958,0,44.0,4.0227272727272725,5.0,21.453,0.6363636363636364,41.0,0.8863636363636364,0.7954545454545454
H01370,43.28662162162169,77.06117993909334,Ауэзов,0.386,-0.015,22.1,5391.0,0.062,0.222,288.0,0.059,1379.0,Коммерческая,-1.809,-0.76,3.617,0,0.0,0.0,0.0,0.0,0.0,0.0,0.0,0.0
H01371,43.28662162162169,77.06867807080249,Ауэзов,0.452,-0.014,21.8,4101.0,0.057,0.221,377.0,0.104,1370.0,Парк/сквер,-2.685,1.524,4.329,0,37.0,3.4054054054054053,5.0,20.917,0.6216216216216216,37.0,0.8918918918918919,0.7567567567567568
H01372,43.28662162162169,77.07617620251165,Ауэзов,0.39,-0.018,22.8,3198.0,0.052,0.223,242.0,0.026,1444.0,Пустырь,-1.611,1.758,4.451,0,41.0,3.292682926829268,5.0,22.214,0.7073170731707317,36.0,0.9512195121951219,0.7560975609756098
H01373,43.28662162162169,77.0836743342208,Ауэзов,0.452,-0.002,19.8,4629.0,0.049,0.227,214.0,0.02,1416.0,Парк/сквер,-2.838,-0.646,2.975,0,2.0,2.0,2.0,1.01,0.5,2.0,1.0,0.0
H01374,43.28662162162169,77.09117246592996,Ауэзов,0.451,-0.02,21.3,613.0,0.047,0.233,346.0,0.028,1382.0,Пустырь,-2.662,0.996,4.13,0,12.0,3.0,5.0,7.39,0.6666666666666666,12.0,0.8333333333333334,0.6666666666666666
H01375,43.28662162162169,77.09867059763911,Ауэзов,0.513,-0.044,21.8,2252.0,0.045,0.24,322.0,0.125,1389.0,Жилая,-2.098,1.156,4.298,0,15.0,3.0,5.0,7.231,0.6,15.0,0.9333333333333333,0.5333333333333333
H01376,43.29135135135142,76.78,Наурызбай,0.317,-0.043,24.2,3968.0,0.075,0.279,275.0,0.122,1055.0,Пустырь,0.019,-0.119,6.011,0,1.0,3.0,3.0,0.53,0.0,1.0,1.0,1.0
H01377,43.29135135135142,76.78749813170916,Наурызбай,0.369,-0.013,24.3,3629.0,0.086,0.289,253.0,0.171,1086.0,Коммерческая,-0.973,-0.22,4.731,0,5.0,3.2,5.0,3.304,0.2,5.0,0.8,0.6
H01378,43.29135135135142,76.79499626341831,Наурызбай,0.317,-0.014,24.6,4763.0,0.101,0.302,262.0,0.022,1025.0,Парк/сквер,-0.835,-0.604,4.114,0,2.0,3.0,3.0,0.823,0.5,2.0,0.5,0.5
H01379,43.29135135135142,76.80249439512747,Наурызбай,0.351,-0.011,23.9,3133.0,0.119,0.317,295.0,0.135,1056.0,Пустырь,-1.088,0.187,4.945,0,4.0,4.0,5.0,1.9010000000000002,1.0,3.0,0.75,0.75
H01380,43.29135135135142,76.80999252683662,Наурызбай,0.334,-0.048,27.4,5179.0,0.14,0.335,242.0,0.21,1066.0,Пустырь,0.996,2.127,6.46,0,29.0,3.9310344827586206,5.0,15.328,0.5862068965517241,27.0,0.896551724137931,0.6206896551724138
H01381,43.29135135135142,76.81749065854578,Наурызбай,0.335,0.013,23.8,5558.0,0.165,0.355,314.0,0.141,1113.0,Жилая,-1.544,0.04,3.839,0,3.0,3.3333333333333335,4.0,2.249,1.0,3.0,1.0,0.6666666666666666
H01382,43.29135135135142,76.82498879025493,Наурызбай,0.349,-0.024,25.9,5048.0,0.195,0.378,260.0,0.202,1102.0,Жилая,0.114,0.378,5.792,0,6.0,3.6666666666666665,5.0,2.875,0.8333333333333334,6.0,0.8333333333333334,0.3333333333333333
H01383,43.29135135135142,76.83248692196409,Наурызбай,0.256,-0.029,26.2,8121.0,0.228,0.403,264.0,0.211,1102.0,Транспорт,1.148,-0.348,5.692,0,2.0,3.5,4.0,1.451,1.0,2.0,1.0,0.5
H01384,43.29135135135142,76.83998505367325,Наурызбай,0.249,-0.015,27.0,8124.0,0.264,0.431,250.0,0.33,1086.0,Коммерческая,1.387,-0.405,5.18,0,4.0,4.0,5.0,2.303,0.75,4.0,1.0,0.75
H01385,43.29135135135142,76.8474831853824,Наурызбай,0.229,-0.03,30.1,9005.0,0.303,0.459,245.0,0.281,1137.0,Пустырь,2.39,1.634,6.551,1,43.0,3.7906976744186047,5.0,22.924,0.5116279069767442,41.0,0.7906976744186046,0.627906976744186
H01386,43.29135135135142,76.85498131709156,Наурызбай,0.329,-0.032,28.5,8937.0,0.344,0.489,240.0,0.211,1105.0,Жилая,1.458,0.525,5.239,0,19.0,3.3157894736842106,5.0,9.413,0.7368421052631579,19.0,1.0,0.631578947368421
H01387,43.29135135135142,76.86247944880071,Наурызбай,0.263,-0.045,29.7,10372.0,0.386,0.518,167.0,0.311,1163.0,Промышленная,3.18,0.328,6.277,0,24.0,3.75,5.0,11.497,0.5416666666666666,20.0,0.875,0.625
H01388,43.29135135135142,76.86997758050987,Наурызбай,0.215,-0.013,31.8,11082.0,0.427,0.545,145.0,0.303,1115.0,Транспорт,3.149,-1.115,6.165,0,10.0,3.7,5.0,4.007,0.4,10.0,0.8,0.6
H01389,43.29135135135142,76.87747571221902,Жетысу,0.189,-0.085,31.0,10885.0,0.465,0.57,112.0,0.4,1140.0,Жилая,5.766,0.817,8.404,1,44.0,4.181818181818182,5.0,21.329,0.4090909090909091,42.0,0.8863636363636364,0.6136363636363636
H01390,43.29135135135142,76.88497384392818,Жетысу,0.14,-0.05,30.8,11506.0,0.499,0.592,207.0,0.5,1150.0,Промышленная,5.112,1.72,8.498,1,78.0,4.461538461538462,5.0,42.507,0.5641025641025641,66.0,0.8333333333333334,0.6410256410256411
H01391,43.29135135135142,76.89247197563733,Жетысу,0.238,-0.054,31.3,11841.0,0.528,0.609,128.0,0.51,1186.0,Жилая,4.979,-0.401,7.633,1,12.0,4.583333333333333,5.0,6.38,0.75,12.0,0.8333333333333334,0.75
H01392,43.29135135135142,76.89997010734649,Жетысу,0.203,-0.03,32.6,12999.0,0.55,0.62,169.0,0.487,1169.0,Жилая,4.614,0.862,7.565,1,45.0,4.355555555555555,5.0,22.001,0.6888888888888889,37.0,0.8444444444444444,0.6
H01393,43.29135135135142,76.90746823905565,Жетысу,0.208,-0.038,32.0,13695.0,0.563,0.626,117.0,0.378,1190.0,Жилая,4.712,-0.472,7.159,1,9.0,4.333333333333333,5.0,4.739,0.6666666666666666,9.0,0.7777777777777778,0.4444444444444444
H01394,43.29135135135142,76.9149663707648,Жетысу,0.204,-0.073,33.7,13626.0,0.568,0.625,155.0,0.483,1188.0,Пустырь,6.05,0.724,8.831,1,42.0,4.523809523809524,5.0,20.447,0.6190476190476191,39.0,0.8809523809523809,0.6666666666666666
H01395,43.29135135135142,76.92246450247396,Жетысу,0.143,-0.051,32.5,12399.0,0.564,0.617,189.0,0.509,1206.0,Транспорт,5.673,-0.654,8.557,1,10.0,4.3,5.0,6.191,0.6,10.0,0.7,0.8
H01396,43.29135135135142,76.92996263418311,Жетысу,0.269,-0.066,31.1,15183.0,0.551,0.603,160.0,0.472,1209.0,Транспорт,4.897,1.634,7.215,1,72.0,4.236111111111111,5.0,36.272,0.7638888888888888,66.0,0.8888888888888888,0.6111111111111112
H01397,43.29135135135142,76.93746076589227,Жетысу,0.209,-0.054,31.0,12734.0,0.529,0.584,209.0,0.452,1234.0,Пустырь,4.699,0.972,7.649,1,39.0,4.538461538461538,5.0,20.117,0.5384615384615384,34.0,0.8717948717948718,0.6923076923076923
H01398,43.29135135135142,76.94495889760142,Жетысу,0.259,-0.061,32.2,12638.0,0.5,0.56,147.0,0.457,1236.0,Транспорт,4.81,0.575,7.719,1,31.0,4.580645161290323,5.0,15.074,0.6129032258064516,27.0,0.8709677419354839,0.6129032258064516
H01399,43.29135135135142,76.95245702931058,Жетысу,0.144,-0.029,33.9,13144.0,0.465,0.532,156.0,0.319,1236.0,Жилая,4.538,-0.536,8.229,1,11.0,4.545454545454546,5.0,5.84,0.8181818181818182,11.0,0.7272727272727273,0.6363636363636364
H01400,43.29135135135142,76.95995516101974,Ауэзов,0.237,-0.049,28.7,12068.0,0.426,0.502,196.0,0.326,1241.0,Пустырь,3.438,1.351,7.925,1,78.0,4.166666666666667,5.0,39.654,0.6666666666666666,68.0,0.8461538461538461,0.5641025641025641
H01401,43.29135135135142,76.96745329272889,Ауэзов,0.229,-0.062,28.3,11275.0,0.385,0.471,210.0,0.363,1209.0,Парк/сквер,3.682,-0.665,6.25,0,7.0,4.0,5.0,3.6719999999999997,0.5714285714285714,7.0,1.0,0.5714285714285714
H01402,43.29135135135142,76.97495142443805,Ауэзов,0.289,-0.024,26.4,10205.0,0.342,0.439,231.0,0.28,1310.0,Пустырь,1.499,2.225,6.741,1,63.0,4.015873015873016,5.0,34.302,0.5396825396825397,58.0,0.8095238095238095,0.5396825396825397
H01403,43.29135135135142,76.9824495561472,Ауэзов,0.282,-0.034,28.9,10382.0,0.3,0.409,193.0,0.263,1282.0,Пустырь,2.088,1.539,6.901,1,49.0,3.8979591836734695,5.0,28.198999999999998,0.6122448979591837,49.0,0.7959183673469388,0.5918367346938775
H01404,43.29135135135142,76.98994768785636,Ауэзов,0.337,-0.023,26.8,9894.0,0.26,0.38,257.0,0.227,1277.0,Парк/сквер,0.618,1.156,5.764,0,48.0,3.5416666666666665,5.0,22.975,0.5625,45.0,0.9166666666666666,0.6041666666666666
H01405,43.29135135135142,76.99744581956551,Ауэзов,0.359,-0.031,26.9,7904.0,0.223,0.353,233.0,0.251,1315.0,Пустырь,0.706,2.234,6.086,0,67.0,3.791044776119403,5.0,34.944,0.5074626865671642,61.0,0.8656716417910447,0.5223880597014925
H01406,43.29135135135142,77.00494395127467,Ауэзов,0.391,-0.036,27.2,6869.0,0.189,0.328,254.0,0.085,1294.0,Пустырь,0.028,0.745,5.058,0,17.0,3.764705882352941,5.0,9.195,0.5882352941176471,17.0,0.9411764705882353,0.8235294117647058
H01407,43.29135135135142,77.01244208298382,Ауэзов,0.378,-0.058,22.7,8982.0,0.16,0.306,195.0,0.132,1314.0,Пустырь,0.404,2.002,6.046,0,80.0,3.65,5.0,40.781,0.625,59.0,0.9125,0.65
H01408,43.29135135135142,77.01994021469298,Ауэзов,0.363,-0.01,25.9,6243.0,0.135,0.287,382.0,0.135,1280.0,Жилая,-1.248,0.687,4.905,0,21.0,3.5714285714285716,5.0,11.145,0.5238095238095238,21.0,0.8571428571428571,0.6666666666666666
H01409,43.29135135135142,77.02743834640214,Ауэзов,0.378,-0.002,22.4,5355.0,0.114,0.269,335.0,0.105,1304.0,Жилая,-1.984,-1.255,4.299,0,1.0,2.0,2.0,0.583,1.0,1.0,1.0,0.0
H01410,43.29135135135142,77.03493647811129,Ауэзов,0.368,-0.033,24.0,5716.0,0.097,0.255,372.0,0.178,1345.0,Жилая,-0.889,0.204,4.758,0,8.0,3.5,5.0,4.066,0.75,8.0,0.875,0.75
H01411,43.29135135135142,77.04243460982045,Ауэзов,0.364,-0.022,23.1,4248.0,0.083,0.243,278.0,0.055,1336.0,Парк/сквер,-1.231,0.102,4.735,0,2.0,3.0,4.0,0.9510000000000001,0.5,2.0,0.5,0.5
H01412,43.29135135135142,77.0499327415296,Ауэзов,0.469,-0.028,23.3,5206.0,0.072,0.234,266.0,0.072,1353.0,Промышленная,-1.805,2.653,5.092,0,77.0,3.324675324675325,5.0,38.547000000000004,0.6883116883116883,69.0,0.7922077922077922,0.6883116883116883
H01413,43.29135135135142,77.05743087323876,Ауэзов,0.387,-0.002,22.8,4546.0,0.064,0.228,299.0,0.114,1337.0,Пустырь,-2.014,1.816,4.719,0,40.0,3.125,5.0,19.553,0.525,35.0,0.85,0.575
H01414,43.29135135135142,77.06492900494791,Ауэзов,0.4,-0.01,23.3,2623.0,0.058,0.226,283.0,0.053,1329.0,Парк/сквер,-1.932,-0.416,3.662,0,3.0,2.3333333333333335,3.0,1.237,0.6666666666666666,3.0,1.0,1.0
H01415,43.29135135135142,77.07242713665707,Ауэзов,0.459,-0.029,21.3,2294.0,0.053,0.227,338.0,0.02,1345.0,Жилая,-2.451,-2.123,3.57,0,3.0,3.3333333333333335,4.0,1.445,1.0,3.0,0.6666666666666666,0.6666666666666666
H01416,43.29135135135142,77.07992526836622,Ауэзов,0.467,-0.024,23.0,2664.0,0.05,0.23,292.0,0.077,1363.0,Пустырь,-2.104,1.277,4.218,0,23.0,3.130434782608696,5.0,12.309,0.6521739130434783,22.0,0.9130434782608695,0.6956521739130435
H01417,43.29135135135142,77.08742340007538,Ауэзов,0.383,-0.029,20.8,2855.0,0.048,0.235,260.0,0.114,1402.0,Пустырь,-1.376,-0.834,3.764,0,0.0,0.0,0.0,0.0,0.0,0.0,0.0,0.0
H01418,43.29135135135142,77.09492153178454,Ауэзов,0.486,-0.016,21.9,3301.0,0.046,0.242,314.0,0.091,1395.0,Пустырь,-2.716,-0.049,3.381,0,2.0,3.0,4.0,0.608,1.0,2.0,1.0,0.5
H01419,43.296081081081155,76.78374906585458,Наурызбай,0.352,-0.007,23.9,3137.0,0.076,0.282,303.0,0.24,1071.0,Пустырь,-1.15,1.196,4.57,0,16.0,3.1875,5.0,9.493,0.5625,15.0,0.8125,0.75
H01420,43.296081081081155,76.79124719756373,Наурызбай,0.338,-0.021,24.6,4158.0,0.088,0.293,335.0,0.18,1015.0,Пустырь,-0.781,-0.298,4.063,0,2.0,3.0,3.0,1.448,0.5,2.0,1.0,0.5
H01421,43.296081081081155,76.79874532927289,Наурызбай,0.339,-0.016,24.4,4154.0,0.102,0.306,227.0,0.085,1049.0,Пустырь,-0.679,1.822,5.274,0,26.0,3.8461538461538463,5.0,14.411,0.38461538461538464,24.0,0.8076923076923077,0.6153846153846154
H01422,43.296081081081155,76.80624346098205,Наурызбай,0.297,-0.031,24.7,5218.0,0.12,0.321,225.0,0.135,1083.0,Пустырь,0.288,1.224,4.861,0,18.0,3.388888888888889,5.0,10.211,0.4444444444444444,16.0,0.7777777777777778,0.6111111111111112
H01423,43.296081081081155,76.8137415926912,Наурызбай,0.37,-0.002,24.1,5611.0,0.141,0.339,310.0,0.204,1061.0,Парк/сквер,-1.285,0.064,3.225,0,1.0,4.0,4.0,0.421,1.0,1.0,1.0,1.0
H01424,43.296081081081155,76.82123972440036,Наурызбай,0.298,-0.073,23.8,6428.0,0.166,0.359,260.0,0.175,1056.0,Промышленная,1.441,0.498,5.69,0,14.0,3.7857142857142856,5.0,9.441,0.7142857142857143,14.0,0.7142857142857143,0.7142857142857143
H01425,43.296081081081155,76.82873785610951,Наурызбай,0.316,-0.047,23.0,6659.0,0.194,0.381,306.0,0.223,1074.0,Парк/сквер,0.531,1.024,6.078,0,19.0,3.6315789473684212,5.0,10.028,0.3157894736842105,19.0,0.7368421052631579,0.5789473684210527
H01426,43.296081081081155,76.83623598781867,Наурызбай,0.387,-0.043,24.7,6382.0,0.225,0.405,231.0,0.205,1088.0,Пустырь,0.432,-0.308,4.723,0,3.0,3.0,4.0,0.936,0.6666666666666666,3.0,1.0,0.6666666666666666
H01427,43.296081081081155,76.84373411952782,Наурызбай,0.286,-0.045,25.8,5974.0,0.259,0.431,153.0,0.185,1061.0,Парк/сквер,1.826,0.771,6.919,1,22.0,4.318181818181818,5.0,12.427,0.6363636363636364,22.0,0.9090909090909091,0.6818181818181818
H01428,43.296081081081155,76.85123225123698,Наурызбай,0.323,-0.029,30.0,9153.0,0.295,0.457,298.0,0.283,1096.0,Промышленная,1.364,1.414,6.809,1,37.0,4.1891891891891895,5.0,20.026,0.7567567567567568,35.0,0.8648648648648649,0.7297297297297297
H01429,43.296081081081155,76.85873038294613,Наурызбай,0.28,-0.022,29.3,9750.0,0.332,0.483,227.0,0.301,1105.0,Промышленная,1.911,0.845,6.593,1,22.0,3.590909090909091,5.0,10.940999999999999,0.7272727272727273,21.0,0.7272727272727273,0.7272727272727273
H01430,43.296081081081155,76.86622851465529,Наурызбай,0.307,-0.046,29.4,9325.0,0.369,0.509,136.0,0.29,1109.0,Транспорт,2.842,-0.597,6.277,0,3.0,4.666666666666667,5.0,1.465,0.6666666666666666,3.0,1.0,1.0
H01431,43.296081081081155,76.87372664636445,Наурызбай,0.27,-0.022,28.9,10799.0,0.405,0.532,153.0,0.477,1138.0,Транспорт,2.904,-1.213,5.167,0,4.0,3.75,4.0,2.59,0.5,4.0,0.5,0.25
H01432,43.296081081081155,76.8812247780736,Жетысу,0.245,-0.062,28.2,10176.0,0.438,0.553,127.0,0.381,1113.0,Промышленная,4.115,0.817,7.114,1,19.0,3.736842105263158,5.0,11.237,0.8421052631578947,18.0,0.8421052631578947,0.631578947368421
H01433,43.296081081081155,76.88872290978276,Жетысу,0.175,-0.064,28.9,11330.0,0.466,0.569,179.0,0.317,1151.0,Промышленная,4.563,-1.111,7.036,1,4.0,4.25,5.0,1.647,0.5,4.0,0.75,0.5
H01434,43.296081081081155,76.89622104149191,Жетысу,0.206,-0.056,29.3,12182.0,0.489,0.582,138.0,0.436,1169.0,Коммерческая,4.675,1.522,9.234,1,87.0,4.67816091954023,5.0,43.731,0.6551724137931034,76.0,0.8850574712643678,0.735632183908046
H01435,43.296081081081155,76.90371917320107,Жетысу,0.23,-0.044,31.7,11585.0,0.505,0.588,185.0,0.439,1168.0,Жилая,4.328,-1.645,5.806,0,7.0,3.0,5.0,2.9890000000000003,0.5714285714285714,7.0,1.0,0.5714285714285714
H01436,43.296081081081155,76.91121730491022,Жетысу,0.195,-0.026,32.9,12191.0,0.513,0.589,211.0,0.386,1164.0,Жилая,4.047,0.117,7.84,1,12.0,3.8333333333333335,5.0,6.1290000000000004,0.9166666666666666,12.0,0.75,0.6666666666666666
H01437,43.296081081081155,76.91871543661938,Жетысу,0.311,-0.059,29.1,11490.0,0.513,0.585,143.0,0.341,1167.0,Жилая,3.752,-0.516,5.933,0,6.0,3.1666666666666665,4.0,3.383,0.5,6.0,1.0,0.5
H01438,43.296081081081155,76.92621356832854,Жетысу,0.229,-0.058,30.4,12945.0,0.505,0.574,126.0,0.423,1221.0,Промышленная,4.758,0.918,9.158,1,44.0,4.454545454545454,5.0,22.132,0.6590909090909091,41.0,0.8409090909090909,0.6818181818181818
H01439,43.296081081081155,76.93371170003769,Жетысу,0.211,-0.081,31.7,12858.0,0.489,0.558,206.0,0.426,1237.0,Пустырь,5.333,-0.303,6.526,1,8.0,4.0,5.0,4.075,0.75,8.0,0.875,0.625
H01440,43.296081081081155,76.94120983174685,Жетысу,0.287,-0.043,31.3,12207.0,0.466,0.538,184.0,0.436,1211.0,Жилая,3.664,0.112,7.08,1,11.0,4.636363636363637,5.0,5.287,0.5454545454545454,10.0,1.0,0.45454545454545453
H01441,43.296081081081155,76.948707963456,Жетысу,0.264,-0.048,30.4,13118.0,0.437,0.513,159.0,0.425,1219.0,Пустырь,3.828,0.583,6.838,1,19.0,4.0,5.0,9.959,0.42105263157894735,18.0,0.8947368421052632,0.631578947368421
H01442,43.296081081081155,76.95620609516516,Ауэзов,0.235,-0.035,31.1,12094.0,0.404,0.487,170.0,0.284,1185.0,Пустырь,3.283,1.126,7.621,1,51.0,4.196078431372549,5.0,27.791,0.6470588235294118,44.0,0.8627450980392157,0.7058823529411765
H01443,43.296081081081155,76.96370422687431,Ауэзов,0.213,-0.042,30.2,11908.0,0.367,0.458,173.0,0.342,1249.0,Коммерческая,3.546,-0.841,6.152,0,7.0,3.857142857142857,5.0,3.018,0.7142857142857143,7.0,1.0,0.7142857142857143
H01444,43.296081081081155,76.97120235858347,Ауэзов,0.29,-0.04,27.8,11744.0,0.329,0.43,246.0,0.187,1224.0,Парк/сквер,1.786,-0.605,5.997,0,3.0,5.0,5.0,1.681,0.6666666666666666,3.0,1.0,0.6666666666666666
H01445,43.296081081081155,76.97870049029262,Ауэзов,0.354,-0.034,26.1,9540.0,0.291,0.402,253.0,0.261,1244.0,Жилая,0.918,-1.283,4.629,0,9.0,2.3333333333333335,4.0,4.38,0.6666666666666666,9.0,0.7777777777777778,0.7777777777777778
H01446,43.296081081081155,76.98619862200178,Ауэзов,0.396,-0.013,25.7,8337.0,0.254,0.375,157.0,0.271,1247.0,Парк/сквер,0.214,0.047,4.919,0,0.0,0.0,0.0,0.0,0.0,0.0,0.0,0.0
H01447,43.296081081081155,76.99369675371094,Ауэзов,0.31,-0.017,25.8,7564.0,0.219,0.351,253.0,0.261,1266.0,Промышленная,0.492,-0.118,6.032,0,3.0,3.6666666666666665,5.0,1.8290000000000002,0.6666666666666666,3.0,1.0,0.6666666666666666
H01448,43.296081081081155,77.00119488542009,Ауэзов,0.355,-0.013,24.4,8101.0,0.187,0.328,282.0,0.102,1284.0,Жилая,-0.787,-0.077,4.335,0,3.0,3.0,4.0,2.066,1.0,3.0,0.6666666666666666,1.0
H01449,43.296081081081155,77.00869301712925,Ауэзов,0.379,-0.006,26.2,6157.0,0.159,0.308,291.0,0.094,1255.0,Жилая,-1.087,1.112,5.46,0,27.0,3.5555555555555554,5.0,15.433,0.5185185185185185,26.0,0.8148148148148148,0.5185185185185185
H01450,43.296081081081155,77.0161911488384,Ауэзов,0.425,-0.014,27.0,6997.0,0.135,0.29,375.0,0.149,1242.0,Жилая,-1.415,-0.884,3.746,0,3.0,3.0,4.0,1.326,0.6666666666666666,3.0,0.6666666666666666,0.6666666666666666
H01451,43.296081081081155,77.02368928054756,Ауэзов,0.381,-0.027,22.9,6004.0,0.114,0.274,405.0,0.183,1299.0,Промышленная,-1.361,1.084,4.37,0,30.0,3.4,5.0,15.092,0.7,28.0,0.8333333333333334,0.6333333333333333
H01452,43.296081081081155,77.03118741225671,Ауэзов,0.36,-0.01,23.2,4491.0,0.097,0.26,302.0,0.02,1316.0,Пустырь,-1.65,0.493,4.428,0,7.0,2.7142857142857144,5.0,3.7,0.2857142857142857,7.0,0.7142857142857143,0.7142857142857143
H01453,43.296081081081155,77.03868554396587,Ауэзов,0.391,-0.049,24.7,4570.0,0.084,0.249,297.0,0.194,1326.0,Коммерческая,-0.238,-0.432,5.222,0,1.0,5.0,5.0,0.598,1.0,1.0,1.0,1.0
H01454,43.296081081081155,77.04618367567502,Ауэзов,0.369,-0.013,22.1,4386.0,0.073,0.24,251.0,0.061,1379.0,Жилая,-1.547,-0.063,4.406,0,3.0,3.0,4.0,1.5579999999999998,0.0,3.0,1.0,1.0
H01455,43.296081081081155,77.05368180738418,Ауэзов,0.345,-0.017,23.5,2768.0,0.065,0.234,409.0,0.126,1323.0,Парк/сквер,-1.617,-0.999,3.322,0,1.0,3.0,3.0,0.321,1.0,1.0,1.0,1.0
H01456,43.296081081081155,77.06117993909334,Ауэзов,0.45,-0.029,23.7,3144.0,0.058,0.232,266.0,0.02,1291.0,Промышленная,-1.735,1.596,3.747,0,31.0,2.967741935483871,5.0,17.403,0.6129032258064516,31.0,0.7741935483870968,0.5806451612903226
H01457,43.296081081081155,77.06867807080249,Ауэзов,0.36,-0.016,23.2,2530.0,0.054,0.232,337.0,0.055,1363.0,Жилая,-1.708,-1.213,3.102,0,2.0,2.5,4.0,0.954,1.0,2.0,1.0,1.0
H01458,43.296081081081155,77.07617620251165,Ауэзов,0.369,-0.022,25.0,2949.0,0.05,0.234,328.0,0.042,1403.0,Пустырь,-1.372,-0.164,4.016,0,2.0,3.0,3.0,0.826,0.0,2.0,1.0,1.0
H01459,43.296081081081155,77.0836743342208,Ауэзов,0.402,-0.013,24.6,2889.0,0.048,0.239,246.0,0.087,1389.0,Парк/сквер,-1.517,0.184,5.007,0,8.0,2.5,3.0,4.338,0.375,6.0,1.0,0.625
H01460,43.296081081081155,77.09117246592996,Ауэзов,0.508,-0.005,22.1,2680.0,0.046,0.244,291.0,0.022,1400.0,Пустырь,-3.221,0.727,3.369,0,12.0,2.9166666666666665,5.0,4.9030000000000005,0.5,12.0,0.8333333333333334,0.25
H01461,43.296081081081155,77.09867059763911,Ауэзов,0.434,-0.018,23.7,1462.0,0.045,0.25,365.0,0.08,1389.0,Транспорт,-2.255,-0.744,3.625,0,3.0,3.0,4.0,1.259,0.0,3.0,1.0,1.0
H01462,43.30081081081089,76.78,Наурызбай,0.317,-0.013,24.4,2850.0,0.068,0.277,347.0,0.109,975.0,Жилая,-1.177,-1.036,3.525,0,1.0,2.0,2.0,0.641,1.0,1.0,0.0,1.0
H01463,43.30081081081089,76.78749813170916,Наурызбай,0.319,-0.028,24.0,3376.0,0.077,0.286,271.0,0.114,1055.0,Пустырь,-0.455,-0.263,4.622,0,2.0,2.5,4.0,0.9390000000000001,1.0,2.0,0.5,0.5
H01464,43.30081081081089,76.79499626341831,Наурызбай,0.298,-0.034,25.9,4055.0,0.089,0.297,312.0,0.149,1017.0,Транспорт,0.087,0.197,6.158,0,5.0,4.4,5.0,2.597,0.8,5.0,1.0,0.6
H01465,43.30081081081089,76.80249439512747,Наурызбай,0.206,-0.017,27.7,3159.0,0.103,0.31,287.0,0.106,1033.0,Парк/сквер,0.615,-0.259,5.444,0,3.0,3.3333333333333335,5.0,1.67,0.3333333333333333,3.0,0.0,0.6666666666666666
H01466,43.30081081081089,76.80999252683662,Наурызбай,0.316,-0.044,25.6,5816.0,0.12,0.325,280.0,0.085,995.0,Парк/сквер,0.267,-0.523,4.639,0,2.0,2.5,4.0,0.6980000000000001,0.5,2.0,0.5,0.0
H01467,43.30081081081089,76.81749065854578,Наурызбай,0.363,-0.034,24.1,5754.0,0.14,0.342,242.0,0.179,1079.0,Транспорт,-0.105,0.175,4.867,0,7.0,3.5714285714285716,5.0,4.43,0.7142857142857143,6.0,0.8571428571428571,0.5714285714285714
H01468,43.30081081081089,76.82498879025493,Наурызбай,0.368,-0.029,26.6,6434.0,0.164,0.361,163.0,0.297,1071.0,Транспорт,0.718,-1.268,3.824,0,4.0,4.0,5.0,2.079,0.75,4.0,1.0,1.0
H01469,43.30081081081089,76.83248692196409,Наурызбай,0.303,-0.041,25.3,6664.0,0.19,0.383,304.0,0.158,1046.0,Транспорт,0.579,-0.698,5.208,0,0.0,0.0,0.0,0.0,0.0,0.0,0.0,0.0
H01470,43.30081081081089,76.83998505367325,Наурызбай,0.288,-0.026,25.8,6560.0,0.219,0.405,199.0,0.346,1109.0,Промышленная,1.33,-1.246,5.975,0,1.0,3.0,3.0,0.721,1.0,1.0,0.0,0.0
H01471,43.30081081081089,76.8474831853824,Наурызбай,0.356,-0.044,28.0,8630.0,0.251,0.428,213.0,0.265,1088.0,Пустырь,1.431,-0.507,5.207,0,3.0,3.6666666666666665,5.0,1.08,0.6666666666666666,3.0,0.6666666666666666,0.6666666666666666
H01472,43.30081081081089,76.85498131709156,Наурызбай,0.296,-0.041,29.6,9457.0,0.283,0.452,226.0,0.3,1095.0,Жилая,2.167,1.539,6.509,1,36.0,3.6944444444444446,5.0,17.789,0.6388888888888888,34.0,0.9444444444444444,0.5555555555555556
H01473,43.30081081081089,76.86247944880071,Наурызбай,0.291,-0.022,27.7,9151.0,0.316,0.475,214.0,0.231,1121.0,Промышленная,1.449,0.039,4.907,0,3.0,4.666666666666667,5.0,1.2930000000000001,1.0,3.0,1.0,0.6666666666666666
H01474,43.30081081081089,76.86997758050987,Наурызбай,0.257,-0.032,28.2,9279.0,0.349,0.496,205.0,0.355,1111.0,Жилая,2.492,-0.029,6.072,0,4.0,3.75,5.0,1.9620000000000002,0.5,4.0,1.0,0.5
H01475,43.30081081081089,76.87747571221902,Жетысу,0.277,-0.054,28.9,8162.0,0.379,0.516,161.0,0.307,1103.0,Транспорт,3.204,-1.135,6.532,1,1.0,5.0,5.0,0.307,1.0,1.0,1.0,1.0
H01476,43.30081081081089,76.88497384392818,Жетысу,0.169,-0.025,32.1,10701.0,0.407,0.532,180.0,0.297,1140.0,Транспорт,3.647,0.024,6.474,0,7.0,3.5714285714285716,5.0,3.508,0.8571428571428571,7.0,1.0,0.5714285714285714
H01477,43.30081081081089,76.89247197563733,Жетысу,0.262,-0.038,30.1,8983.0,0.429,0.544,170.0,0.361,1124.0,Транспорт,3.311,-0.149,7.129,1,8.0,4.125,5.0,4.019,0.625,7.0,0.75,0.875
H01478,43.30081081081089,76.89997010734649,Жетысу,0.189,-0.033,30.8,9898.0,0.446,0.551,175.0,0.41,1146.0,Промышленная,4.004,1.096,7.535,1,44.0,4.409090909090909,5.0,23.834,0.6590909090909091,35.0,0.8863636363636364,0.6136363636363636
H01479,43.30081081081089,76.90746823905565,Жетысу,0.183,-0.041,31.0,10560.0,0.457,0.554,128.0,0.378,1188.0,Промышленная,4.451,1.388,8.213,1,48.0,4.229166666666667,5.0,23.919,0.5,39.0,0.8125,0.7083333333333334
H01480,43.30081081081089,76.9149663707648,Жетысу,0.228,-0.036,29.7,11438.0,0.461,0.551,119.0,0.337,1202.0,Жилая,3.748,0.646,7.527,1,38.0,4.315789473684211,5.0,21.412,0.631578947368421,35.0,0.868421052631579,0.5263157894736842
H01481,43.30081081081089,76.92246450247396,Жетысу,0.234,-0.032,29.2,10128.0,0.457,0.543,240.0,0.306,1152.0,Пустырь,2.943,0.954,7.283,1,23.0,4.217391304347826,5.0,11.279,0.5652173913043478,22.0,0.9130434782608695,0.6956521739130435
H01482,43.30081081081089,76.92996263418311,Жетысу,0.206,-0.072,32.4,11556.0,0.446,0.53,179.0,0.402,1151.0,Транспорт,5.124,-0.587,7.63,1,6.0,5.0,5.0,2.4899999999999998,0.5,6.0,0.6666666666666666,0.8333333333333334
H01483,43.30081081081089,76.93746076589227,Жетысу,0.243,-0.04,31.2,10162.0,0.428,0.513,120.0,0.381,1204.0,Жилая,3.903,0.247,7.575,1,20.0,4.25,5.0,10.618,0.75,19.0,0.85,0.7
H01484,43.30081081081089,76.94495889760142,Жетысу,0.22,-0.035,29.5,11037.0,0.405,0.492,224.0,0.386,1201.0,Парк/сквер,3.226,-1.041,5.65,0,2.0,4.0,5.0,1.1760000000000002,1.0,2.0,1.0,1.0
H01485,43.30081081081089,76.95245702931058,Жетысу,0.274,-0.056,27.9,10053.0,0.377,0.469,246.0,0.399,1200.0,Жилая,3.015,1.231,7.893,1,50.0,4.32,5.0,27.323,0.68,43.0,0.8,0.54
H01486,43.30081081081089,76.95995516101974,Ауэзов,0.329,-0.063,26.0,10850.0,0.345,0.444,258.0,0.292,1210.0,Коммерческая,2.129,0.207,6.178,0,17.0,3.764705882352941,5.0,8.231,0.5882352941176471,16.0,0.8823529411764706,0.8235294117647058
H01487,43.30081081081089,76.96745329272889,Ауэзов,0.339,-0.06,26.8,10005.0,0.312,0.418,201.0,0.261,1239.0,Жилая,2.098,-0.122,6.288,0,1.0,5.0,5.0,0.55,1.0,1.0,1.0,1.0
H01488,43.30081081081089,76.97495142443805,Ауэзов,0.301,-0.058,26.6,9919.0,0.277,0.392,267.0,0.231,1240.0,Парк/сквер,1.854,0.553,5.036,0,19.0,3.4210526315789473,5.0,10.318,0.5789473684210527,18.0,0.7368421052631579,0.5263157894736842
H01489,43.30081081081089,76.9824495561472,Ауэзов,0.28,-0.024,25.5,10368.0,0.244,0.368,158.0,0.246,1228.0,Жилая,1.319,-0.265,6.084,0,6.0,3.8333333333333335,5.0,3.077,0.6666666666666666,6.0,0.8333333333333334,0.6666666666666666
H01490,43.30081081081089,76.98994768785636,Ауэзов,0.303,-0.049,28.8,8709.0,0.212,0.346,224.0,0.273,1240.0,Жилая,1.928,0.091,5.944,0,9.0,3.6666666666666665,5.0,3.786,0.5555555555555556,9.0,0.8888888888888888,1.0
H01491,43.30081081081089,76.99744581956551,Ауэзов,0.341,-0.021,26.3,9881.0,0.183,0.325,243.0,0.232,1258.0,Жилая,0.257,-0.028,5.432,0,6.0,3.1666666666666665,5.0,3.247,0.16666666666666666,6.0,0.6666666666666666,0.5
H01492,43.30081081081089,77.00494395127467,Ауэзов,0.337,-0.015,26.6,6577.0,0.156,0.307,329.0,0.151,1262.0,Жилая,-0.482,-0.507,3.897,0,3.0,5.0,5.0,1.953,0.6666666666666666,3.0,1.0,1.0
H01493,43.30081081081089,77.01244208298382,Ауэзов,0.409,-0.027,25.0,5965.0,0.133,0.29,301.0,0.087,1274.0,Коммерческая,-1.029,-0.724,3.382,0,1.0,5.0,5.0,0.672,1.0,1.0,1.0,0.0
H01494,43.30081081081089,77.01994021469298,Ауэзов,0.381,-0.031,26.3,6143.0,0.113,0.276,309.0,0.068,1252.0,Промышленная,-0.696,0.765,4.429,0,19.0,2.8421052631578947,5.0,9.282,0.5789473684210527,16.0,0.7894736842105263,0.6842105263157895
H01495,43.30081081081089,77.02743834640214,Ауэзов,0.348,-0.033,24.7,4122.0,0.097,0.264,316.0,0.165,1281.0,Жилая,-0.445,0.048,5.199,0,4.0,3.5,5.0,1.444,0.75,4.0,1.0,0.5
H01496,43.30081081081089,77.03493647811129,Ауэзов,0.389,-0.019,21.3,4741.0,0.084,0.254,278.0,0.119,1289.0,Парк/сквер,-1.573,-0.646,3.848,0,0.0,0.0,0.0,0.0,0.0,0.0,0.0,0.0
H01497,43.30081081081089,77.04243460982045,Ауэзов,0.415,-0.017,24.4,3668.0,0.073,0.246,220.0,0.037,1292.0,Парк/сквер,-1.44,0.63,4.422,0,14.0,3.357142857142857,5.0,6.128,0.5,14.0,1.0,0.42857142857142855
H01498,43.30081081081089,77.0499327415296,Ауэзов,0.481,0.016,22.5,3504.0,0.065,0.241,347.0,0.02,1338.0,Пустырь,-3.7,0.985,4.058,0,17.0,2.8823529411764706,5.0,8.76,0.5882352941176471,17.0,0.8823529411764706,0.7647058823529411
H01499,43.30081081081089,77.05743087323876,Ауэзов,0.354,-0.009,21.6,4064.0,0.059,0.238,287.0,0.192,1323.0,Пустырь,-1.503,2.6,5.014,0,54.0,3.314814814814815,5.0,29.871000000000002,0.6666666666666666,49.0,0.8333333333333334,0.5925925925925926
H01500,43.30081081081089,77.06492900494791,Ауэзов,0.41,-0.018,22.2,3193.0,0.054,0.237,297.0,0.171,1360.0,Пустырь,-1.708,2.365,4.928,0,36.0,3.2777777777777777,5.0,17.566,0.6388888888888888,32.0,0.8333333333333334,0.6388888888888888
H01501,43.30081081081089,77.07242713665707,Ауэзов,0.444,-0.033,23.6,3095.0,0.051,0.239,247.0,0.143,1326.0,Транспорт,-1.267,0.196,4.756,0,2.0,3.5,4.0,0.982,0.5,2.0,1.0,0.0
H01502,43.30081081081089,77.07992526836622,Ауэзов,0.402,-0.008,23.6,1691.0,0.048,0.243,292.0,0.116,1303.0,Парк/сквер,-1.902,0.218,3.055,0,6.0,2.6666666666666665,4.0,3.538,0.6666666666666666,6.0,0.6666666666666666,0.5
H01503,43.30081081081089,77.08742340007538,Ауэзов,0.426,-0.033,23.6,2772.0,0.047,0.248,319.0,0.037,1354.0,Промышленная,-1.691,1.326,3.717,0,35.0,3.0285714285714285,5.0,17.432,0.6285714285714286,30.0,0.8285714285714286,0.5714285714285714
H01504,43.30081081081089,77.09492153178454,Ауэзов,0.46,-0.02,22.5,2754.0,0.046,0.253,334.0,0.02,1396.0,Пустырь,-2.546,0.669,5.036,0,13.0,2.8461538461538463,4.0,8.35,0.7692307692307693,12.0,0.7692307692307693,0.6153846153846154
H01505,43.30554054054062,76.78374906585458,Алатау,0.351,-0.006,23.2,3432.0,0.069,0.28,209.0,0.146,950.0,Жилая,-1.111,0.486,4.383,0,7.0,2.5714285714285716,5.0,3.3640000000000003,0.2857142857142857,7.0,1.0,0.42857142857142855
H01506,43.30554054054062,76.79124719756373,Алатау,0.295,-0.018,23.8,4933.0,0.078,0.29,272.0,0.09,1007.0,Пустырь,-0.62,0.59,5.326,0,12.0,3.5833333333333335,5.0,6.929,0.5833333333333334,11.0,0.8333333333333334,0.5833333333333334
H01507,43.30554054054062,76.79874532927289,Алатау,0.351,-0.035,24.1,3576.0,0.089,0.301,249.0,0.12,1013.0,Пустырь,-0.349,1.428,4.468,0,21.0,3.380952380952381,5.0,10.762,0.6190476190476191,20.0,0.9523809523809523,0.5238095238095238
H01508,43.30554054054062,76.80624346098205,Алатау,0.359,-0.016,24.0,5518.0,0.103,0.313,307.0,0.163,1002.0,Транспорт,-1.04,-0.045,3.675,0,0.0,0.0,0.0,0.0,0.0,0.0,0.0,0.0
H01509,43.30554054054062,76.8137415926912,Алатау,0.41,-0.032,25.6,5214.0,0.119,0.328,264.0,0.117,1036.0,Парк/сквер,-0.656,0.816,4.372,0,8.0,2.375,4.0,3.3230000000000004,0.375,7.0,1.0,0.625
H01510,43.30554054054062,76.82123972440036,Алатау,0.358,-0.012,23.3,5527.0,0.138,0.345,218.0,0.25,1028.0,Парк/сквер,-0.538,0.005,4.371,0,3.0,3.6666666666666665,5.0,1.8399999999999999,1.0,3.0,0.6666666666666666,0.6666666666666666
H01511,43.30554054054062,76.82873785610951,Алатау,0.411,-0.025,25.6,6094.0,0.16,0.363,286.0,0.193,1036.0,Пустырь,-0.609,0.879,6.599,1,14.0,3.9285714285714284,5.0,7.196,0.42857142857142855,14.0,0.9285714285714286,0.7142857142857143
H01512,43.30554054054062,76.83623598781867,Алатау,0.353,-0.033,24.0,5585.0,0.185,0.382,319.0,0.156,1034.0,Транспорт,-0.299,-0.831,4.763,0,0.0,0.0,0.0,0.0,0.0,0.0,0.0,0.0
H01513,43.30554054054062,76.84373411952782,Алатау,0.312,-0.017,26.4,6140.0,0.211,0.403,172.0,0.192,1044.0,Промышленная,0.692,0.583,5.205,0,11.0,3.8181818181818183,5.0,6.077,0.5454545454545454,10.0,0.8181818181818182,0.36363636363636365
H01514,43.30554054054062,76.85123225123698,Алатау,0.289,-0.041,24.6,7730.0,0.24,0.424,237.0,0.237,1077.0,Пустырь,1.24,0.934,6.03,0,21.0,3.4761904761904763,5.0,11.016,0.7142857142857143,18.0,0.7619047619047619,0.7619047619047619
H01515,43.30554054054062,76.85873038294613,Алатау,0.362,-0.013,29.8,7952.0,0.269,0.444,291.0,0.263,1068.0,Жилая,0.478,-1.708,4.632,0,2.0,3.5,4.0,1.181,1.0,2.0,1.0,0.5
H01516,43.30554054054062,76.86622851465529,Алатау,0.316,-0.025,27.4,9609.0,0.298,0.464,289.0,0.347,1096.0,Промышленная,1.194,-0.861,5.638,0,2.0,3.5,4.0,0.8250000000000001,0.0,2.0,1.0,1.0
H01517,43.30554054054062,76.87372664636445,Алатау,0.237,-0.036,27.5,9059.0,0.325,0.481,300.0,0.328,1095.0,Парк/сквер,2.124,-0.229,7.308,1,2.0,4.5,5.0,1.384,0.5,2.0,0.5,0.5
H01518,43.30554054054062,76.8812247780736,Алатау,0.253,-0.03,30.5,9903.0,0.351,0.496,255.0,0.348,1106.0,Парк/сквер,2.564,-0.714,6.131,0,5.0,3.6,5.0,3.101,0.8,5.0,0.8,1.0
H01519,43.30554054054062,76.88872290978276,Алатау,0.285,-0.025,29.3,8586.0,0.373,0.508,230.0,0.278,1121.0,Пустырь,2.02,1.547,6.526,1,32.0,4.03125,5.0,16.095,0.6875,26.0,0.875,0.53125
H01520,43.30554054054062,76.89622104149191,Алатау,0.267,-0.039,28.8,9343.0,0.39,0.516,134.0,0.421,1135.0,Транспорт,3.272,0.148,7.912,1,11.0,4.181818181818182,5.0,6.268000000000001,0.6363636363636364,8.0,0.8181818181818182,0.5454545454545454
H01521,43.30554054054062,76.90371917320107,Алатау,0.274,-0.045,31.1,11186.0,0.402,0.519,189.0,0.33,1131.0,Пустырь,3.299,0.284,6.393,0,12.0,3.5833333333333335,5.0,5.37,0.3333333333333333,12.0,0.9166666666666666,0.4166666666666667
H01522,43.30554054054062,76.91121730491022,Алатау,0.202,-0.054,30.0,10004.0,0.408,0.518,246.0,0.378,1130.0,Парк/сквер,3.855,1.654,6.831,1,43.0,4.093023255813954,5.0,22.148,0.6976744186046512,41.0,0.7906976744186046,0.7441860465116279
H01523,43.30554054054062,76.91871543661938,Алатау,0.285,-0.056,29.9,10128.0,0.408,0.512,176.0,0.25,1187.0,Жилая,3.227,0.053,6.743,1,7.0,4.428571428571429,5.0,3.01,0.5714285714285714,6.0,0.8571428571428571,0.7142857142857143
H01524,43.30554054054062,76.92621356832854,Турксиб,0.21,-0.038,31.4,9692.0,0.401,0.501,165.0,0.402,1147.0,Жилая,3.886,-1.231,6.673,1,7.0,4.428571428571429,5.0,3.71,0.7142857142857143,7.0,1.0,0.5714285714285714
H01525,43.30554054054062,76.93371170003769,Турксиб,0.181,-0.041,30.6,11452.0,0.388,0.487,260.0,0.311,1180.0,Парк/сквер,3.439,1.528,7.535,1,32.0,4.34375,5.0,16.693,0.6875,31.0,0.84375,0.53125
H01526,43.30554054054062,76.94120983174685,Турксиб,0.218,-0.023,32.2,10036.0,0.37,0.469,217.0,0.312,1163.0,Парк/сквер,2.969,1.156,7.799,1,29.0,4.275862068965517,5.0,15.299,0.6551724137931034,27.0,0.896551724137931,0.5862068965517241
H01527,43.30554054054062,76.948707963456,Турксиб,0.305,-0.053,30.5,10055.0,0.346,0.449,205.0,0.24,1181.0,Транспорт,2.701,-0.639,6.11,0,5.0,4.2,5.0,3.308,1.0,5.0,1.0,0.6
H01528,43.30554054054062,76.95620609516516,Турксиб,0.299,-0.049,27.0,10298.0,0.32,0.426,256.0,0.26,1178.0,Промышленная,1.962,0.284,6.726,1,12.0,4.333333333333333,5.0,5.88,0.5833333333333334,12.0,0.8333333333333334,0.75
H01529,43.30554054054062,76.96370422687431,Турксиб,0.253,-0.028,29.1,9126.0,0.291,0.404,286.0,0.196,1214.0,Транспорт,1.613,-0.021,4.742,0,6.0,3.0,5.0,3.7439999999999998,0.5,6.0,0.8333333333333334,0.8333333333333334
H01530,43.30554054054062,76.97120235858347,Турксиб,0.363,-0.04,25.2,8824.0,0.261,0.381,229.0,0.237,1237.0,Пустырь,0.818,0.397,4.91,0,17.0,3.588235294117647,5.0,8.091,0.6470588235294118,16.0,0.8823529411764706,0.5882352941176471
H01531,43.30554054054062,76.97870049029262,Турксиб,0.276,-0.007,27.5,9165.0,0.231,0.359,254.0,0.236,1184.0,Коммерческая,0.654,1.452,6.06,0,24.0,3.9166666666666665,5.0,12.729,0.5416666666666666,22.0,0.75,0.6666666666666666
H01532,43.30554054054062,76.98619862200178,Турксиб,0.312,-0.048,26.7,8488.0,0.202,0.339,287.0,0.16,1246.0,Парк/сквер,1.007,-0.889,4.911,0,3.0,2.6666666666666665,3.0,1.94,0.6666666666666666,3.0,1.0,1.0
H01533,43.30554054054062,76.99369675371094,Турксиб,0.337,-0.031,25.8,6541.0,0.175,0.32,199.0,0.231,1242.0,Коммерческая,0.637,-0.259,4.735,0,2.0,4.5,5.0,1.513,1.0,2.0,1.0,0.0
H01534,43.30554054054062,77.00119488542009,Турксиб,0.385,-0.036,26.0,5979.0,0.151,0.304,304.0,0.192,1283.0,Жилая,-0.164,0.538,5.206,0,12.0,3.5833333333333335,5.0,7.119,0.75,11.0,0.9166666666666666,0.5
H01535,43.30554054054062,77.00869301712925,Турксиб,0.403,-0.007,26.2,6244.0,0.129,0.289,289.0,0.132,1299.0,Пустырь,-1.252,0.663,4.123,0,20.0,3.35,5.0,9.722,0.6,19.0,0.95,0.6
H01536,43.30554054054062,77.0161911488384,Турксиб,0.365,-0.022,25.0,5955.0,0.111,0.277,284.0,0.111,1285.0,Парк/сквер,-0.785,-1.959,3.64,0,3.0,3.6666666666666665,5.0,1.258,0.3333333333333333,3.0,0.6666666666666666,1.0
H01537,43.30554054054062,77.02368928054756,Турксиб,0.362,-0.045,23.1,5178.0,0.095,0.267,309.0,0.054,1275.0,Пустырь,-0.66,1.556,4.98,0,26.0,3.1153846153846154,5.0,14.293,0.6538461538461539,23.0,0.8461538461538461,0.6538461538461539
H01538,43.30554054054062,77.03118741225671,Турксиб,0.378,-0.039,23.9,4415.0,0.083,0.258,358.0,0.146,1298.0,Пустырь,-0.875,1.146,5.174,0,10.0,3.2,4.0,4.736,0.7,10.0,0.8,0.8
H01539,43.30554054054062,77.03868554396587,Турксиб,0.456,-0.05,25.2,4191.0,0.073,0.251,350.0,0.072,1289.0,Парк/сквер,-1.188,-0.487,3.76,0,1.0,3.0,3.0,0.479,0.0,1.0,1.0,1.0
H01540,43.30554054054062,77.04618367567502,Турксиб,0.319,-0.014,23.1,2528.0,0.065,0.247,240.0,0.116,1307.0,Пустырь,-0.865,1.346,5.424,0,14.0,3.5,5.0,8.268,0.5714285714285714,14.0,0.8571428571428571,0.6428571428571429
H01541,43.30554054054062,77.05368180738418,Турксиб,0.437,-0.026,23.7,2676.0,0.059,0.244,258.0,0.077,1320.0,Промышленная,-1.582,1.513,4.237,0,18.0,2.8333333333333335,5.0,8.331,0.5555555555555556,17.0,0.8888888888888888,0.6111111111111112
H01542,43.30554054054062,77.06117993909334,Турксиб,0.404,0.009,23.5,2698.0,0.054,0.243,263.0,0.109,1300.0,Промышленная,-2.261,0.615,4.621,0,9.0,3.4444444444444446,5.0,3.563,0.4444444444444444,9.0,0.6666666666666666,0.6666666666666666
H01543,43.30554054054062,77.06867807080249,Турксиб,0.357,-0.022,24.1,2451.0,0.051,0.245,307.0,0.156,1295.0,Пустырь,-1.038,1.333,4.849,0,10.0,2.8,5.0,6.05,0.7,10.0,0.9,0.4
H01544,43.30554054054062,77.07617620251165,Турксиб,0.478,-0.025,23.4,2697.0,0.049,0.248,271.0,0.03,1359.0,Парк/сквер,-2.142,0.09,4.272,0,2.0,4.0,4.0,1.188,0.5,2.0,1.0,0.5
H01545,43.30554054054062,77.0836743342208,Турксиб,0.407,-0.016,23.8,2913.0,0.047,0.252,268.0,0.036,1358.0,Парк/сквер,-1.775,-0.68,3.691,0,3.0,3.0,4.0,1.014,1.0,3.0,1.0,1.0
H01546,43.30554054054062,77.09117246592996,Турксиб,0.402,-0.036,22.9,2572.0,0.046,0.257,268.0,0.056,1349.0,Пустырь,-1.246,1.166,5.168,0,15.0,3.3333333333333335,5.0,7.006,0.6666666666666666,15.0,0.9333333333333333,0.6
H01547,43.30554054054062,77.09867059763911,Турксиб,0.434,0.002,23.8,2933.0,0.045,0.261,201.0,0.118,1329.0,Парк/сквер,-2.032,0.581,4.497,0,8.0,4.125,5.0,3.915,1.0,8.0,0.875,0.875
H01548,43.31027027027035,76.78,Алатау,0.36,-0.042,25.1,2785.0,0.062,0.277,287.0,0.062,1026.0,Пустырь,-0.465,0.721,5.555,0,8.0,3.375,4.0,4.777,0.875,8.0,0.75,0.625
H01549,43.31027027027035,76.78749813170916,Алатау,0.411,-0.025,24.2,3852.0,0.069,0.284,266.0,0.083,986.0,Пустырь,-1.318,1.67,4.971,0,23.0,3.3043478260869565,5.0,12.290000000000001,0.782608695652174,19.0,0.7391304347826086,0.6086956521739131
H01550,43.31027027027035,76.79499626341831,Алатау,0.337,-0.024,25.3,3777.0,0.078,0.294,313.0,0.078,970.0,Пустырь,-0.802,1.689,4.156,0,20.0,2.95,5.0,9.93,0.75,19.0,0.95,0.55
H01551,43.31027027027035,76.80249439512747,Алатау,0.302,-0.037,26.2,3240.0,0.089,0.304,296.0,0.118,995.0,Транспорт,0.154,-0.08,4.997,0,1.0,4.0,4.0,0.458,1.0,1.0,0.0,1.0
H01552,43.31027027027035,76.80999252683662,Алатау,0.419,-0.004,22.7,4265.0,0.102,0.317,286.0,0.061,1067.0,Жилая,-2.172,2.217,5.438,0,20.0,3.65,5.0,11.157,0.6,19.0,0.8,0.5
H01553,43.31027027027035,76.81749065854578,Алатау,0.447,-0.013,24.6,4999.0,0.117,0.331,295.0,0.122,1052.0,Парк/сквер,-1.735,0.675,4.001,0,6.0,3.5,5.0,2.891,0.5,6.0,0.8333333333333334,0.8333333333333334
H01554,43.31027027027035,76.82498879025493,Алатау,0.376,-0.008,24.1,6151.0,0.135,0.346,298.0,0.098,1017.0,Пустырь,-1.377,1.502,5.42,0,21.0,3.8095238095238093,5.0,9.199,0.47619047619047616,20.0,0.9047619047619048,0.7142857142857143
H01555,43.31027027027035,76.83248692196409,Алатау,0.332,-0.022,27.1,4422.0,0.155,0.363,248.0,0.213,1026.0,Пустырь,0.295,1.166,4.588,0,16.0,3.5,5.0,8.027,0.8125,15.0,0.8125,0.625
H01556,43.31027027027035,76.83998505367325,Алатау,0.359,-0.053,27.2,6000.0,0.178,0.381,258.0,0.129,1040.0,Пустырь,0.804,-0.863,4.893,0,3.0,2.6666666666666665,4.0,2.146,1.0,3.0,0.6666666666666666,1.0
H01557,43.31027027027035,76.8474831853824,Алатау,0.36,-0.022,27.0,6853.0,0.202,0.399,233.0,0.255,1065.0,Пустырь,0.384,1.268,5.886,0,22.0,3.6818181818181817,5.0,11.882,0.7272727272727273,22.0,0.6363636363636364,0.7727272727272727
H01558,43.31027027027035,76.85498131709156,Алатау,0.366,-0.034,27.5,6256.0,0.227,0.417,250.0,0.206,1093.0,Жилая,0.638,-0.546,4.777,0,0.0,0.0,0.0,0.0,0.0,0.0,0.0,0.0
H01559,43.31027027027035,76.86247944880071,Алатау,0.295,-0.033,26.4,8156.0,0.252,0.434,171.0,0.196,1079.0,Промышленная,1.422,1.108,5.838,0,26.0,3.730769230769231,5.0,13.586,0.6153846153846154,23.0,0.9615384615384616,0.6538461538461539
H01560,43.31027027027035,76.86997758050987,Алатау,0.253,-0.026,29.0,9040.0,0.276,0.45,190.0,0.261,1085.0,Жилая,2.021,-0.38,6.094,0,5.0,3.2,5.0,3.218,0.6,5.0,0.8,0.4
H01561,43.31027027027035,76.87747571221902,Алатау,0.339,-0.043,28.5,8664.0,0.3,0.464,221.0,0.256,1052.0,Жилая,1.713,-1.309,5.901,0,5.0,4.4,5.0,2.458,0.4,5.0,0.6,0.6
H01562,43.31027027027035,76.88497384392818,Алатау,0.254,-0.019,29.6,8660.0,0.32,0.475,265.0,0.213,1110.0,Коммерческая,1.644,-0.393,6.002,0,6.0,4.0,5.0,3.0460000000000003,0.6666666666666666,6.0,0.6666666666666666,0.8333333333333334
H01563,43.31027027027035,76.89247197563733,Алатау,0.233,-0.019,26.9,8680.0,0.337,0.482,189.0,0.34,1044.0,Пустырь,2.151,0.25,6.31,0,10.0,4.0,5.0,5.005,0.4,8.0,0.8,0.4
H01564,43.31027027027035,76.89997010734649,Алатау,0.179,-0.04,29.4,9510.0,0.35,0.486,259.0,0.3,1117.0,Транспорт,3.145,0.253,7.027,1,11.0,4.545454545454546,5.0,7.428,0.45454545454545453,9.0,0.6363636363636364,0.7272727272727273
H01565,43.31027027027035,76.90746823905565,Алатау,0.25,-0.022,29.8,9750.0,0.357,0.486,245.0,0.387,1133.0,Жилая,2.409,-0.044,6.741,1,6.0,3.5,5.0,3.0140000000000002,0.6666666666666666,6.0,0.6666666666666666,0.3333333333333333
H01566,43.31027027027035,76.9149663707648,Алатау,0.268,-0.053,28.5,11742.0,0.36,0.481,227.0,0.398,1147.0,Парк/сквер,3.083,0.539,7.189,1,9.0,3.888888888888889,5.0,3.519,0.5555555555555556,9.0,1.0,0.7777777777777778
H01567,43.31027027027035,76.92246450247396,Алатау,0.239,-0.059,28.2,9033.0,0.356,0.473,283.0,0.352,1133.0,Жилая,3.096,-0.007,7.43,1,3.0,4.333333333333333,5.0,1.436,0.6666666666666666,3.0,0.6666666666666666,0.6666666666666666
H01568,43.31027027027035,76.92996263418311,Турксиб,0.311,-0.035,29.6,9503.0,0.347,0.461,309.0,0.337,1154.0,Пустырь,1.859,1.397,6.504,1,34.0,3.9705882352941178,5.0,18.405,0.6176470588235294,34.0,0.9117647058823529,0.7352941176470589
H01569,43.31027027027035,76.93746076589227,Турксиб,0.233,-0.036,28.7,10183.0,0.333,0.445,181.0,0.281,1131.0,Пустырь,2.72,0.194,6.836,1,10.0,3.7,5.0,6.083,0.7,10.0,1.0,0.8
H01570,43.31027027027035,76.94495889760142,Турксиб,0.226,-0.052,27.2,10524.0,0.314,0.427,205.0,0.292,1160.0,Жилая,2.905,-1.209,6.402,0,2.0,2.5,3.0,0.905,1.0,2.0,0.5,1.0
H01571,43.31027027027035,76.95245702931058,Турксиб,0.223,-0.056,26.6,10768.0,0.292,0.408,237.0,0.249,1158.0,Транспорт,2.646,-0.89,5.424,0,5.0,3.4,5.0,1.8629999999999998,0.6,5.0,0.8,0.4
H01572,43.31027027027035,76.95995516101974,Турксиб,0.34,-0.033,27.1,8564.0,0.268,0.388,242.0,0.333,1183.0,Парк/сквер,1.233,-0.037,5.458,0,4.0,3.75,5.0,2.148,0.5,4.0,0.75,1.0
H01573,43.31027027027035,76.96745329272889,Турксиб,0.273,-0.052,27.4,9499.0,0.242,0.367,261.0,0.165,1169.0,Пустырь,1.763,1.297,7.167,1,30.0,4.2,5.0,14.561,0.6666666666666666,29.0,0.8666666666666667,0.5666666666666667
H01574,43.31027027027035,76.97495142443805,Турксиб,0.343,-0.021,27.1,7744.0,0.215,0.348,240.0,0.142,1192.0,Промышленная,0.24,0.518,4.767,0,11.0,2.6363636363636362,4.0,7.803,0.45454545454545453,11.0,0.9090909090909091,0.45454545454545453
H01575,43.31027027027035,76.9824495561472,Турксиб,0.357,-0.057,24.4,8682.0,0.19,0.33,278.0,0.25,1224.0,Пустырь,0.822,-0.033,6.115,0,5.0,4.0,5.0,2.351,0.6,5.0,0.8,0.6
H01576,43.31027027027035,76.98994768785636,Турксиб,0.398,-0.042,23.7,6567.0,0.166,0.313,231.0,0.14,1208.0,Жилая,-0.184,-1.935,3.112,0,3.0,3.3333333333333335,4.0,2.326,0.6666666666666666,3.0,1.0,1.0
H01577,43.31027027027035,76.99744581956551,Турксиб,0.395,-0.03,22.1,6781.0,0.144,0.299,262.0,0.093,1260.0,Пустырь,-1.005,-0.473,4.529,0,1.0,3.0,3.0,0.181,1.0,1.0,1.0,1.0
H01578,43.31027027027035,77.00494395127467,Турксиб,0.349,-0.037,25.4,6960.0,0.124,0.286,371.0,0.147,1193.0,Парк/сквер,-0.433,0.521,5.547,0,11.0,2.8181818181818183,5.0,5.911,0.7272727272727273,10.0,0.8181818181818182,0.6363636363636364
H01579,43.31027027027035,77.01244208298382,Турксиб,0.355,-0.022,22.7,6009.0,0.107,0.276,357.0,0.136,1238.0,Парк/сквер,-1.253,-1.001,3.726,0,0.0,0.0,0.0,0.0,0.0,0.0,0.0,0.0
H01580,43.31027027027035,77.01994021469298,Турксиб,0.386,-0.022,24.1,5697.0,0.093,0.267,312.0,0.115,1225.0,Жилая,-1.231,-1.076,4.491,0,3.0,3.3333333333333335,5.0,1.664,0.3333333333333333,3.0,1.0,0.6666666666666666
H01581,43.31027027027035,77.02743834640214,Турксиб,0.403,-0.024,23.8,4258.0,0.081,0.26,345.0,0.097,1235.0,Пустырь,-1.576,0.694,3.989,0,14.0,3.0,5.0,7.396,0.5714285714285714,14.0,0.9285714285714286,0.7857142857142857
H01582,43.31027027027035,77.03493647811129,Турксиб,0.42,-0.03,22.8,5728.0,0.071,0.255,290.0,0.161,1302.0,Жилая,-1.334,-0.759,4.814,0,4.0,4.0,5.0,1.283,0.25,4.0,0.5,1.0
H01583,43.31027027027035,77.04243460982045,Турксиб,0.418,-0.019,24.7,2149.0,0.064,0.251,312.0,0.099,1252.0,Парк/сквер,-1.635,0.965,5.281,0,10.0,3.4,5.0,4.929,0.8,9.0,0.8,0.7
H01584,43.31027027027035,77.0499327415296,Турксиб,0.418,-0.034,24.8,3546.0,0.058,0.249,289.0,0.139,1311.0,Пустырь,-1.053,0.132,4.919,0,2.0,3.5,4.0,0.905,0.5,2.0,1.0,0.0
H01585,43.31027027027035,77.05743087323876,Турксиб,0.335,-0.036,22.9,5026.0,0.054,0.249,351.0,0.096,1304.0,Жилая,-0.938,0.512,4.553,0,7.0,3.857142857142857,5.0,3.392,0.5714285714285714,7.0,0.8571428571428571,0.5714285714285714
H01586,43.31027027027035,77.06492900494791,Турксиб,0.351,-0.005,22.0,3000.0,0.051,0.25,283.0,0.107,1298.0,Жилая,-1.742,1.213,3.665,0,17.0,3.0588235294117645,5.0,7.289,0.5882352941176471,17.0,0.9411764705882353,0.5882352941176471
H01587,43.31027027027035,77.07242713665707,Турксиб,0.365,-0.025,24.8,2441.0,0.049,0.253,373.0,0.097,1260.0,Парк/сквер,-1.357,-1.059,4.086,0,3.0,2.6666666666666665,3.0,0.8560000000000001,0.6666666666666666,2.0,0.6666666666666666,1.0
H01588,43.31027027027035,77.07992526836622,Турксиб,0.416,-0.034,24.3,3531.0,0.047,0.256,372.0,0.082,1308.0,Промышленная,-1.6,-0.063,3.208,0,3.0,3.3333333333333335,4.0,1.686,0.6666666666666666,3.0,1.0,0.3333333333333333
H01589,43.31027027027035,77.08742340007538,Турксиб,0.353,0.001,22.1,2264.0,0.046,0.261,337.0,0.124,1340.0,Пустырь,-2.11,0.578,3.606,0,8.0,3.375,5.0,4.089,0.625,8.0,0.875,0.375
H01590,43.31027027027035,77.09492153178454,Турксиб,0.544,-0.041,23.1,1285.0,0.045,0.265,264.0,0.02,1358.0,Пустырь,-2.266,-0.188,3.488,0,1.0,4.0,4.0,0.556,1.0,1.0,1.0,0.0
H01591,43.31500000000008,76.78374906585458,Алатау,0.342,-0.018,22.4,3790.0,0.062,0.281,286.0,0.111,967.0,Пустырь,-1.235,-0.627,4.282,0,1.0,5.0,5.0,0.502,1.0,1.0,1.0,0.0
H01592,43.31500000000008,76.79124719756373,Алатау,0.337,-0.038,25.3,4844.0,0.069,0.289,242.0,0.02,995.0,Коммерческая,-0.268,0.797,4.684,0,14.0,3.142857142857143,4.0,10.587,0.7142857142857143,12.0,0.7857142857142857,0.8571428571428571
H01593,43.31500000000008,76.79874532927289,Алатау,0.298,-0.046,26.6,4998.0,0.077,0.298,307.0,0.206,993.0,Пустырь,0.607,1.443,5.516,0,27.0,3.4074074074074074,5.0,15.61,0.5555555555555556,25.0,1.0,0.5555555555555556
H01594,43.31500000000008,76.80624346098205,Алатау,0.38,-0.064,21.5,3983.0,0.087,0.308,284.0,0.133,981.0,Парк/сквер,-0.2,-1.001,4.805,0,1.0,4.0,4.0,0.658,0.0,1.0,1.0,1.0
H01595,43.31500000000008,76.8137415926912,Алатау,0.425,-0.052,22.3,5160.0,0.1,0.319,276.0,0.204,1023.0,Транспорт,-0.559,-1.105,3.701,0,2.0,2.5,3.0,1.024,0.5,2.0,1.0,1.0
H01596,43.31500000000008,76.82123972440036,Алатау,0.358,-0.052,24.0,3644.0,0.114,0.332,284.0,0.09,1005.0,Пустырь,-0.072,-0.003,5.188,0,3.0,3.6666666666666665,5.0,1.967,1.0,3.0,1.0,0.6666666666666666
H01597,43.31500000000008,76.82873785610951,Алатау,0.325,-0.055,25.3,5039.0,0.131,0.346,212.0,0.079,1008.0,Жилая,0.778,-0.709,4.256,0,4.0,2.75,5.0,1.163,0.5,3.0,1.0,0.75
H01598,43.31500000000008,76.83623598781867,Алатау,0.286,0.004,25.5,6515.0,0.149,0.361,241.0,0.164,1022.0,Транспорт,-0.373,0.691,5.307,0,14.0,3.7857142857142856,5.0,8.216,0.7142857142857143,13.0,0.7857142857142857,0.7142857142857143
H01599,43.31500000000008,76.84373411952782,Алатау,0.304,-0.037,26.2,7727.0,0.169,0.377,189.0,0.174,1094.0,Пустырь,1.014,-0.427,5.421,0,2.0,2.0,2.0,0.662,0.5,2.0,0.5,0.5
H01600,43.31500000000008,76.85123225123698,Алатау,0.322,-0.076,25.9,7285.0,0.19,0.393,286.0,0.159,1029.0,Пустырь,1.55,0.241,5.45,0,6.0,3.5,5.0,3.845,0.5,5.0,0.6666666666666666,0.8333333333333334
H01601,43.31500000000008,76.85873038294613,Алатау,0.335,-0.025,26.2,7399.0,0.212,0.408,285.0,0.126,1048.0,Пустырь,0.079,1.122,5.815,0,21.0,3.238095238095238,5.0,10.528,0.42857142857142855,19.0,0.9047619047619048,0.8095238095238095
H01602,43.31500000000008,76.86622851465529,Алатау,0.275,-0.046,30.4,7466.0,0.233,0.422,247.0,0.234,1056.0,Промышленная,2.141,0.197,6.883,1,10.0,4.0,5.0,5.42,0.6,10.0,0.9,0.8
H01603,43.31500000000008,76.87372664636445,Алатау,0.335,-0.027,27.3,8679.0,0.254,0.434,241.0,0.351,1049.0,Парк/сквер,1.115,0.449,5.709,0,10.0,3.0,5.0,5.265000000000001,0.7,10.0,0.7,0.7
H01604,43.31500000000008,76.8812247780736,Алатау,0.258,-0.029,28.2,8799.0,0.272,0.444,181.0,0.234,1067.0,Жилая,1.935,0.317,7.174,1,12.0,3.6666666666666665,5.0,5.576,0.4166666666666667,12.0,0.9166666666666666,0.5
H01605,43.31500000000008,76.88872290978276,Алатау,0.22,-0.06,29.7,8931.0,0.288,0.451,198.0,0.246,1075.0,Промышленная,3.295,-0.342,6.191,0,4.0,3.75,5.0,1.6440000000000001,0.75,4.0,1.0,0.75
H01606,43.31500000000008,76.89622104149191,Алатау,0.251,-0.043,29.2,8772.0,0.301,0.455,113.0,0.324,1094.0,Пустырь,3.115,1.516,6.384,0,20.0,3.65,5.0,10.855,0.65,19.0,0.85,0.55
H01607,43.31500000000008,76.90371917320107,Алатау,0.273,-0.053,28.3,8843.0,0.309,0.455,186.0,0.265,1064.0,Жилая,2.674,0.304,7.289,1,11.0,4.181818181818182,5.0,4.844,0.45454545454545453,11.0,0.6363636363636364,0.8181818181818182
H01608,43.31500000000008,76.91121730491022,Алатау,0.361,-0.043,28.0,10630.0,0.313,0.452,203.0,0.204,1089.0,Промышленная,1.504,0.921,6.07,0,17.0,3.8823529411764706,5.0,9.457,0.7058823529411765,17.0,0.9411764705882353,0.6470588235294118
H01609,43.31500000000008,76.91871543661938,Алатау,0.328,-0.033,27.9,8996.0,0.312,0.445,170.0,0.331,1117.0,Жилая,1.889,-0.465,6.615,1,3.0,5.0,5.0,1.706,0.6666666666666666,3.0,0.6666666666666666,1.0
H01610,43.31500000000008,76.92621356832854,Турксиб,0.272,-0.057,27.6,9426.0,0.306,0.434,260.0,0.334,1122.0,Транспорт,2.559,-0.204,5.825,0,6.0,3.8333333333333335,5.0,2.885,0.5,6.0,1.0,0.6666666666666666
H01611,43.31500000000008,76.93371170003769,Турксиб,0.29,-0.026,27.5,9477.0,0.296,0.421,255.0,0.258,1155.0,Промышленная,1.364,1.482,6.033,0,36.0,3.6944444444444446,5.0,19.587,0.6666666666666666,34.0,0.8888888888888888,0.5833333333333334
H01612,43.31500000000008,76.94120983174685,Турксиб,0.285,-0.048,30.0,9326.0,0.281,0.406,144.0,0.27,1134.0,Жилая,2.759,-0.814,6.543,1,4.0,3.25,4.0,1.611,0.5,4.0,1.0,0.5
H01613,43.31500000000008,76.948707963456,Турксиб,0.246,-0.047,26.3,10837.0,0.263,0.389,252.0,0.278,1174.0,Промышленная,2.079,0.931,6.933,1,24.0,4.125,5.0,11.378,0.6666666666666666,24.0,0.9166666666666666,0.7083333333333334
H01614,43.31500000000008,76.95620609516516,Турксиб,0.352,-0.018,27.2,9936.0,0.243,0.371,270.0,0.283,1171.0,Жилая,0.409,1.432,5.937,0,38.0,3.6842105263157894,5.0,19.681,0.5789473684210527,37.0,0.8421052631578947,0.631578947368421
H01615,43.31500000000008,76.96370422687431,Турксиб,0.281,-0.031,25.6,9333.0,0.221,0.353,300.0,0.256,1199.0,Парк/сквер,0.86,-1.145,5.827,0,2.0,3.5,5.0,1.277,1.0,2.0,1.0,1.0
H01616,43.31500000000008,76.97120235858347,Турксиб,0.351,-0.041,24.4,8154.0,0.198,0.335,244.0,0.22,1179.0,Жилая,0.497,0.672,5.186,0,15.0,3.466666666666667,5.0,6.647,0.4,15.0,0.7333333333333333,0.8666666666666667
H01617,43.31500000000008,76.97870049029262,Турксиб,0.328,-0.016,25.7,7347.0,0.176,0.319,257.0,0.192,1204.0,Пустырь,-0.035,0.877,4.721,0,19.0,2.8947368421052633,5.0,9.043,0.6842105263157895,18.0,0.9473684210526315,0.6842105263157895
H01618,43.31500000000008,76.98619862200178,Турксиб,0.339,-0.022,25.8,6119.0,0.154,0.304,226.0,0.213,1178.0,Парк/сквер,0.149,0.509,5.744,0,4.0,3.75,5.0,2.068,0.5,4.0,0.75,0.25
H01619,43.31500000000008,76.99369675371094,Турксиб,0.319,-0.029,25.0,6141.0,0.134,0.292,314.0,0.233,1217.0,Пустырь,0.028,0.377,5.805,0,10.0,3.4,5.0,4.296,0.5,10.0,0.7,0.8
H01620,43.31500000000008,77.00119488542009,Турксиб,0.363,-0.023,24.2,6950.0,0.117,0.281,264.0,0.202,1223.0,Жилая,-0.539,-0.472,3.418,0,0.0,0.0,0.0,0.0,0.0,0.0,0.0,0.0
H01621,43.31500000000008,77.00869301712925,Турксиб,0.416,-0.021,24.5,5050.0,0.101,0.272,366.0,0.113,1201.0,Промышленная,-1.63,0.994,4.91,0,10.0,3.4,5.0,4.872,0.6,10.0,0.8,0.7
H01622,43.31500000000008,77.0161911488384,Турксиб,0.442,-0.004,22.4,5572.0,0.088,0.265,225.0,0.087,1235.0,Пустырь,-2.104,-0.646,4.538,0,3.0,2.3333333333333335,3.0,1.28,1.0,3.0,1.0,1.0
H01623,43.31500000000008,77.02368928054756,Турксиб,0.364,-0.028,23.9,4572.0,0.078,0.26,286.0,0.079,1238.0,Жилая,-0.972,-0.353,5.087,0,2.0,2.5,3.0,0.7210000000000001,1.0,2.0,0.5,1.0
H01624,43.31500000000008,77.03118741225671,Турксиб,0.39,-0.035,24.0,3479.0,0.069,0.256,384.0,0.082,1263.0,Пустырь,-1.385,1.553,5.696,0,30.0,3.5,5.0,14.712,0.6333333333333333,28.0,0.8333333333333334,0.4666666666666667
H01625,43.31500000000008,77.03868554396587,Турксиб,0.393,-0.039,22.1,2608.0,0.062,0.254,301.0,0.066,1272.0,Пустырь,-1.251,2.958,5.758,0,37.0,3.7837837837837838,5.0,18.744,0.3783783783783784,33.0,0.918918918918919,0.5945945945945946
H01626,43.31500000000008,77.04618367567502,Турксиб,0.488,-0.017,23.6,3004.0,0.057,0.253,335.0,0.144,1257.0,Пустырь,-2.387,-0.055,3.245,0,3.0,3.0,4.0,1.846,0.6666666666666666,3.0,1.0,0.6666666666666666
H01627,43.31500000000008,77.05368180738418,Турксиб,0.35,-0.013,26.1,2473.0,0.053,0.253,342.0,0.096,1279.0,Парк/сквер,-1.282,-0.644,4.467,0,1.0,3.0,3.0,0.2,0.0,1.0,1.0,1.0
H01628,43.31500000000008,77.06117993909334,Турксиб,0.438,-0.03,21.6,2318.0,0.05,0.255,272.0,0.146,1272.0,Транспорт,-1.663,-1.153,3.462,0,1.0,3.0,3.0,0.509,0.0,1.0,1.0,0.0
H01629,43.31500000000008,77.06867807080249,Турксиб,0.445,-0.014,22.2,1697.0,0.048,0.258,268.0,0.133,1302.0,Пустырь,-2.085,1.4,4.424,0,12.0,3.1666666666666665,5.0,6.7330000000000005,0.6666666666666666,11.0,0.9166666666666666,0.8333333333333334
H01630,43.31500000000008,77.07617620251165,Турксиб,0.328,-0.04,22.9,2254.0,0.047,0.261,332.0,0.084,1289.0,Пустырь,-0.755,1.276,5.946,0,20.0,3.8,5.0,11.241,0.6,18.0,0.85,0.65
H01631,43.31500000000008,77.0836743342208,Турксиб,0.366,-0.039,23.0,2562.0,0.046,0.265,264.0,0.122,1321.0,Жилая,-0.695,-2.278,3.244,0,0.0,0.0,0.0,0.0,0.0,0.0,0.0,0.0
H01632,43.31500000000008,77.09117246592996,Турксиб,0.338,-0.008,26.0,2882.0,0.045,0.269,317.0,0.032,1315.0,Жилая,-1.406,-0.909,3.783,0,1.0,3.0,3.0,0.761,1.0,1.0,1.0,1.0
H01633,43.31500000000008,77.09867059763911,Турксиб,0.384,-0.023,24.9,1280.0,0.045,0.272,266.0,0.106,1332.0,Пустырь,-1.106,0.364,5.571,0,4.0,2.75,3.0,1.432,0.75,4.0,1.0,0.75
H01634,43.319729729729815,76.78,Алатау,0.405,-0.029,21.5,4233.0,0.056,0.28,244.0,0.193,939.0,Пустырь,-1.183,1.789,5.492,0,27.0,3.888888888888889,5.0,13.988,0.5555555555555556,27.0,0.8888888888888888,0.6296296296296297
H01635,43.319729729729815,76.78749813170916,Алатау,0.359,-0.002,25.9,3889.0,0.062,0.287,288.0,0.105,931.0,Пустырь,-1.39,2.019,4.639,0,23.0,3.5652173913043477,5.0,12.368,0.5652173913043478,22.0,0.9130434782608695,0.782608695652174
H01636,43.319729729729815,76.79499626341831,Алатау,0.316,-0.017,24.8,2712.0,0.068,0.294,181.0,0.132,961.0,Транспорт,-0.27,0.343,5.851,0,2.0,3.5,4.0,1.036,0.5,2.0,1.0,1.0
H01637,43.319729729729815,76.80249439512747,Алатау,0.4,-0.058,21.8,5181.0,0.076,0.302,241.0,0.18,1034.0,Пустырь,-0.264,2.371,6.514,1,22.0,3.9545454545454546,5.0,10.487,0.5909090909090909,20.0,0.7727272727272727,0.7272727272727273
H01638,43.319729729729815,76.80999252683662,Алатау,0.393,-0.031,24.6,4283.0,0.086,0.311,197.0,0.109,997.0,Пустырь,-0.553,1.571,4.624,0,15.0,3.2666666666666666,5.0,8.721,0.5333333333333333,13.0,0.8,0.6
H01639,43.319729729729815,76.81749065854578,Алатау,0.405,-0.022,24.2,3775.0,0.097,0.322,260.0,0.094,969.0,Жилая,-1.198,-0.686,3.891,0,3.0,3.0,4.0,1.582,0.3333333333333333,3.0,1.0,0.0
H01640,43.319729729729815,76.82498879025493,Алатау,0.386,-0.018,24.9,3611.0,0.11,0.333,235.0,0.168,1014.0,Жилая,-0.73,-0.349,4.127,0,1.0,2.0,2.0,0.71,0.0,1.0,0.0,0.0
H01641,43.319729729729815,76.83248692196409,Алатау,0.334,-0.033,25.6,5302.0,0.125,0.345,210.0,0.086,1024.0,Парк/сквер,0.124,0.373,5.612,0,5.0,4.2,5.0,2.955,0.2,4.0,1.0,0.6
H01642,43.319729729729815,76.83998505367325,Алатау,0.309,-0.041,25.9,5068.0,0.141,0.359,199.0,0.148,1003.0,Коммерческая,0.848,-0.35,6.463,0,1.0,5.0,5.0,0.78,0.0,1.0,1.0,1.0
H01643,43.319729729729815,76.8474831853824,Алатау,0.393,-0.046,25.8,6862.0,0.159,0.372,251.0,0.175,1066.0,Пустырь,0.216,2.036,6.552,1,35.0,3.8857142857142857,5.0,20.185,0.6571428571428571,33.0,0.9142857142857143,0.6285714285714286
H01644,43.319729729729815,76.85498131709156,Алатау,0.381,-0.061,25.9,6230.0,0.177,0.385,232.0,0.154,1022.0,Парк/сквер,0.838,-0.545,4.45,0,1.0,2.0,2.0,0.307,0.0,1.0,1.0,1.0
H01645,43.319729729729815,76.86247944880071,Алатау,0.392,-0.051,25.5,6731.0,0.195,0.397,263.0,0.254,1037.0,Пустырь,0.593,0.079,4.99,0,10.0,2.6,5.0,4.978,0.7,10.0,1.0,0.4
H01646,43.319729729729815,76.86997758050987,Алатау,0.295,-0.033,26.9,8363.0,0.213,0.408,240.0,0.182,1040.0,Транспорт,1.017,-1.104,4.465,0,4.0,3.75,5.0,2.4770000000000003,0.75,4.0,1.0,0.25
H01647,43.319729729729815,76.87747571221902,Алатау,0.224,-0.031,26.3,7021.0,0.23,0.417,212.0,0.242,1036.0,Транспорт,1.759,-0.46,4.725,0,3.0,2.6666666666666665,3.0,0.937,1.0,3.0,1.0,0.3333333333333333
H01648,43.319729729729815,76.88497384392818,Алатау,0.243,-0.035,25.4,7225.0,0.244,0.423,184.0,0.234,1091.0,Промышленная,1.76,-0.466,5.609,0,4.0,4.25,5.0,2.207,0.5,4.0,1.0,0.75
H01649,43.319729729729815,76.89247197563733,Алатау,0.239,-0.033,27.9,9017.0,0.256,0.427,228.0,0.361,1073.0,Промышленная,2.221,0.184,5.82,0,11.0,3.4545454545454546,5.0,6.25,0.7272727272727273,11.0,0.8181818181818182,0.5454545454545454
H01650,43.319729729729815,76.89997010734649,Алатау,0.323,-0.024,25.8,7897.0,0.265,0.427,221.0,0.199,1064.0,Промышленная,0.709,0.546,5.628,0,12.0,3.6666666666666665,5.0,5.649,0.6666666666666666,10.0,0.75,0.75
H01651,43.319729729729815,76.90746823905565,Алатау,0.298,-0.017,26.6,9202.0,0.27,0.424,251.0,0.296,1110.0,Парк/сквер,0.952,0.083,5.819,0,3.0,2.0,3.0,1.288,0.6666666666666666,3.0,1.0,0.6666666666666666
H01652,43.319729729729815,76.9149663707648,Алатау,0.331,-0.047,28.9,7703.0,0.271,0.418,139.0,0.337,1060.0,Промышленная,2.354,1.107,6.977,1,19.0,3.8947368421052633,5.0,9.687,0.5789473684210527,18.0,0.7368421052631579,0.7368421052631579
H01653,43.319729729729815,76.92246450247396,Алатау,0.31,-0.042,27.8,9932.0,0.267,0.41,167.0,0.203,1101.0,Транспорт,1.792,-0.52,5.233,0,1.0,5.0,5.0,0.687,1.0,1.0,0.0,1.0
H01654,43.319729729729815,76.92996263418311,Турксиб,0.327,-0.037,25.5,7960.0,0.259,0.398,240.0,0.275,1128.0,Пустырь,1.099,1.511,6.601,1,32.0,4.21875,5.0,15.001,0.59375,30.0,0.84375,0.5625
H01655,43.319729729729815,76.93746076589227,Турксиб,0.328,-0.051,24.7,9030.0,0.248,0.384,266.0,0.157,1151.0,Пустырь,0.945,0.969,5.809,0,30.0,3.8333333333333335,5.0,15.439,0.6,28.0,0.7666666666666667,0.7333333333333333
H01656,43.319729729729815,76.94495889760142,Турксиб,0.306,-0.039,27.3,8327.0,0.234,0.369,293.0,0.311,1141.0,Жилая,1.311,-0.327,6.226,0,7.0,3.4285714285714284,5.0,3.494,1.0,6.0,1.0,0.7142857142857143
H01657,43.319729729729815,76.95245702931058,Турксиб,0.337,-0.026,29.4,8041.0,0.217,0.353,184.0,0.29,1105.0,Пустырь,1.305,1.101,5.473,0,19.0,3.5789473684210527,5.0,10.633,0.7894736842105263,17.0,0.9473684210526315,0.47368421052631576
H01658,43.319729729729815,76.95995516101974,Турксиб,0.287,-0.013,28.7,8277.0,0.198,0.337,257.0,0.2,1168.0,Парк/сквер,0.676,-1.239,4.411,0,1.0,2.0,2.0,0.643,1.0,1.0,0.0,0.0
H01659,43.319729729729815,76.96745329272889,Турксиб,0.356,-0.022,26.0,8484.0,0.179,0.322,324.0,0.192,1178.0,Транспорт,-0.311,-0.584,5.228,0,0.0,0.0,0.0,0.0,0.0,0.0,0.0,0.0
H01660,43.319729729729815,76.97495142443805,Турксиб,0.401,-0.036,26.4,7337.0,0.16,0.308,247.0,0.235,1180.0,Жилая,0.099,-0.457,3.782,0,3.0,3.0,3.0,1.171,1.0,3.0,0.6666666666666666,1.0
H01661,43.319729729729815,76.9824495561472,Турксиб,0.373,-0.015,24.1,6906.0,0.141,0.295,259.0,0.176,1166.0,Промышленная,-0.805,0.6,4.858,0,17.0,3.588235294117647,5.0,9.599,0.7058823529411765,17.0,0.9411764705882353,0.5882352941176471
H01662,43.319729729729815,76.98994768785636,Турксиб,0.316,-0.021,25.0,4791.0,0.124,0.284,223.0,0.176,1211.0,Парк/сквер,0.021,1.543,5.651,0,14.0,3.7857142857142856,5.0,5.925,0.42857142857142855,14.0,0.9285714285714286,0.7857142857142857
H01663,43.319729729729815,76.99744581956551,Турксиб,0.365,-0.041,26.3,6012.0,0.108,0.275,259.0,0.17,1187.0,Пустырь,0.124,2.864,5.802,0,42.0,3.738095238095238,5.0,19.33,0.5238095238095238,40.0,0.9285714285714286,0.5476190476190477
H01664,43.319729729729815,77.00494395127467,Турксиб,0.276,-0.031,25.8,5901.0,0.095,0.268,237.0,0.069,1208.0,Пустырь,0.279,-0.18,4.361,0,2.0,2.5,3.0,1.129,1.0,2.0,1.0,0.5
H01665,43.319729729729815,77.01244208298382,Турксиб,0.327,-0.017,25.2,5375.0,0.083,0.262,306.0,0.078,1240.0,Жилая,-0.891,-0.894,4.782,0,1.0,4.0,4.0,0.169,1.0,1.0,1.0,1.0
H01666,43.319729729729815,77.01994021469298,Турксиб,0.403,-0.021,23.5,4793.0,0.074,0.259,286.0,0.088,1237.0,Пустырь,-1.506,2.676,5.151,0,39.0,3.4358974358974357,5.0,20.556,0.5897435897435898,33.0,0.9230769230769231,0.6410256410256411
H01667,43.319729729729815,77.02743834640214,Турксиб,0.413,-0.02,25.2,3702.0,0.066,0.256,271.0,0.134,1236.0,Транспорт,-1.244,0.067,4.146,0,1.0,1.0,1.0,0.544,1.0,1.0,1.0,0.0
H01668,43.319729729729815,77.03493647811129,Турксиб,0.428,-0.016,23.5,4087.0,0.06,0.255,296.0,0.091,1244.0,Парк/сквер,-1.918,-1.691,3.372,0,2.0,2.5,3.0,0.669,0.0,2.0,1.0,0.5
H01669,43.319729729729815,77.04243460982045,Турксиб,0.342,-0.043,24.9,3626.0,0.055,0.256,380.0,0.032,1231.0,Промышленная,-0.826,1.593,5.846,0,27.0,3.3703703703703702,5.0,14.841,0.7777777777777778,22.0,0.8888888888888888,0.7777777777777778
H01670,43.319729729729815,77.0499327415296,Турксиб,0.462,-0.012,21.5,3931.0,0.052,0.257,320.0,0.106,1237.0,Коммерческая,-2.631,0.919,4.562,0,8.0,3.75,5.0,4.486,0.625,8.0,1.0,0.75
H01671,43.319729729729815,77.05743087323876,Турксиб,0.412,-0.032,25.6,3233.0,0.05,0.259,290.0,0.02,1283.0,Парк/сквер,-1.271,-0.921,4.365,0,1.0,5.0,5.0,0.245,1.0,1.0,1.0,0.0
H01672,43.319729729729815,77.06492900494791,Турксиб,0.376,-0.037,23.8,2527.0,0.048,0.262,313.0,0.142,1255.0,Пустырь,-0.888,2.437,6.019,0,29.0,3.8275862068965516,5.0,15.407,0.6206896551724138,27.0,0.7931034482758621,0.7241379310344828
H01673,43.319729729729815,77.07242713665707,Турксиб,0.345,-0.024,24.3,3433.0,0.047,0.265,320.0,0.079,1266.0,Пустырь,-1.133,1.267,5.266,0,19.0,3.6842105263157894,5.0,10.017,0.42105263157894735,18.0,0.7894736842105263,0.5789473684210527
H01674,43.319729729729815,77.07992526836622,Турксиб,0.401,-0.057,23.3,1799.0,0.046,0.269,294.0,0.047,1272.0,Промышленная,-0.729,0.973,5.177,0,12.0,3.75,5.0,6.002,0.5833333333333334,11.0,0.6666666666666666,0.4166666666666667
H01675,43.319729729729815,77.08742340007538,Турксиб,0.409,-0.023,24.4,1904.0,0.045,0.272,289.0,0.055,1309.0,Пустырь,-1.564,-0.744,4.634,0,2.0,2.5,3.0,1.022,1.0,2.0,1.0,0.5
H01676,43.319729729729815,77.09492153178454,Турксиб,0.41,-0.007,21.8,3030.0,0.045,0.276,259.0,0.065,1304.0,Парк/сквер,-2.202,1.381,3.945,0,19.0,3.0526315789473686,5.0,9.452,0.5789473684210527,18.0,0.8947368421052632,0.5263157894736842
H01677,43.32445945945955,76.78374906585458,Алатау,0.359,-0.034,23.8,3946.0,0.056,0.286,233.0,0.118,905.0,Парк/сквер,-0.524,0.497,4.569,0,6.0,2.8333333333333335,4.0,2.779,0.8333333333333334,6.0,1.0,0.5
H01678,43.32445945945955,76.79124719756373,Алатау,0.366,-0.035,24.5,3191.0,0.061,0.293,280.0,0.052,952.0,Жилая,-0.794,-0.364,4.513,0,1.0,4.0,4.0,0.703,1.0,1.0,1.0,1.0
H01679,43.32445945945955,76.79874532927289,Алатау,0.371,-0.043,26.1,2927.0,0.067,0.299,333.0,0.123,940.0,Парк/сквер,-0.439,0.623,6.095,0,8.0,4.0,5.0,3.241,0.375,8.0,0.875,0.5
H01680,43.32445945945955,76.80624346098205,Алатау,0.313,-0.029,24.5,3839.0,0.075,0.306,299.0,0.117,957.0,Коммерческая,-0.445,-0.316,4.166,0,3.0,3.0,3.0,1.702,0.3333333333333333,3.0,1.0,0.3333333333333333
H01681,43.32445945945955,76.8137415926912,Алатау,0.33,-0.014,24.5,3734.0,0.083,0.314,277.0,0.092,930.0,Пустырь,-0.923,0.921,5.409,0,11.0,3.1818181818181817,5.0,5.714,0.6363636363636364,11.0,0.8181818181818182,0.5454545454545454
H01682,43.32445945945955,76.82123972440036,Алатау,0.328,-0.014,23.9,3068.0,0.094,0.323,276.0,0.101,999.0,Транспорт,-0.911,-0.079,4.408,0,0.0,0.0,0.0,0.0,0.0,0.0,0.0,0.0
H01683,43.32445945945955,76.82873785610951,Алатау,0.287,-0.021,26.7,5075.0,0.106,0.333,288.0,0.183,1014.0,Парк/сквер,0.13,-0.214,4.73,0,2.0,4.0,5.0,0.873,0.0,2.0,1.0,1.0
H01684,43.32445945945955,76.83623598781867,Алатау,0.325,-0.013,26.4,5018.0,0.119,0.343,233.0,0.079,996.0,Транспорт,-0.4,0.83,4.334,0,11.0,3.6363636363636362,5.0,6.5040000000000004,0.8181818181818182,11.0,1.0,0.45454545454545453
H01685,43.32445945945955,76.84373411952782,Алатау,0.342,-0.021,24.5,5649.0,0.133,0.354,281.0,0.153,975.0,Пустырь,-0.519,1.56,5.775,0,14.0,3.642857142857143,5.0,7.599,0.5714285714285714,14.0,0.9285714285714286,0.7857142857142857
H01686,43.32445945945955,76.85123225123698,Алатау,0.354,-0.014,23.3,5471.0,0.148,0.365,251.0,0.269,1029.0,Жилая,-0.483,-0.547,4.19,0,4.0,2.75,3.0,2.136,1.0,4.0,1.0,0.25
H01687,43.32445945945955,76.85873038294613,Алатау,0.359,-0.025,25.8,6997.0,0.163,0.376,292.0,0.175,988.0,Жилая,-0.253,0.582,6.232,0,13.0,3.923076923076923,5.0,6.339,0.6153846153846154,13.0,0.9230769230769231,0.6153846153846154
H01688,43.32445945945955,76.86622851465529,Алатау,0.314,-0.04,25.8,6135.0,0.178,0.385,258.0,0.172,1027.0,Парк/сквер,0.7,0.639,6.043,0,7.0,3.142857142857143,4.0,3.88,0.7142857142857143,7.0,0.7142857142857143,0.5714285714285714
H01689,43.32445945945955,76.87372664636445,Алатау,0.311,-0.032,25.3,5992.0,0.193,0.393,246.0,0.217,1035.0,Жилая,0.642,-1.111,5.236,0,3.0,3.0,3.0,1.854,0.0,3.0,0.6666666666666666,0.6666666666666666
H01690,43.32445945945955,76.8812247780736,Алатау,0.283,-0.032,25.4,8210.0,0.206,0.398,202.0,0.253,1040.0,Парк/сквер,1.182,-1.791,4.363,0,1.0,4.0,4.0,0.268,1.0,1.0,1.0,1.0
H01691,43.32445945945955,76.88872290978276,Алатау,0.206,-0.015,28.2,8999.0,0.217,0.401,210.0,0.174,1061.0,Транспорт,1.499,-0.254,6.176,0,4.0,3.0,5.0,1.788,0.5,4.0,1.0,0.5
H01692,43.32445945945955,76.89622104149191,Алатау,0.348,-0.071,26.5,6562.0,0.225,0.402,277.0,0.112,1077.0,Жилая,1.328,-0.057,5.909,0,3.0,3.3333333333333335,5.0,1.994,0.3333333333333333,3.0,0.6666666666666666,0.3333333333333333
H01693,43.32445945945955,76.90371917320107,Алатау,0.325,-0.052,27.7,5825.0,0.23,0.399,195.0,0.224,1057.0,Парк/сквер,1.767,-0.028,5.742,0,5.0,4.2,5.0,2.751,0.8,5.0,0.8,0.4
H01694,43.32445945945955,76.91121730491022,Алатау,0.255,-0.043,26.3,6362.0,0.232,0.394,235.0,0.183,1069.0,Пустырь,1.625,1.216,6.852,1,10.0,4.0,5.0,4.5040000000000004,0.5,8.0,0.7,0.5
H01695,43.32445945945955,76.91871543661938,Алатау,0.296,-0.041,27.0,8290.0,0.23,0.386,227.0,0.235,1067.0,Жилая,1.479,0.511,6.793,1,14.0,3.9285714285714284,5.0,6.146,0.5,12.0,0.7142857142857143,0.7142857142857143
H01696,43.32445945945955,76.92621356832854,Турксиб,0.315,-0.034,26.5,8560.0,0.225,0.376,222.0,0.207,1104.0,Транспорт,1.01,-0.012,5.354,0,2.0,4.0,5.0,0.78,0.5,2.0,1.0,1.0
H01697,43.32445945945955,76.93371170003769,Турксиб,0.259,-0.039,26.5,8078.0,0.216,0.364,213.0,0.11,1088.0,Пустырь,1.374,2.162,7.562,1,42.0,4.071428571428571,5.0,18.357,0.5714285714285714,34.0,0.8809523809523809,0.7142857142857143
H01698,43.32445945945955,76.94120983174685,Турксиб,0.334,-0.038,24.8,7181.0,0.205,0.351,391.0,0.132,1134.0,Транспорт,-0.168,0.454,6.002,0,5.0,4.4,5.0,2.2960000000000003,0.8,5.0,1.0,0.8
H01699,43.32445945945955,76.948707963456,Турксиб,0.418,-0.011,26.9,9351.0,0.191,0.337,291.0,0.229,1133.0,Транспорт,-0.719,0.032,4.627,0,1.0,4.0,4.0,0.39,1.0,1.0,1.0,1.0
H01700,43.32445945945955,76.95620609516516,Турксиб,0.288,-0.062,28.1,7540.0,0.176,0.322,282.0,0.088,1152.0,Пустырь,1.523,1.059,6.594,1,26.0,3.730769230769231,5.0,13.237,0.5769230769230769,24.0,0.8461538461538461,0.5384615384615384
H01701,43.32445945945955,76.96370422687431,Турксиб,0.349,-0.037,24.8,5019.0,0.159,0.308,251.0,0.276,1126.0,Пустырь,0.427,1.019,5.335,0,16.0,3.625,5.0,9.437000000000001,0.625,16.0,0.9375,0.625
H01702,43.32445945945955,76.97120235858347,Турксиб,0.297,-0.044,25.4,6914.0,0.143,0.296,296.0,0.208,1162.0,Транспорт,0.713,0.718,5.656,0,17.0,3.764705882352941,5.0,9.75,0.8823529411764706,17.0,0.8823529411764706,0.5882352941176471
H01703,43.32445945945955,76.97870049029262,Турксиб,0.365,-0.05,24.8,6609.0,0.127,0.284,328.0,0.119,1159.0,Парк/сквер,-0.143,0.524,5.231,0,7.0,3.7142857142857144,5.0,5.12,1.0,7.0,0.8571428571428571,0.42857142857142855
H01704,43.32445945945955,76.98619862200178,Турксиб,0.412,-0.01,24.5,6794.0,0.112,0.275,264.0,0.09,1185.0,Пустырь,-1.538,0.11,3.418,0,2.0,3.0,4.0,0.44299999999999995,1.0,2.0,1.0,0.0
H01705,43.32445945945955,76.99369675371094,Турксиб,0.326,-0.021,27.0,6051.0,0.099,0.267,296.0,0.084,1156.0,Жилая,-0.403,0.389,5.344,0,4.0,3.0,4.0,1.843,0.75,4.0,1.0,0.25
H01706,43.32445945945955,77.00119488542009,Турксиб,0.408,-0.039,21.3,5756.0,0.087,0.262,248.0,0.158,1184.0,Пустырь,-0.943,0.448,4.888,0,9.0,2.888888888888889,5.0,3.966,0.6666666666666666,9.0,0.7777777777777778,0.5555555555555556
H01707,43.32445945945955,77.00869301712925,Турксиб,0.449,-0.011,25.7,4443.0,0.077,0.258,271.0,0.02,1188.0,Пустырь,-1.957,1.684,5.273,0,25.0,3.52,5.0,14.327,0.76,23.0,0.72,0.76
H01708,43.32445945945955,77.0161911488384,Турксиб,0.331,-0.037,23.5,4744.0,0.068,0.255,234.0,0.125,1208.0,Коммерческая,-0.224,-0.716,5.17,0,4.0,3.25,5.0,2.174,0.5,4.0,1.0,0.75
H01709,43.32445945945955,77.02368928054756,Турксиб,0.358,-0.043,23.8,3824.0,0.062,0.255,307.0,0.118,1184.0,Пустырь,-0.55,1.317,4.582,0,21.0,3.4285714285714284,5.0,11.143,0.7142857142857143,19.0,0.9523809523809523,0.47619047619047616
H01710,43.32445945945955,77.03118741225671,Турксиб,0.425,-0.011,22.9,5164.0,0.057,0.255,296.0,0.049,1217.0,Парк/сквер,-2.224,0.876,4.342,0,20.0,2.55,5.0,9.686,0.5,19.0,0.7,0.7
H01711,43.32445945945955,77.03868554396587,Турксиб,0.409,-0.036,23.3,3044.0,0.053,0.256,302.0,0.052,1207.0,Жилая,-1.38,0.686,5.052,0,7.0,3.4285714285714284,5.0,2.567,0.42857142857142855,7.0,1.0,0.8571428571428571
H01712,43.32445945945955,77.04618367567502,Турксиб,0.309,-0.017,25.5,2361.0,0.05,0.258,249.0,0.157,1248.0,Жилая,-0.399,-0.57,4.947,0,4.0,3.75,5.0,2.486,0.25,4.0,0.75,0.75
H01713,43.32445945945955,77.05368180738418,Турксиб,0.4,-0.028,22.5,3116.0,0.048,0.261,272.0,0.103,1255.0,Промышленная,-1.392,0.558,4.134,0,9.0,2.7777777777777777,5.0,5.204,0.4444444444444444,9.0,0.5555555555555556,0.6666666666666666
H01714,43.32445945945955,77.06117993909334,Турксиб,0.346,-0.039,24.2,3114.0,0.047,0.264,299.0,0.143,1248.0,Парк/сквер,-0.471,1.458,5.599,0,18.0,3.5,5.0,8.238,0.7222222222222222,16.0,0.7777777777777778,0.7222222222222222
H01715,43.32445945945955,77.06867807080249,Турксиб,0.352,-0.043,27.4,2177.0,0.046,0.268,208.0,0.122,1246.0,Жилая,0.298,-0.005,5.414,0,2.0,4.5,5.0,1.108,0.5,2.0,0.5,0.0
H01716,43.32445945945955,77.07617620251165,Турксиб,0.332,-0.028,24.4,1910.0,0.046,0.272,264.0,0.086,1302.0,Пустырь,-0.653,2.604,5.224,0,24.0,3.25,5.0,12.028,0.5,21.0,0.9583333333333334,0.5833333333333334
H01717,43.32445945945955,77.0836743342208,Турксиб,0.363,-0.041,26.0,3675.0,0.045,0.276,256.0,0.161,1264.0,Пустырь,-0.128,0.903,4.679,0,15.0,3.066666666666667,5.0,7.437,0.4,13.0,0.8,0.6666666666666666
H01718,43.32445945945955,77.09117246592996,Турксиб,0.395,-0.017,25.8,2361.0,0.045,0.279,342.0,0.141,1250.0,Пустырь,-1.479,0.778,4.284,0,5.0,4.2,5.0,2.502,0.6,5.0,1.0,0.4
H01719,43.32445945945955,77.09867059763911,Турксиб,0.358,-0.017,22.3,2122.0,0.045,0.282,317.0,0.171,1303.0,Жилая,-1.438,1.839,5.795,0,26.0,3.423076923076923,5.0,13.314,0.5769230769230769,24.0,0.9615384615384616,0.5769230769230769
H01720,43.32918918918928,76.78,Алатау,0.339,-0.015,25.6,2032.0,0.052,0.288,269.0,0.036,907.0,Жилая,-1.028,-0.465,3.66,0,0.0,0.0,0.0,0.0,0.0,0.0,0.0,0.0
H01721,43.32918918918928,76.78749813170916,Алатау,0.312,-0.029,24.6,2906.0,0.056,0.294,345.0,0.095,930.0,Пустырь,-0.721,0.089,4.091,0,5.0,2.6,5.0,2.032,0.6,5.0,0.8,0.4
H01722,43.32918918918928,76.79499626341831,Алатау,0.37,-0.045,25.9,2702.0,0.06,0.299,323.0,0.106,975.0,Парк/сквер,-0.428,0.688,4.856,0,19.0,3.5789473684210527,5.0,9.516,0.5789473684210527,18.0,0.9473684210526315,0.3684210526315789
H01723,43.32918918918928,76.80249439512747,Алатау,0.327,-0.032,24.7,3134.0,0.066,0.305,269.0,0.132,947.0,Пустырь,-0.287,0.526,4.84,0,9.0,3.2222222222222223,5.0,4.379,0.6666666666666666,9.0,0.8888888888888888,0.8888888888888888
H01724,43.32918918918928,76.80999252683662,Алатау,0.303,-0.04,25.2,3243.0,0.073,0.31,268.0,0.148,946.0,Парк/сквер,0.242,0.092,4.151,0,3.0,3.0,4.0,1.588,0.3333333333333333,3.0,0.3333333333333333,0.6666666666666666
H01725,43.32918918918928,76.81749065854578,Алатау,0.406,-0.016,24.7,3849.0,0.081,0.316,282.0,0.041,937.0,Пустырь,-1.557,1.309,4.581,0,9.0,3.3333333333333335,5.0,4.733,0.6666666666666666,9.0,0.7777777777777778,0.5555555555555556
H01726,43.32918918918928,76.82498879025493,Алатау,0.333,-0.028,25.9,4631.0,0.09,0.323,270.0,0.104,953.0,Пустырь,-0.286,-0.026,3.918,0,1.0,3.0,3.0,0.319,0.0,1.0,1.0,1.0
H01727,43.32918918918928,76.83248692196409,Алатау,0.367,-0.042,23.4,3149.0,0.1,0.331,228.0,0.168,961.0,Промышленная,-0.126,1.174,5.616,0,10.0,4.4,5.0,5.904,0.6,10.0,1.0,0.6
H01728,43.32918918918928,76.83998505367325,Алатау,0.26,-0.041,26.5,4929.0,0.112,0.34,343.0,0.171,989.0,Пустырь,0.65,1.127,5.86,0,12.0,3.6666666666666665,5.0,7.008,0.6666666666666666,12.0,0.75,0.5833333333333334
H01729,43.32918918918928,76.8474831853824,Алатау,0.363,-0.029,26.3,5845.0,0.124,0.349,230.0,0.103,1005.0,Пустырь,-0.181,1.58,6.121,0,19.0,3.6842105263157894,5.0,9.99,0.631578947368421,17.0,0.8947368421052632,0.5263157894736842
H01730,43.32918918918928,76.85498131709156,Алатау,0.251,-0.029,27.2,5404.0,0.136,0.357,266.0,0.218,1027.0,Парк/сквер,0.993,0.202,5.861,0,8.0,3.75,5.0,4.785,0.875,8.0,1.0,0.5
H01731,43.32918918918928,76.86247944880071,Алатау,0.333,-0.037,24.0,6286.0,0.149,0.365,185.0,0.133,1014.0,Жилая,0.337,-0.236,5.471,0,0.0,0.0,0.0,0.0,0.0,0.0,0.0,0.0
H01732,43.32918918918928,76.86997758050987,Алатау,0.273,-0.033,25.9,6850.0,0.161,0.372,326.0,0.211,1026.0,Парк/сквер,0.6,1.674,5.612,0,35.0,3.7142857142857144,5.0,18.398,0.6,33.0,0.9428571428571428,0.5714285714285714
H01733,43.32918918918928,76.87747571221902,Алатау,0.357,-0.047,27.9,6989.0,0.172,0.376,245.0,0.231,1045.0,Пустырь,0.998,0.169,6.216,0,4.0,4.0,5.0,2.294,0.75,4.0,0.75,0.75
H01734,43.32918918918928,76.88497384392818,Алатау,0.311,-0.04,26.9,6605.0,0.182,0.379,261.0,0.193,1042.0,Пустырь,0.923,3.718,7.268,1,51.0,3.9411764705882355,5.0,27.321,0.6078431372549019,47.0,0.9019607843137255,0.6470588235294118
H01735,43.32918918918928,76.89247197563733,Алатау,0.349,-0.065,26.1,5147.0,0.19,0.379,264.0,0.148,1000.0,Промышленная,1.138,0.506,6.335,0,6.0,4.166666666666667,5.0,3.092,0.8333333333333334,6.0,1.0,0.6666666666666666
H01736,43.32918918918928,76.89997010734649,Алатау,0.327,-0.032,27.4,7437.0,0.195,0.377,253.0,0.178,1060.0,Парк/сквер,0.68,-0.709,5.334,0,5.0,3.4,4.0,2.045,0.2,4.0,0.8,0.6
H01737,43.32918918918928,76.90746823905565,Алатау,0.351,-0.019,26.8,7570.0,0.197,0.372,251.0,0.244,1066.0,Жилая,0.225,1.079,4.699,0,20.0,3.2,5.0,11.451,0.65,19.0,0.75,0.75
H01738,43.32918918918928,76.9149663707648,Алатау,0.25,-0.038,27.7,7406.0,0.197,0.365,206.0,0.181,1074.0,Коммерческая,1.703,-0.074,5.989,0,2.0,4.0,5.0,0.8220000000000001,1.0,2.0,1.0,0.5
H01739,43.32918918918928,76.92246450247396,Алатау,0.201,-0.044,27.6,6769.0,0.193,0.356,211.0,0.186,1062.0,Парк/сквер,2.208,-0.494,5.324,0,4.0,2.75,4.0,1.738,0.5,4.0,1.0,1.0
H01740,43.32918918918928,76.92996263418311,Турксиб,0.333,-0.056,27.4,8393.0,0.186,0.345,238.0,0.202,1094.0,Транспорт,1.384,-0.977,5.166,0,5.0,3.2,5.0,2.504,0.4,5.0,1.0,0.6
H01741,43.32918918918928,76.93746076589227,Турксиб,0.305,-0.04,27.0,6042.0,0.177,0.333,266.0,0.149,1086.0,Парк/сквер,0.837,1.243,5.283,0,23.0,3.5652173913043477,5.0,11.662,0.5217391304347826,22.0,0.9130434782608695,0.4782608695652174
H01742,43.32918918918928,76.94495889760142,Турксиб,0.309,-0.021,25.4,7650.0,0.166,0.32,309.0,0.241,1105.0,Коммерческая,0.074,0.202,5.359,0,2.0,2.5,3.0,1.6139999999999999,0.5,2.0,1.0,0.5
H01743,43.32918918918928,76.95245702931058,Турксиб,0.349,-0.016,23.8,6573.0,0.154,0.308,296.0,0.047,1081.0,Жилая,-1.021,0.741,4.479,0,12.0,3.0833333333333335,5.0,6.335,0.75,11.0,0.75,0.6666666666666666
H01744,43.32918918918928,76.95995516101974,Турксиб,0.297,0.008,24.9,6752.0,0.14,0.295,251.0,0.243,1131.0,Жилая,-0.55,-0.286,5.099,0,1.0,3.0,3.0,0.818,1.0,1.0,1.0,1.0
H01745,43.32918918918928,76.96745329272889,Турксиб,0.376,-0.021,26.9,6663.0,0.126,0.284,329.0,0.131,1116.0,Парк/сквер,-0.752,-0.519,4.147,0,2.0,3.0,4.0,0.8440000000000001,0.5,2.0,1.0,0.0
H01746,43.32918918918928,76.97495142443805,Турксиб,0.267,-0.052,25.6,5978.0,0.112,0.274,253.0,0.111,1145.0,Промышленная,1.025,0.021,5.886,0,5.0,3.4,5.0,3.204,0.6,5.0,0.8,0.4
H01747,43.32918918918928,76.9824495561472,Турксиб,0.356,-0.047,26.1,5276.0,0.1,0.266,361.0,0.066,1175.0,Жилая,-0.332,0.02,5.247,0,4.0,4.25,5.0,2.69,0.25,4.0,1.0,0.5
H01748,43.32918918918928,76.98994768785636,Турксиб,0.392,-0.014,25.2,5248.0,0.088,0.259,353.0,0.125,1191.0,Пустырь,-1.524,-0.125,3.752,0,2.0,3.5,4.0,0.7030000000000001,0.5,2.0,1.0,0.5
H01749,43.32918918918928,76.99744581956551,Турксиб,0.347,-0.034,24.7,6461.0,0.078,0.255,333.0,0.168,1153.0,Пустырь,-0.54,1.722,5.181,0,33.0,3.484848484848485,5.0,17.497,0.5757575757575758,32.0,0.8484848484848485,0.6060606060606061
H01750,43.32918918918928,77.00494395127467,Турксиб,0.363,-0.003,24.0,3874.0,0.069,0.252,312.0,0.104,1192.0,Промышленная,-1.71,-0.336,4.169,0,6.0,2.6666666666666665,3.0,3.716,0.6666666666666666,6.0,0.8333333333333334,0.5
H01751,43.32918918918928,77.01244208298382,Турксиб,0.437,-0.022,25.3,3443.0,0.062,0.251,259.0,0.048,1175.0,Коммерческая,-1.533,1.695,4.042,0,18.0,3.1666666666666665,5.0,7.996,0.5,16.0,0.9444444444444444,0.7222222222222222
H01752,43.32918918918928,77.01994021469298,Турксиб,0.412,-0.039,23.4,4286.0,0.057,0.251,278.0,0.083,1185.0,Пустырь,-1.118,0.641,5.164,0,8.0,3.25,5.0,4.405,0.625,7.0,0.75,0.5
H01753,43.32918918918928,77.02743834640214,Турксиб,0.374,-0.03,25.4,3627.0,0.053,0.253,343.0,0.152,1209.0,Пустырь,-0.941,0.448,5.382,0,8.0,3.75,5.0,5.118,0.625,7.0,1.0,0.625
H01754,43.32918918918928,77.03493647811129,Турксиб,0.387,-0.029,25.0,3152.0,0.05,0.255,266.0,0.066,1197.0,Пустырь,-1.013,1.531,4.158,0,23.0,3.3043478260869565,5.0,10.441,0.5652173913043478,21.0,0.8260869565217391,0.5217391304347826
H01755,43.32918918918928,77.04243460982045,Турксиб,0.342,-0.034,22.1,2325.0,0.048,0.259,303.0,0.084,1213.0,Пустырь,-1.022,1.123,5.522,0,8.0,3.875,5.0,4.946,0.625,8.0,1.0,0.625
H01756,43.32918918918928,77.0499327415296,Турксиб,0.369,-0.008,23.7,1702.0,0.047,0.262,274.0,0.094,1209.0,Пустырь,-1.62,0.829,4.008,0,11.0,3.0,5.0,5.8950000000000005,0.45454545454545453,11.0,1.0,0.8181818181818182
H01757,43.32918918918928,77.05743087323876,Турксиб,0.386,-0.002,24.5,2445.0,0.046,0.266,330.0,0.051,1244.0,Промышленная,-2.145,1.818,5.06,0,25.0,3.4,5.0,14.451,0.48,25.0,0.92,0.6
H01758,43.32918918918928,77.06492900494791,Турксиб,0.386,-0.022,22.3,3155.0,0.045,0.27,297.0,0.05,1257.0,Пустырь,-1.73,0.446,4.542,0,6.0,2.8333333333333335,4.0,4.26,0.6666666666666666,6.0,0.6666666666666666,0.5
H01759,43.32918918918928,77.07242713665707,Турксиб,0.327,-0.024,23.1,3211.0,0.045,0.274,305.0,0.165,1243.0,Транспорт,-0.86,1.025,3.978,0,11.0,3.272727272727273,5.0,6.322,0.7272727272727273,11.0,1.0,0.5454545454545454
H01760,43.32918918918928,77.07992526836622,Турксиб,0.393,-0.013,23.4,2084.0,0.045,0.278,265.0,0.08,1263.0,Парк/сквер,-1.685,-2.465,3.884,0,1.0,3.0,3.0,0.558,1.0,1.0,1.0,1.0
H01761,43.32918918918928,77.08742340007538,Турксиб,0.408,-0.016,20.4,1893.0,0.045,0.282,227.0,0.066,1279.0,Парк/сквер,-1.986,0.444,3.973,0,6.0,3.1666666666666665,5.0,2.441,0.16666666666666666,6.0,1.0,0.6666666666666666
H01762,43.32918918918928,77.09492153178454,Турксиб,0.385,-0.017,23.4,3593.0,0.045,0.285,299.0,0.102,1290.0,Пустырь,-1.602,1.379,3.455,0,14.0,3.142857142857143,5.0,6.089,0.5,14.0,0.8571428571428571,0.7142857142857143
H01763,43.33391891891901,76.78374906585458,Алатау,0.455,-0.036,24.1,3385.0,0.051,0.298,309.0,0.046,860.0,Транспорт,-1.683,-1.261,4.053,0,2.0,4.0,5.0,0.95,0.0,2.0,1.0,1.0
H01764,43.33391891891901,76.79124719756373,Алатау,0.382,-0.049,25.3,1808.0,0.055,0.302,310.0,0.122,932.0,Пустырь,-0.401,1.222,5.816,0,14.0,3.5,5.0,6.217,0.6428571428571429,14.0,0.9285714285714286,0.7142857142857143
H01765,43.33391891891901,76.79874532927289,Алатау,0.356,-0.028,24.0,3344.0,0.059,0.306,341.0,0.124,963.0,Пустырь,-1.085,0.755,4.833,0,7.0,2.857142857142857,4.0,4.309,0.5714285714285714,7.0,1.0,0.42857142857142855
H01766,43.33391891891901,76.80624346098205,Алатау,0.38,-0.041,24.9,4295.0,0.064,0.309,276.0,0.033,927.0,Пустырь,-0.71,1.186,5.868,0,12.0,3.75,5.0,7.7620000000000005,0.8333333333333334,8.0,0.8333333333333334,0.75
H01767,43.33391891891901,76.8137415926912,Алатау,0.32,-0.024,22.7,2378.0,0.07,0.312,309.0,0.058,939.0,Парк/сквер,-1.06,0.3,4.471,0,9.0,3.3333333333333335,5.0,3.484,0.6666666666666666,9.0,1.0,0.6666666666666666
H01768,43.33391891891901,76.82123972440036,Алатау,0.298,-0.017,25.9,3698.0,0.077,0.317,291.0,0.156,940.0,Коммерческая,-0.333,-0.81,4.543,0,0.0,0.0,0.0,0.0,0.0,0.0,0.0,0.0
H01769,43.33391891891901,76.82873785610951,Алатау,0.374,-0.02,23.9,4931.0,0.086,0.322,273.0,0.12,965.0,Промышленная,-1.082,0.605,4.579,0,6.0,3.0,5.0,3.886,0.5,6.0,0.8333333333333334,0.3333333333333333
H01770,43.33391891891901,76.83623598781867,Алатау,0.353,-0.017,22.5,4365.0,0.095,0.328,283.0,0.082,972.0,Пустырь,-1.283,0.664,4.33,0,6.0,2.6666666666666665,5.0,1.933,0.5,6.0,1.0,0.6666666666666666
H01771,43.33391891891901,76.84373411952782,Алатау,0.385,-0.04,25.8,4506.0,0.104,0.335,256.0,0.116,979.0,Коммерческая,-0.238,-0.551,4.525,0,3.0,3.0,4.0,1.423,0.3333333333333333,3.0,1.0,0.3333333333333333
H01772,43.33391891891901,76.85123225123698,Алатау,0.309,-0.044,25.1,4832.0,0.114,0.342,257.0,0.162,1013.0,Парк/сквер,0.523,0.29,5.97,0,8.0,3.75,5.0,4.966,1.0,7.0,0.75,0.875
H01773,43.33391891891901,76.85873038294613,Алатау,0.356,-0.005,25.1,4982.0,0.125,0.348,272.0,0.125,964.0,Парк/сквер,-1.05,0.11,4.745,0,3.0,4.333333333333333,5.0,1.2349999999999999,0.6666666666666666,3.0,1.0,1.0
H01774,43.33391891891901,76.86622851465529,Алатау,0.321,-0.018,26.5,4104.0,0.135,0.353,241.0,0.248,1011.0,Пустырь,0.202,-1.396,4.523,0,2.0,3.0,3.0,0.9550000000000001,0.5,2.0,1.0,1.0
H01775,43.33391891891901,76.87372664636445,Алатау,0.287,-0.026,28.3,5119.0,0.144,0.357,217.0,0.209,967.0,Пустырь,0.97,0.484,5.52,0,15.0,3.6666666666666665,5.0,7.915,0.6,14.0,0.8666666666666667,0.6
H01776,43.33391891891901,76.8812247780736,Алатау,0.336,-0.052,24.1,5131.0,0.153,0.359,352.0,0.284,1035.0,Жилая,0.429,0.677,6.483,0,11.0,3.5454545454545454,5.0,5.685,0.45454545454545453,10.0,0.9090909090909091,0.5454545454545454
H01777,43.33391891891901,76.88872290978276,Алатау,0.29,-0.058,27.0,5797.0,0.159,0.359,268.0,0.148,1078.0,Транспорт,1.374,-1.391,4.836,0,1.0,4.0,4.0,0.849,1.0,1.0,1.0,1.0
H01778,43.33391891891901,76.89622104149191,Алатау,0.307,-0.029,24.9,6597.0,0.164,0.357,185.0,0.187,1062.0,Парк/сквер,0.627,0.075,5.555,0,2.0,3.0,4.0,1.3780000000000001,0.0,2.0,0.5,0.5
H01779,43.33391891891901,76.90371917320107,Алатау,0.32,-0.04,25.6,6798.0,0.167,0.352,310.0,0.215,1037.0,Жилая,0.488,-0.722,4.983,0,0.0,0.0,0.0,0.0,0.0,0.0,0.0,0.0
H01780,43.33391891891901,76.91121730491022,Алатау,0.317,-0.073,24.1,7625.0,0.167,0.346,130.0,0.213,1052.0,Транспорт,1.974,-1.222,4.783,0,2.0,3.0,4.0,0.9139999999999999,0.5,2.0,1.0,0.5
H01781,43.33391891891901,76.91871543661938,Алатау,0.238,-0.032,25.7,6797.0,0.164,0.338,287.0,0.165,1066.0,Коммерческая,0.878,-1.034,4.397,0,3.0,3.0,5.0,1.653,0.6666666666666666,3.0,1.0,0.6666666666666666
H01782,43.33391891891901,76.92621356832854,Турксиб,0.336,-0.032,26.5,6658.0,0.159,0.328,290.0,0.171,1095.0,Транспорт,0.201,-0.411,3.606,0,1.0,3.0,3.0,0.44,1.0,1.0,1.0,1.0
H01783,43.33391891891901,76.93371170003769,Турксиб,0.304,-0.062,25.6,5931.0,0.152,0.317,337.0,0.199,1095.0,Пустырь,0.998,2.494,6.949,1,51.0,4.019607843137255,5.0,26.86,0.6862745098039216,50.0,0.9019607843137255,0.5686274509803921
H01784,43.33391891891901,76.94120983174685,Турксиб,0.331,-0.061,25.5,6038.0,0.143,0.305,306.0,0.17,1087.0,Транспорт,0.776,-0.659,5.845,0,8.0,4.125,5.0,4.491,0.75,8.0,1.0,0.75
H01785,43.33391891891901,76.948707963456,Турксиб,0.302,-0.036,26.1,6422.0,0.132,0.294,269.0,0.127,1077.0,Пустырь,0.402,0.757,5.009,0,15.0,3.2,4.0,7.861,0.5333333333333333,15.0,0.7333333333333333,0.6
H01786,43.33391891891901,76.95620609516516,Турксиб,0.327,-0.028,26.9,5538.0,0.121,0.283,292.0,0.149,1089.0,Парк/сквер,-0.0,0.284,5.374,0,5.0,3.6,5.0,2.854,0.4,5.0,0.8,0.8
H01787,43.33391891891901,76.96370422687431,Турксиб,0.313,-0.011,25.7,5933.0,0.109,0.272,269.0,0.17,1085.0,Пустырь,-0.422,-0.628,3.682,0,3.0,2.3333333333333335,3.0,1.233,0.6666666666666666,3.0,0.6666666666666666,0.6666666666666666
H01788,43.33391891891901,76.97120235858347,Турксиб,0.34,-0.039,24.0,5649.0,0.098,0.264,283.0,0.119,1110.0,Жилая,-0.256,0.107,5.388,0,3.0,3.3333333333333335,4.0,1.919,0.6666666666666666,3.0,0.6666666666666666,1.0
H01789,43.33391891891901,76.97870049029262,Турксиб,0.378,-0.041,23.1,4170.0,0.087,0.256,364.0,0.154,1116.0,Парк/сквер,-0.906,-0.575,4.396,0,2.0,3.5,4.0,1.112,0.0,1.0,1.0,1.0
H01790,43.33391891891901,76.98619862200178,Турксиб,0.373,-0.007,23.4,4639.0,0.077,0.251,316.0,0.091,1145.0,Пустырь,-1.76,1.296,4.577,0,16.0,2.75,5.0,8.319,0.625,14.0,1.0,0.5625
H01791,43.33391891891901,76.99369675371094,Турксиб,0.364,-0.061,24.0,4592.0,0.069,0.247,331.0,0.142,1142.0,Транспорт,-0.107,-0.564,3.793,0,4.0,3.75,5.0,2.148,0.75,4.0,0.75,0.75
H01792,43.33391891891901,77.00119488542009,Турксиб,0.274,-0.035,24.1,4180.0,0.062,0.246,295.0,0.093,1130.0,Жилая,-0.083,-0.963,4.418,0,2.0,4.0,4.0,1.5110000000000001,0.5,2.0,1.0,0.5
H01793,43.33391891891901,77.00869301712925,Турксиб,0.352,-0.026,23.6,4798.0,0.056,0.246,346.0,0.129,1151.0,Пустырь,-1.181,1.807,5.716,0,29.0,3.4827586206896552,5.0,14.287,0.7586206896551724,28.0,0.9655172413793104,0.6551724137931034
H01794,43.33391891891901,77.0161911488384,Турксиб,0.42,-0.046,23.3,4705.0,0.052,0.247,344.0,0.028,1181.0,Пустырь,-1.398,0.401,3.575,0,8.0,2.125,3.0,4.332,0.75,8.0,0.75,0.625
H01795,43.33391891891901,77.02368928054756,Турксиб,0.32,-0.029,24.5,4785.0,0.048,0.25,293.0,0.191,1186.0,Пустырь,-0.39,0.234,4.54,0,2.0,2.0,3.0,1.0110000000000001,1.0,2.0,1.0,0.5
H01796,43.33391891891901,77.03118741225671,Турксиб,0.429,-0.021,21.1,5109.0,0.046,0.253,289.0,0.14,1218.0,Пустырь,-1.999,2.104,5.772,0,32.0,4.03125,5.0,17.142,0.65625,30.0,0.90625,0.8125
H01797,43.33391891891901,77.03868554396587,Турксиб,0.36,-0.028,23.5,2856.0,0.045,0.257,238.0,0.12,1188.0,Жилая,-0.784,-0.45,4.072,0,2.0,3.0,5.0,1.042,0.5,2.0,1.0,0.5
H01798,43.33391891891901,77.04618367567502,Турксиб,0.348,-0.02,23.1,2690.0,0.044,0.262,255.0,0.02,1201.0,Пустырь,-1.284,-0.273,4.674,0,2.0,3.0,3.0,1.007,0.5,2.0,1.0,1.0
H01799,43.33391891891901,77.05368180738418,Турксиб,0.41,-0.025,22.6,584.0,0.044,0.267,262.0,0.104,1232.0,Пустырь,-1.539,-0.039,4.073,0,1.0,3.0,3.0,0.628,0.0,1.0,0.0,0.0
H01800,43.33391891891901,77.06117993909334,Турксиб,0.327,-0.03,23.7,2417.0,0.044,0.271,330.0,0.12,1219.0,Жилая,-0.825,0.164,4.949,0,3.0,3.3333333333333335,5.0,0.907,0.3333333333333333,3.0,0.6666666666666666,0.6666666666666666
H01801,43.33391891891901,77.06867807080249,Турксиб,0.523,-0.029,20.8,2742.0,0.044,0.276,304.0,0.078,1266.0,Парк/сквер,-2.75,0.848,4.785,0,7.0,2.7142857142857144,5.0,3.748,0.7142857142857143,7.0,0.8571428571428571,0.5714285714285714
H01802,43.33391891891901,77.07617620251165,Турксиб,0.382,-0.017,25.2,2964.0,0.044,0.28,252.0,0.02,1215.0,Пустырь,-1.346,0.146,4.09,0,4.0,3.75,5.0,1.7690000000000001,0.25,4.0,1.0,0.5
H01803,43.33391891891901,77.0836743342208,Турксиб,0.374,-0.006,22.2,2158.0,0.045,0.284,286.0,0.124,1223.0,Пустырь,-1.869,2.354,3.838,0,26.0,2.769230769230769,4.0,14.803,0.6153846153846154,25.0,0.8461538461538461,0.8076923076923077
H01804,43.33391891891901,77.09117246592996,Турксиб,0.337,-0.027,25.5,2315.0,0.045,0.287,307.0,0.129,1256.0,Жилая,-0.659,-0.307,3.835,0,2.0,3.5,5.0,0.845,0.0,2.0,1.0,0.5
H01805,43.33391891891901,77.09867059763911,Турксиб,0.384,-0.025,22.2,1698.0,0.045,0.289,218.0,0.125,1254.0,Пустырь,-1.148,-0.503,3.804,0,2.0,2.5,3.0,0.624,0.5,2.0,1.0,1.0
H01806,43.33864864864874,76.78,Алатау,0.355,-0.028,23.8,3134.0,0.048,0.302,263.0,0.09,868.0,Жилая,-0.867,-0.795,5.108,0,2.0,4.0,5.0,0.9850000000000001,1.0,2.0,1.0,1.0
H01807,43.33864864864874,76.78749813170916,Алатау,0.344,-0.024,24.0,3885.0,0.051,0.307,287.0,0.067,859.0,Коммерческая,-1.034,0.276,4.704,0,2.0,2.5,3.0,0.938,0.5,2.0,0.5,0.5
H01808,43.33864864864874,76.79499626341831,Алатау,0.359,-0.043,24.3,2700.0,0.054,0.31,254.0,0.08,906.0,Коммерческая,-0.389,-0.27,4.225,0,2.0,4.0,4.0,1.174,1.0,2.0,0.5,0.0
H01809,43.33864864864874,76.80249439512747,Алатау,0.362,-0.025,23.9,3780.0,0.058,0.312,325.0,0.131,902.0,Парк/сквер,-1.121,-0.437,4.746,0,3.0,3.3333333333333335,5.0,1.598,1.0,3.0,1.0,0.3333333333333333
H01810,43.33864864864874,76.80999252683662,Алатау,0.365,-0.008,24.4,2948.0,0.062,0.312,285.0,0.176,877.0,Пустырь,-1.273,-0.78,4.142,0,3.0,2.3333333333333335,4.0,1.6600000000000001,1.0,3.0,1.0,0.3333333333333333
H01811,43.33864864864874,76.81749065854578,Алатау,0.351,-0.041,25.1,3125.0,0.068,0.314,233.0,0.081,912.0,Парк/сквер,-0.149,-0.157,4.529,0,2.0,4.0,5.0,1.2040000000000002,0.5,2.0,1.0,0.5
H01812,43.33864864864874,76.82498879025493,Алатау,0.294,-0.045,25.7,4807.0,0.074,0.316,262.0,0.145,922.0,Промышленная,0.536,0.835,5.601,0,14.0,3.857142857142857,5.0,7.178,0.5,11.0,0.9285714285714286,0.7142857142857143
H01813,43.33864864864874,76.83248692196409,Алатау,0.375,-0.024,23.6,3265.0,0.081,0.319,278.0,0.138,942.0,Пустырь,-1.01,0.909,4.149,0,4.0,3.75,4.0,2.636,0.75,4.0,0.75,0.5
H01814,43.33864864864874,76.83998505367325,Алатау,0.329,-0.054,23.4,4091.0,0.089,0.324,246.0,0.129,950.0,Коммерческая,0.286,-0.903,5.245,0,4.0,4.25,5.0,1.769,1.0,4.0,0.75,0.75
H01815,43.33864864864874,76.8474831853824,Алатау,0.34,-0.022,24.4,4072.0,0.097,0.329,233.0,0.17,987.0,Парк/сквер,-0.391,1.991,6.425,0,23.0,3.8260869565217392,5.0,10.657,0.6086956521739131,19.0,0.9565217391304348,0.6086956521739131
H01816,43.33864864864874,76.85498131709156,Алатау,0.359,-0.025,27.4,5059.0,0.105,0.334,322.0,0.094,984.0,Пустырь,-0.591,1.04,6.416,0,12.0,4.416666666666667,5.0,7.694,0.5,11.0,1.0,0.5833333333333334
H01817,43.33864864864874,76.86247944880071,Алатау,0.314,-0.037,24.0,5298.0,0.113,0.338,269.0,0.137,934.0,Жилая,0.048,-0.635,4.512,0,2.0,4.0,5.0,0.9600000000000001,1.0,2.0,1.0,1.0
H01818,43.33864864864874,76.86997758050987,Алатау,0.277,-0.034,25.2,5161.0,0.121,0.341,256.0,0.11,1021.0,Парк/сквер,0.415,0.572,4.723,0,12.0,3.0833333333333335,5.0,6.13,0.3333333333333333,11.0,1.0,0.5833333333333334
H01819,43.33864864864874,76.87747571221902,Алатау,0.287,-0.024,24.4,4916.0,0.128,0.342,195.0,0.265,997.0,Жилая,0.592,-0.69,4.027,0,1.0,4.0,4.0,0.362,0.0,1.0,1.0,0.0
H01820,43.33864864864874,76.88497384392818,Алатау,0.339,-0.059,25.5,5193.0,0.134,0.342,294.0,0.058,1024.0,Жилая,0.435,-0.095,4.604,0,3.0,2.3333333333333335,4.0,0.977,0.3333333333333333,3.0,0.6666666666666666,0.3333333333333333
H01821,43.33864864864874,76.89247197563733,Алатау,0.33,-0.036,25.4,5216.0,0.138,0.34,240.0,0.143,1063.0,Пустырь,0.272,-1.101,4.808,0,2.0,4.0,5.0,1.158,0.0,2.0,1.0,0.5
H01822,43.33864864864874,76.89997010734649,Алатау,0.324,-0.055,25.4,5540.0,0.14,0.336,296.0,0.241,1018.0,Пустырь,0.862,1.256,6.161,0,18.0,3.611111111111111,5.0,8.886000000000001,0.5555555555555556,16.0,0.9444444444444444,0.5
H01823,43.33864864864874,76.90746823905565,Алатау,0.325,-0.062,25.5,6337.0,0.141,0.329,274.0,0.251,1048.0,Жилая,1.17,-1.938,4.696,0,0.0,0.0,0.0,0.0,0.0,0.0,0.0,0.0
H01824,43.33864864864874,76.9149663707648,Алатау,0.343,-0.023,26.9,5032.0,0.139,0.322,281.0,0.113,1065.0,Парк/сквер,-0.231,-1.206,3.93,0,2.0,3.5,4.0,0.903,1.0,2.0,1.0,1.0
H01825,43.33864864864874,76.92246450247396,Алатау,0.27,-0.039,27.6,5007.0,0.135,0.313,277.0,0.158,1051.0,Транспорт,0.979,0.238,5.536,0,3.0,3.0,3.0,1.1440000000000001,1.0,3.0,1.0,0.3333333333333333
H01826,43.33864864864874,76.92996263418311,Турксиб,0.338,-0.039,26.2,6325.0,0.129,0.303,290.0,0.203,1036.0,Парк/сквер,0.299,-2.744,4.299,0,4.0,2.75,5.0,1.482,0.25,4.0,0.5,0.25
H01827,43.33864864864874,76.93746076589227,Турксиб,0.3,-0.034,24.6,7060.0,0.122,0.292,324.0,0.075,1063.0,Пустырь,-0.2,0.452,4.914,0,10.0,3.9,5.0,4.61,0.5,8.0,0.7,0.8
H01828,43.33864864864874,76.94495889760142,Турксиб,0.34,-0.054,26.2,5549.0,0.113,0.281,220.0,0.192,1073.0,Пустырь,0.903,0.964,6.443,0,22.0,3.8636363636363638,5.0,12.639,0.6363636363636364,19.0,0.9090909090909091,0.5
H01829,43.33864864864874,76.95245702931058,Турксиб,0.304,-0.035,25.0,7758.0,0.103,0.271,324.0,0.123,1093.0,Транспорт,-0.095,0.136,5.863,0,3.0,3.3333333333333335,5.0,1.2610000000000001,0.6666666666666666,3.0,1.0,0.0
H01830,43.33864864864874,76.95995516101974,Турксиб,0.384,-0.014,22.9,6273.0,0.094,0.262,273.0,0.075,1070.0,Пустырь,-1.531,0.559,4.004,0,12.0,2.9166666666666665,4.0,5.789,0.6666666666666666,12.0,0.8333333333333334,0.5
H01831,43.33864864864874,76.96745329272889,Турксиб,0.314,-0.01,24.0,5217.0,0.084,0.254,359.0,0.193,1100.0,Пустырь,-1.059,-0.846,3.923,0,5.0,2.2,3.0,1.877,0.6,5.0,0.8,0.8
H01832,43.33864864864874,76.97495142443805,Турксиб,0.384,-0.041,23.3,5075.0,0.075,0.247,258.0,0.065,1084.0,Пустырь,-0.747,1.74,5.198,0,31.0,3.6774193548387095,5.0,15.854,0.5483870967741935,29.0,0.9032258064516129,0.6129032258064516
H01833,43.33864864864874,76.9824495561472,Турксиб,0.378,-0.039,26.6,5939.0,0.066,0.243,311.0,0.139,1109.0,Парк/сквер,-0.414,0.557,5.342,0,18.0,3.5555555555555554,5.0,9.215,0.5555555555555556,18.0,0.8888888888888888,0.8333333333333334
H01834,43.33864864864874,76.98994768785636,Турксиб,0.315,-0.035,22.8,5032.0,0.059,0.24,319.0,0.02,1138.0,Пустырь,-0.858,0.22,4.41,0,3.0,2.6666666666666665,4.0,1.564,0.3333333333333333,3.0,1.0,0.6666666666666666
H01835,43.33864864864874,76.99744581956551,Турксиб,0.369,-0.046,21.3,5504.0,0.054,0.239,277.0,0.104,1153.0,Пустырь,-0.828,1.618,5.75,0,31.0,3.5483870967741935,5.0,13.852,0.6774193548387096,29.0,0.8709677419354839,0.6129032258064516
H01836,43.33864864864874,77.00494395127467,Турксиб,0.367,-0.032,24.0,3125.0,0.049,0.24,353.0,0.104,1150.0,Пустырь,-1.182,0.744,4.916,0,7.0,4.285714285714286,5.0,4.02,1.0,7.0,1.0,0.42857142857142855
H01837,43.33864864864874,77.01244208298382,Турксиб,0.316,-0.032,24.6,4325.0,0.046,0.242,388.0,0.154,1144.0,Коммерческая,-0.737,-0.45,3.847,0,2.0,3.0,4.0,1.621,1.0,2.0,0.5,0.5
H01838,43.33864864864874,77.01994021469298,Турксиб,0.417,-0.023,22.8,2497.0,0.044,0.246,285.0,0.023,1164.0,Коммерческая,-1.919,1.561,4.053,0,12.0,2.75,3.0,6.008,0.5833333333333334,12.0,0.5833333333333334,0.5833333333333334
H01839,43.33864864864874,77.02743834640214,Турксиб,0.382,-0.008,22.7,2642.0,0.042,0.25,292.0,0.179,1192.0,Пустырь,-1.724,0.214,4.081,0,4.0,3.5,5.0,2.0940000000000003,0.75,4.0,1.0,0.75
H01840,43.33864864864874,77.03493647811129,Турксиб,0.332,-0.017,22.8,3078.0,0.042,0.255,308.0,0.184,1159.0,Пустырь,-1.104,2.245,5.13,0,25.0,3.4,5.0,11.616,0.68,25.0,0.88,0.76
H01841,43.33864864864874,77.04243460982045,Турксиб,0.34,-0.042,23.7,2298.0,0.042,0.26,314.0,0.062,1174.0,Пустырь,-0.694,0.197,4.214,0,3.0,3.3333333333333335,5.0,0.854,0.6666666666666666,3.0,1.0,1.0
H01842,43.33864864864874,77.0499327415296,Турксиб,0.387,-0.054,23.1,3919.0,0.042,0.266,327.0,0.053,1170.0,Пустырь,-0.883,1.376,5.562,0,18.0,3.7777777777777777,5.0,9.904,0.7777777777777778,16.0,0.9444444444444444,0.5
H01843,43.33864864864874,77.05743087323876,Турксиб,0.424,-0.003,23.4,1841.0,0.043,0.271,192.0,0.176,1200.0,Пустырь,-1.706,0.586,3.506,0,4.0,2.75,5.0,1.715,0.75,4.0,1.0,0.5
H01844,43.33864864864874,77.06492900494791,Турксиб,0.373,-0.002,23.7,2674.0,0.043,0.276,274.0,0.02,1224.0,Жилая,-1.97,-0.188,3.509,0,2.0,2.5,3.0,1.242,0.5,2.0,1.0,0.5
H01845,43.33864864864874,77.07242713665707,Турксиб,0.395,-0.044,24.9,1273.0,0.044,0.281,289.0,0.085,1221.0,Промышленная,-0.743,0.865,4.868,0,9.0,3.4444444444444446,5.0,4.405,0.5555555555555556,8.0,0.8888888888888888,0.5555555555555556
H01846,43.33864864864874,77.07992526836622,Турксиб,0.459,-0.014,22.4,2515.0,0.044,0.285,231.0,0.104,1236.0,Парк/сквер,-2.125,-0.448,4.096,0,3.0,3.6666666666666665,5.0,1.569,1.0,3.0,0.6666666666666666,0.3333333333333333
H01847,43.33864864864874,77.08742340007538,Турксиб,0.389,-0.039,24.6,963.0,0.045,0.289,279.0,0.055,1252.0,Пустырь,-0.904,1.319,4.761,0,11.0,3.272727272727273,5.0,6.087,0.5454545454545454,10.0,0.8181818181818182,0.5454545454545454
H01848,43.33864864864874,77.09492153178454,Турксиб,0.335,-0.027,25.8,586.0,0.045,0.291,215.0,0.12,1233.0,Пустырь,-0.24,1.058,5.762,0,3.0,2.6666666666666665,4.0,1.058,0.6666666666666666,3.0,1.0,0.3333333333333333
H01849,43.343378378378475,76.78374906585458,Алатау,0.339,-0.017,25.3,2272.0,0.048,0.313,256.0,0.058,851.0,Жилая,-0.929,-0.648,4.605,0,5.0,2.8,4.0,2.58,0.6,5.0,0.6,0.8
H01850,43.343378378378475,76.79124719756373,Алатау,0.299,-0.043,23.3,3061.0,0.05,0.316,217.0,0.125,908.0,Пустырь,0.184,0.178,4.226,0,3.0,2.6666666666666665,4.0,1.319,1.0,3.0,1.0,1.0
H01851,43.343378378378475,76.79874532927289,Алатау,0.362,-0.005,24.2,1407.0,0.053,0.316,211.0,0.097,909.0,Парк/сквер,-1.277,-1.448,3.948,0,3.0,2.3333333333333335,3.0,1.4500000000000002,1.0,3.0,1.0,1.0
H01852,43.343378378378475,76.80624346098205,Алатау,0.344,-0.029,23.9,3421.0,0.056,0.315,278.0,0.065,908.0,Жилая,-0.835,0.275,3.817,0,2.0,2.5,3.0,1.954,0.5,2.0,1.0,1.0
H01853,43.343378378378475,76.8137415926912,Алатау,0.405,-0.041,23.6,3099.0,0.06,0.314,349.0,0.151,942.0,Пустырь,-1.117,1.286,4.764,0,19.0,3.0,4.0,9.867,0.6842105263157895,19.0,0.631578947368421,0.47368421052631576
H01854,43.343378378378475,76.82123972440036,Алатау,0.428,-0.03,26.1,3277.0,0.065,0.313,328.0,0.094,911.0,Жилая,-1.312,0.35,3.873,0,3.0,3.3333333333333335,5.0,1.084,1.0,3.0,0.6666666666666666,0.3333333333333333
H01855,43.343378378378475,76.82873785610951,Алатау,0.291,-0.047,24.8,3750.0,0.07,0.313,210.0,0.099,922.0,Пустырь,0.571,0.16,4.617,0,2.0,3.0,3.0,1.384,1.0,2.0,1.0,0.5
H01856,43.343378378378475,76.83623598781867,Алатау,0.389,-0.027,24.1,3983.0,0.076,0.315,286.0,0.074,922.0,Промышленная,-1.174,1.239,4.392,0,17.0,3.3529411764705883,5.0,10.772,0.47058823529411764,15.0,0.8823529411764706,0.7058823529411765
H01857,43.343378378378475,76.84373411952782,Алатау,0.333,-0.046,25.9,5451.0,0.083,0.318,283.0,0.112,986.0,Пустырь,0.143,2.519,7.265,1,33.0,4.515151515151516,5.0,17.197,0.6666666666666666,33.0,0.9090909090909091,0.5757575757575758
H01858,43.343378378378475,76.85123225123698,Алатау,0.292,-0.027,26.4,4363.0,0.089,0.322,229.0,0.086,991.0,Пустырь,0.199,0.658,5.493,0,9.0,4.222222222222222,5.0,4.836,0.6666666666666666,9.0,1.0,0.7777777777777778
H01859,43.343378378378475,76.85873038294613,Алатау,0.394,-0.033,24.0,5969.0,0.096,0.325,271.0,0.207,982.0,Транспорт,-0.609,0.447,4.645,0,8.0,3.25,5.0,4.408,0.375,8.0,1.0,0.0
H01860,43.343378378378475,76.86622851465529,Алатау,0.237,-0.041,25.9,3356.0,0.102,0.327,292.0,0.204,980.0,Пустырь,1.017,0.255,5.796,0,2.0,4.5,5.0,1.246,0.5,2.0,1.0,1.0
H01861,43.343378378378475,76.87372664636445,Алатау,0.355,-0.045,25.7,5253.0,0.107,0.328,188.0,0.075,946.0,Жилая,0.31,-0.811,4.447,0,3.0,3.3333333333333335,5.0,0.909,0.3333333333333333,3.0,1.0,0.3333333333333333
H01862,43.343378378378475,76.8812247780736,Алатау,0.308,0.0,24.8,3816.0,0.112,0.327,176.0,0.146,972.0,Пустырь,-0.448,0.785,5.114,0,15.0,3.6,5.0,8.044,0.6666666666666666,14.0,1.0,0.7333333333333333
H01863,43.343378378378475,76.88872290978276,Алатау,0.36,-0.044,25.2,5311.0,0.116,0.325,248.0,0.201,1004.0,Парк/сквер,0.271,-2.397,3.954,0,0.0,0.0,0.0,0.0,0.0,0.0,0.0,0.0
H01864,43.343378378378475,76.89622104149191,Алатау,0.382,-0.042,24.7,5888.0,0.118,0.321,263.0,0.215,1019.0,Пустырь,-0.038,1.066,4.269,0,12.0,3.3333333333333335,5.0,5.381,0.5833333333333334,12.0,0.75,0.5
H01865,43.343378378378475,76.90371917320107,Алатау,0.309,-0.053,24.5,5382.0,0.118,0.315,292.0,0.148,981.0,Пустырь,0.534,0.907,6.288,0,11.0,3.727272727272727,5.0,7.17,0.6363636363636364,11.0,0.9090909090909091,0.6363636363636364
H01866,43.343378378378475,76.91121730491022,Алатау,0.284,-0.03,27.1,5348.0,0.117,0.308,227.0,0.2,1003.0,Коммерческая,0.807,-0.191,5.511,0,4.0,3.0,4.0,1.404,0.5,3.0,1.0,0.5
H01867,43.343378378378475,76.91871543661938,Алатау,0.323,-0.056,24.9,5403.0,0.114,0.3,244.0,0.156,1039.0,Коммерческая,0.752,-0.433,4.892,0,2.0,4.0,5.0,1.3479999999999999,1.0,2.0,0.5,1.0
H01868,43.343378378378475,76.92621356832854,Турксиб,0.327,-0.04,25.3,6130.0,0.109,0.29,253.0,0.15,1054.0,Пустырь,0.26,0.021,4.908,0,2.0,2.5,4.0,1.09,1.0,2.0,0.5,1.0
H01869,43.343378378378475,76.93371170003769,Турксиб,0.364,-0.043,25.4,4422.0,0.103,0.28,309.0,0.099,1070.0,Пустырь,-0.311,0.192,5.211,0,2.0,3.0,4.0,0.875,0.5,2.0,0.5,0.5
H01870,43.343378378378475,76.94120983174685,Турксиб,0.368,-0.004,22.2,6392.0,0.095,0.271,253.0,0.151,1096.0,Жилая,-1.503,-1.223,2.761,0,4.0,3.25,5.0,2.524,1.0,4.0,0.75,0.0
H01871,43.343378378378475,76.948707963456,Турксиб,0.368,-0.033,23.4,4802.0,0.087,0.261,295.0,0.089,1044.0,Транспорт,-0.896,-0.916,3.52,0,1.0,4.0,4.0,0.306,1.0,1.0,1.0,1.0
H01872,43.343378378378475,76.95620609516516,Турксиб,0.36,-0.046,25.4,5237.0,0.079,0.252,276.0,0.127,1092.0,Транспорт,-0.068,-0.825,3.957,0,5.0,3.2,5.0,2.697,0.4,4.0,0.8,0.8
H01873,43.343378378378475,76.96370422687431,Турксиб,0.344,-0.009,26.1,3938.0,0.071,0.245,247.0,0.09,1070.0,Пустырь,-0.893,1.0,5.552,0,12.0,4.0,5.0,6.146,0.5833333333333334,10.0,0.8333333333333334,0.8333333333333334
H01874,43.343378378378475,76.97120235858347,Турксиб,0.379,-0.012,24.8,4776.0,0.063,0.239,325.0,0.189,1103.0,Коммерческая,-1.361,-1.583,3.519,0,3.0,3.3333333333333335,5.0,1.496,0.6666666666666666,3.0,1.0,1.0
H01875,43.343378378378475,76.97870049029262,Турксиб,0.368,-0.029,23.7,4274.0,0.056,0.235,359.0,0.021,1130.0,Коммерческая,-1.499,0.382,4.043,0,7.0,2.5714285714285716,5.0,3.193,0.7142857142857143,7.0,0.42857142857142855,0.8571428571428571
H01876,43.343378378378475,76.98619862200178,Турксиб,0.378,-0.032,24.0,3104.0,0.05,0.233,362.0,0.107,1123.0,Пустырь,-1.297,1.576,5.137,0,16.0,3.0,5.0,9.498,0.625,15.0,0.9375,0.75
H01877,43.343378378378475,76.99369675371094,Турксиб,0.354,-0.036,24.3,3212.0,0.045,0.233,359.0,0.134,1132.0,Коммерческая,-0.891,-0.392,4.044,0,3.0,2.3333333333333335,4.0,1.038,0.6666666666666666,3.0,1.0,1.0
H01878,43.343378378378475,77.00119488542009,Турксиб,0.354,-0.042,23.2,2952.0,0.042,0.234,352.0,0.074,1111.0,Парк/сквер,-1.001,-1.739,4.433,0,0.0,0.0,0.0,0.0,0.0,0.0,0.0,0.0
H01879,43.343378378378475,77.00869301712925,Турксиб,0.417,-0.014,22.2,2383.0,0.04,0.237,304.0,0.126,1133.0,Пустырь,-2.08,-0.568,3.621,0,2.0,4.0,4.0,0.864,1.0,2.0,1.0,1.0
H01880,43.343378378378475,77.0161911488384,Турксиб,0.294,-0.022,24.0,4386.0,0.038,0.241,320.0,0.154,1115.0,Парк/сквер,-0.676,0.021,4.888,0,1.0,2.0,2.0,0.69,1.0,1.0,1.0,1.0
H01881,43.343378378378475,77.02368928054756,Турксиб,0.402,-0.03,23.8,3488.0,0.038,0.246,230.0,0.02,1173.0,Жилая,-1.26,0.054,2.482,0,3.0,2.3333333333333335,3.0,2.176,0.6666666666666666,3.0,0.3333333333333333,0.3333333333333333
H01882,43.343378378378475,77.03118741225671,Турксиб,0.436,0.001,25.1,3080.0,0.038,0.252,307.0,0.089,1161.0,Пустырь,-2.381,-0.988,3.284,0,1.0,1.0,1.0,0.586,0.0,1.0,1.0,1.0
H01883,43.343378378378475,77.03868554396587,Турксиб,0.373,-0.016,24.5,2897.0,0.039,0.258,341.0,0.11,1152.0,Пустырь,-1.594,-1.016,4.367,0,2.0,4.5,5.0,1.302,1.0,2.0,1.0,0.0
H01884,43.343378378378475,77.04618367567502,Турксиб,0.443,-0.045,22.7,1597.0,0.04,0.264,207.0,0.028,1166.0,Жилая,-1.194,-1.088,3.61,0,3.0,3.0,4.0,1.404,0.3333333333333333,3.0,0.6666666666666666,0.3333333333333333
H01885,43.343378378378475,77.05368180738418,Турксиб,0.267,-0.032,24.0,1384.0,0.041,0.27,316.0,0.108,1189.0,Коммерческая,-0.256,0.038,4.797,0,2.0,3.5,4.0,0.828,1.0,2.0,1.0,0.0
H01886,43.343378378378475,77.06117993909334,Турксиб,0.358,-0.034,25.2,1591.0,0.042,0.276,306.0,0.02,1217.0,Пустырь,-0.925,1.363,5.527,0,17.0,3.4705882352941178,5.0,8.861,0.4117647058823529,16.0,0.9411764705882353,0.5294117647058824
H01887,43.343378378378475,77.06867807080249,Турксиб,0.411,-0.03,23.0,2368.0,0.043,0.281,283.0,0.103,1215.0,Парк/сквер,-1.432,0.212,4.345,0,3.0,1.6666666666666667,2.0,0.6619999999999999,0.6666666666666666,3.0,0.6666666666666666,0.6666666666666666
H01888,43.343378378378475,77.07617620251165,Турксиб,0.436,-0.043,21.6,2074.0,0.044,0.286,284.0,0.02,1222.0,Коммерческая,-1.632,-0.348,3.399,0,1.0,3.0,3.0,0.319,0.0,1.0,1.0,0.0
H01889,43.343378378378475,77.0836743342208,Турксиб,0.417,-0.016,25.7,2749.0,0.044,0.29,219.0,0.191,1262.0,Пустырь,-1.067,1.624,5.202,0,25.0,3.36,5.0,14.061,0.68,25.0,0.92,0.48
H01890,43.343378378378475,77.09117246592996,Турксиб,0.427,-0.043,22.8,2257.0,0.045,0.293,259.0,0.205,1215.0,Парк/сквер,-0.893,0.168,5.381,0,3.0,2.6666666666666665,5.0,1.708,1.0,3.0,1.0,0.3333333333333333
H01891,43.343378378378475,77.09867059763911,Турксиб,0.377,-0.041,23.8,911.0,0.045,0.295,361.0,0.053,1228.0,Промышленная,-1.199,0.603,4.571,0,5.0,2.8,4.0,3.6790000000000003,0.8,5.0,1.0,0.2
H01892,43.34810810810821,76.78,Алатау,0.381,-0.021,22.5,1077.0,0.046,0.318,259.0,0.155,837.0,Пустырь,-1.284,2.049,4.471,0,28.0,3.4642857142857144,5.0,12.936,0.6071428571428571,25.0,0.8928571428571429,0.6071428571428571
H01893,43.34810810810821,76.78749813170916,Алатау,0.323,-0.024,24.7,3634.0,0.048,0.322,308.0,0.02,858.0,Промышленная,-0.985,0.026,4.115,0,6.0,3.1666666666666665,5.0,3.495,0.6666666666666666,6.0,1.0,0.5
H01894,43.34810810810821,76.79499626341831,Алатау,0.342,-0.035,24.4,2895.0,0.05,0.323,243.0,0.071,893.0,Транспорт,-0.448,1.21,5.135,0,17.0,3.7058823529411766,5.0,8.959,0.7058823529411765,17.0,0.8235294117647058,0.5294117647058824
H01895,43.34810810810821,76.80249439512747,Алатау,0.306,-0.05,24.6,2586.0,0.052,0.32,262.0,0.146,888.0,Пустырь,0.365,0.923,4.753,0,14.0,3.357142857142857,5.0,5.529,0.7142857142857143,11.0,0.8571428571428571,0.7142857142857143
H01896,43.34810810810821,76.80999252683662,Алатау,0.324,-0.048,24.5,2479.0,0.055,0.316,291.0,0.088,883.0,Транспорт,-0.099,-1.357,3.847,0,2.0,3.0,3.0,1.645,1.0,2.0,0.5,1.0
H01897,43.34810810810821,76.81749065854578,Алатау,0.394,-0.038,24.0,1149.0,0.058,0.313,312.0,0.202,930.0,Пустырь,-0.792,1.747,5.832,0,14.0,3.5714285714285716,5.0,7.5809999999999995,0.6428571428571429,14.0,0.7857142857142857,0.5
H01898,43.34810810810821,76.82498879025493,Алатау,0.313,-0.01,25.2,2622.0,0.062,0.31,324.0,0.02,947.0,Коммерческая,-1.235,-1.163,3.459,0,4.0,2.75,4.0,2.171,0.5,4.0,1.0,1.0
H01899,43.34810810810821,76.83248692196409,Алатау,0.386,-0.037,24.4,3886.0,0.067,0.309,260.0,0.178,902.0,Пустырь,-0.522,0.989,5.039,0,13.0,3.769230769230769,5.0,6.2010000000000005,0.38461538461538464,13.0,1.0,0.46153846153846156
H01900,43.34810810810821,76.83998505367325,Алатау,0.28,-0.033,26.5,3857.0,0.072,0.31,248.0,0.089,931.0,Жилая,0.327,-0.132,5.027,0,1.0,5.0,5.0,0.676,1.0,1.0,1.0,1.0
H01901,43.34810810810821,76.8474831853824,Алатау,0.372,-0.051,25.5,3373.0,0.077,0.312,297.0,0.174,932.0,Жилая,0.009,-0.2,6.545,1,1.0,3.0,3.0,0.443,1.0,1.0,1.0,1.0
H01902,43.34810810810821,76.85498131709156,Алатау,0.398,-0.038,25.5,2964.0,0.082,0.314,225.0,0.076,952.0,Парк/сквер,-0.482,1.011,4.746,0,12.0,2.75,5.0,7.163,0.5833333333333334,11.0,0.6666666666666666,0.6666666666666666
H01903,43.34810810810821,76.86247944880071,Алатау,0.32,-0.018,25.7,4915.0,0.087,0.315,235.0,0.164,935.0,Парк/сквер,-0.205,0.808,6.114,0,18.0,3.3333333333333335,5.0,9.921,0.3888888888888889,17.0,0.7777777777777778,0.3333333333333333
H01904,43.34810810810821,76.86997758050987,Алатау,0.282,-0.023,26.0,3216.0,0.091,0.316,317.0,0.099,965.0,Пустырь,-0.223,1.511,5.899,0,19.0,3.263157894736842,5.0,8.531,0.3684210526315789,18.0,0.8421052631578947,0.631578947368421
H01905,43.34810810810821,76.87747571221902,Алатау,0.336,-0.014,25.1,4433.0,0.095,0.315,242.0,0.103,978.0,Транспорт,-0.672,-0.125,4.767,0,1.0,3.0,3.0,0.556,0.0,1.0,1.0,1.0
H01906,43.34810810810821,76.88497384392818,Алатау,0.312,-0.049,26.4,6714.0,0.098,0.313,310.0,0.112,945.0,Жилая,0.399,-0.195,5.095,0,2.0,3.0,3.0,0.829,0.0,2.0,1.0,0.5
H01907,43.34810810810821,76.89247197563733,Алатау,0.332,-0.025,24.0,6303.0,0.099,0.309,238.0,0.137,984.0,Парк/сквер,-0.349,0.392,4.849,0,10.0,3.4,5.0,6.062,0.8,10.0,0.9,0.6
H01908,43.34810810810821,76.89997010734649,Алатау,0.279,-0.057,24.9,3600.0,0.1,0.303,246.0,0.096,1026.0,Пустырь,0.926,1.009,6.54,1,9.0,4.111111111111111,5.0,4.8469999999999995,0.5555555555555556,9.0,1.0,0.6666666666666666
H01909,43.34810810810821,76.90746823905565,Алатау,0.342,-0.025,23.9,4753.0,0.099,0.297,267.0,0.128,1028.0,Пустырь,-0.616,0.49,4.332,0,7.0,2.7142857142857144,4.0,3.558,0.42857142857142855,7.0,0.8571428571428571,0.5714285714285714
H01910,43.34810810810821,76.9149663707648,Алатау,0.445,-0.037,25.0,4935.0,0.096,0.289,267.0,0.186,1021.0,Пустырь,-0.818,1.684,5.205,0,22.0,3.1818181818181817,5.0,10.444,0.7272727272727273,20.0,0.9090909090909091,0.7272727272727273
H01911,43.34810810810821,76.92246450247396,Алатау,0.348,-0.066,25.2,5291.0,0.092,0.28,233.0,0.149,989.0,Пустырь,0.83,1.493,6.119,0,15.0,3.6,5.0,8.368,0.4666666666666667,14.0,0.6666666666666666,0.6666666666666666
H01912,43.34810810810821,76.92996263418311,Турксиб,0.29,-0.027,24.2,6157.0,0.087,0.271,284.0,0.124,1028.0,Жилая,-0.232,-0.944,5.234,0,1.0,3.0,3.0,0.493,1.0,1.0,1.0,1.0
H01913,43.34810810810821,76.93746076589227,Турксиб,0.34,-0.035,24.6,3794.0,0.08,0.261,284.0,0.031,1035.0,Пустырь,-0.57,0.403,4.847,0,6.0,3.5,5.0,3.2880000000000003,0.6666666666666666,6.0,1.0,0.5
H01914,43.34810810810821,76.94495889760142,Турксиб,0.334,-0.014,24.2,4416.0,0.073,0.252,232.0,0.082,1038.0,Пустырь,-0.865,1.714,5.179,0,27.0,3.5185185185185186,5.0,13.219,0.6666666666666666,27.0,0.9629629629629629,0.6296296296296297
H01915,43.34810810810821,76.95245702931058,Турксиб,0.397,-0.048,24.2,4783.0,0.066,0.244,285.0,0.107,1086.0,Транспорт,-0.607,0.349,3.967,0,7.0,2.142857142857143,4.0,3.337,0.7142857142857143,7.0,0.7142857142857143,0.42857142857142855
H01916,43.34810810810821,76.95995516101974,Турксиб,0.366,-0.054,24.0,5293.0,0.059,0.237,328.0,0.102,1096.0,Жилая,-0.417,-0.431,3.881,0,3.0,3.3333333333333335,4.0,2.152,1.0,3.0,1.0,1.0
H01917,43.34810810810821,76.96745329272889,Турксиб,0.374,-0.032,21.2,3042.0,0.052,0.232,403.0,0.02,1086.0,Пустырь,-1.973,1.249,4.544,0,17.0,3.4705882352941178,5.0,8.717,0.8235294117647058,17.0,0.9411764705882353,0.7058823529411765
H01918,43.34810810810821,76.97495142443805,Турксиб,0.322,-0.025,24.4,3135.0,0.046,0.228,276.0,0.121,1091.0,Жилая,-0.627,-0.348,4.42,0,2.0,3.5,5.0,1.296,0.5,2.0,1.0,0.5
H01919,43.34810810810821,76.9824495561472,Турксиб,0.359,-0.034,24.6,4676.0,0.042,0.226,337.0,0.103,1094.0,Парк/сквер,-0.936,-0.743,4.769,0,2.0,4.0,5.0,1.205,0.5,2.0,1.0,1.0
H01920,43.34810810810821,76.98994768785636,Турксиб,0.345,-0.042,23.6,2697.0,0.038,0.226,305.0,0.082,1070.0,Пустырь,-0.671,1.888,5.676,0,24.0,3.4166666666666665,5.0,12.84,0.5416666666666666,23.0,0.7083333333333334,0.7083333333333334
H01921,43.34810810810821,76.99744581956551,Турксиб,0.376,-0.011,26.3,2138.0,0.035,0.228,311.0,0.078,1117.0,Парк/сквер,-1.473,1.081,5.166,0,15.0,3.2666666666666666,5.0,9.601,0.7333333333333333,14.0,0.8,0.6666666666666666
H01922,43.34810810810821,77.00494395127467,Турксиб,0.297,-0.015,25.4,3321.0,0.034,0.231,379.0,0.065,1117.0,Жилая,-1.172,-0.412,4.461,0,0.0,0.0,0.0,0.0,0.0,0.0,0.0,0.0
H01923,43.34810810810821,77.01244208298382,Турксиб,0.35,-0.04,25.1,3089.0,0.033,0.236,272.0,0.155,1095.0,Парк/сквер,-0.291,-0.001,4.395,0,2.0,4.0,4.0,0.802,1.0,2.0,1.0,0.0
H01924,43.34810810810821,77.01994021469298,Турксиб,0.39,-0.028,23.5,3201.0,0.033,0.242,274.0,0.052,1145.0,Парк/сквер,-1.377,-0.974,3.829,0,2.0,3.5,4.0,1.0990000000000002,0.0,2.0,1.0,0.5
H01925,43.34810810810821,77.02743834640214,Турксиб,0.401,-0.018,22.9,3959.0,0.034,0.248,324.0,0.068,1132.0,Пустырь,-1.987,0.939,4.967,0,9.0,3.3333333333333335,5.0,3.944,0.5555555555555556,9.0,1.0,0.7777777777777778
H01926,43.34810810810821,77.03493647811129,Турксиб,0.388,-0.03,23.4,2767.0,0.036,0.255,284.0,0.165,1148.0,Пустырь,-1.105,-0.021,3.682,0,1.0,4.0,4.0,0.499,0.0,1.0,1.0,0.0
H01927,43.34810810810821,77.04243460982045,Турксиб,0.316,-0.045,23.6,1553.0,0.037,0.262,280.0,0.061,1156.0,Парк/сквер,-0.298,-0.984,3.791,0,3.0,2.6666666666666665,4.0,1.768,0.6666666666666666,3.0,0.6666666666666666,0.0
H01928,43.34810810810821,77.0499327415296,Турксиб,0.36,-0.045,22.6,2691.0,0.039,0.268,350.0,0.02,1172.0,Парк/сквер,-1.164,-0.496,3.79,0,0.0,0.0,0.0,0.0,0.0,0.0,0.0,0.0
H01929,43.34810810810821,77.05743087323876,Турксиб,0.469,-0.036,21.4,1004.0,0.04,0.275,394.0,0.074,1148.0,Пустырь,-2.459,0.3,3.577,0,2.0,3.0,3.0,0.552,0.5,2.0,1.0,0.5
H01930,43.34810810810821,77.06492900494791,Турксиб,0.309,-0.038,23.3,1967.0,0.042,0.28,284.0,0.121,1165.0,Пустырь,-0.339,0.072,4.444,0,4.0,2.75,3.0,2.854,1.0,4.0,1.0,0.75
H01931,43.34810810810821,77.07242713665707,Турксиб,0.372,-0.043,25.6,2922.0,0.043,0.286,307.0,0.13,1197.0,Пустырь,-0.489,1.365,6.359,0,19.0,3.526315789473684,5.0,9.158,0.631578947368421,18.0,0.7368421052631579,0.7894736842105263
H01932,43.34810810810821,77.07992526836622,Турксиб,0.406,-0.023,22.0,1615.0,0.044,0.29,263.0,0.082,1242.0,Пустырь,-1.67,-0.755,3.424,0,2.0,3.0,4.0,0.971,1.0,2.0,0.5,1.0
H01933,43.34810810810821,77.08742340007538,Турксиб,0.402,-0.043,22.8,4764.0,0.045,0.293,236.0,0.122,1197.0,Жилая,-0.79,-0.279,3.984,0,0.0,0.0,0.0,0.0,0.0,0.0,0.0,0.0
H01934,43.34810810810821,77.09492153178454,Турксиб,0.301,-0.037,22.7,2575.0,0.045,0.296,336.0,0.187,1194.0,Пустырь,-0.43,1.051,4.551,0,14.0,3.0714285714285716,5.0,7.397,0.5714285714285714,14.0,0.7857142857142857,0.6428571428571429
H01935,43.35283783783794,76.78374906585458,Алатау,0.39,-0.04,24.4,2468.0,0.046,0.326,261.0,0.114,898.0,Пустырь,-0.684,0.003,4.997,0,1.0,5.0,5.0,0.828,1.0,1.0,1.0,1.0
H01936,43.35283783783794,76.79124719756373,Алатау,0.362,-0.028,25.0,2733.0,0.047,0.328,323.0,0.072,860.0,Пустырь,-1.085,0.824,5.166,0,15.0,3.6666666666666665,5.0,6.046,0.6666666666666666,15.0,0.8,0.5333333333333333
H01937,43.35283783783794,76.79874532927289,Алатау,0.332,-0.023,25.3,3902.0,0.049,0.326,290.0,0.032,863.0,Пустырь,-0.89,-0.273,4.464,0,7.0,3.4285714285714284,5.0,3.6959999999999997,0.7142857142857143,7.0,1.0,0.7142857142857143
H01938,43.35283783783794,76.80624346098205,Алатау,0.402,-0.05,22.4,3123.0,0.051,0.321,281.0,0.097,885.0,Парк/сквер,-0.859,-0.159,3.974,0,1.0,5.0,5.0,0.675,1.0,1.0,1.0,1.0
H01939,43.35283783783794,76.8137415926912,Алатау,0.294,-0.041,24.5,3917.0,0.053,0.315,242.0,0.158,864.0,Транспорт,0.298,-0.771,3.886,0,2.0,2.5,3.0,0.8800000000000001,0.5,2.0,1.0,1.0
H01940,43.35283783783794,76.82123972440036,Алатау,0.311,-0.054,24.8,2071.0,0.056,0.31,261.0,0.085,893.0,Парк/сквер,0.339,0.924,5.575,0,13.0,3.3846153846153846,5.0,7.051,0.6153846153846154,13.0,0.9230769230769231,0.6923076923076923
H01941,43.35283783783794,76.82873785610951,Алатау,0.361,-0.034,26.9,2866.0,0.06,0.306,196.0,0.063,889.0,Пустырь,-0.121,1.415,3.851,0,22.0,3.1363636363636362,5.0,11.022,0.45454545454545453,20.0,0.8636363636363636,0.5909090909090909
H01942,43.35283783783794,76.83623598781867,Алатау,0.364,-0.07,25.5,3960.0,0.063,0.304,280.0,0.081,888.0,Пустырь,0.382,2.038,6.532,1,24.0,4.208333333333333,5.0,11.248,0.5416666666666666,24.0,0.9166666666666666,0.7916666666666666
H01943,43.35283783783794,76.84373411952782,Алатау,0.329,-0.023,23.0,3562.0,0.067,0.304,313.0,0.167,912.0,Парк/сквер,-0.878,-0.093,3.923,0,1.0,3.0,3.0,0.696,1.0,1.0,1.0,1.0
H01944,43.35283783783794,76.85123225123698,Алатау,0.356,-0.043,26.3,4960.0,0.071,0.305,232.0,0.119,922.0,Парк/сквер,0.11,-0.239,5.644,0,2.0,4.5,5.0,1.048,0.5,2.0,1.0,0.5
H01945,43.35283783783794,76.85873038294613,Алатау,0.361,-0.035,25.4,4345.0,0.075,0.305,256.0,0.057,951.0,Пустырь,-0.496,1.464,5.633,0,23.0,3.6956521739130435,5.0,11.65,0.7391304347826086,23.0,0.8695652173913043,0.5652173913043478
H01946,43.35283783783794,76.86622851465529,Алатау,0.394,-0.016,24.2,2475.0,0.078,0.305,312.0,0.155,928.0,Пустырь,-1.402,-0.79,4.066,0,1.0,2.0,2.0,0.723,1.0,1.0,0.0,0.0
H01947,43.35283783783794,76.87372664636445,Алатау,0.355,-0.031,26.5,3993.0,0.081,0.304,344.0,0.145,962.0,Промышленная,-0.543,0.827,5.432,0,21.0,3.380952380952381,5.0,10.859,0.5714285714285714,19.0,0.7619047619047619,0.5238095238095238
H01948,43.35283783783794,76.8812247780736,Алатау,0.264,-0.042,25.7,3568.0,0.083,0.302,255.0,0.166,940.0,Жилая,0.806,0.908,7.001,1,11.0,3.5454545454545454,5.0,5.131,0.8181818181818182,11.0,0.8181818181818182,0.5454545454545454
H01949,43.35283783783794,76.88872290978276,Алатау,0.279,-0.054,26.5,3088.0,0.084,0.298,354.0,0.206,972.0,Пустырь,0.796,1.448,6.007,0,17.0,3.8823529411764706,5.0,10.003,0.7647058823529411,16.0,0.7647058823529411,0.5882352941176471
H01950,43.35283783783794,76.89622104149191,Алатау,0.309,-0.041,25.9,3877.0,0.085,0.293,256.0,0.116,985.0,Пустырь,0.305,-0.326,5.008,0,1.0,3.0,3.0,0.497,1.0,1.0,1.0,0.0
H01951,43.35283783783794,76.90371917320107,Алатау,0.369,-0.04,25.9,4941.0,0.084,0.287,332.0,0.103,1012.0,Транспорт,-0.524,-0.573,3.591,0,2.0,3.0,3.0,0.94,1.0,2.0,0.5,0.5
H01952,43.35283783783794,76.91121730491022,Алатау,0.273,-0.021,25.8,3293.0,0.081,0.28,327.0,0.104,1004.0,Пустырь,-0.29,1.747,6.503,1,22.0,3.772727272727273,5.0,11.544,0.5909090909090909,17.0,0.9090909090909091,0.7727272727272727
H01953,43.35283783783794,76.91871543661938,Алатау,0.305,-0.06,26.1,4915.0,0.078,0.271,275.0,0.101,1021.0,Пустырь,0.774,0.284,5.329,0,5.0,3.4,5.0,3.477,0.8,5.0,1.0,0.4
H01954,43.35283783783794,76.92621356832854,Турксиб,0.289,-0.036,25.9,5382.0,0.073,0.263,246.0,0.026,974.0,Пустырь,0.128,1.853,6.29,0,33.0,3.757575757575758,5.0,17.829,0.6363636363636364,33.0,0.7878787878787878,0.696969696969697
H01955,43.35283783783794,76.93371170003769,Турксиб,0.308,-0.02,24.3,4797.0,0.068,0.254,305.0,0.084,1039.0,Пустырь,-0.804,0.107,4.563,0,3.0,3.6666666666666665,4.0,1.303,0.6666666666666666,3.0,1.0,1.0
H01956,43.35283783783794,76.94120983174685,Турксиб,0.315,-0.047,22.9,3894.0,0.061,0.246,285.0,0.094,1028.0,Промышленная,-0.18,0.824,4.969,0,9.0,3.3333333333333335,4.0,4.81,0.4444444444444444,8.0,1.0,0.7777777777777778
H01957,43.35283783783794,76.948707963456,Турксиб,0.404,-0.047,26.3,3356.0,0.055,0.238,345.0,0.13,1030.0,Пустырь,-0.649,0.493,3.873,0,13.0,3.3076923076923075,5.0,7.116,0.6153846153846154,13.0,0.7692307692307693,0.5384615384615384
H01958,43.35283783783794,76.95620609516516,Турксиб,0.31,-0.035,26.6,5282.0,0.049,0.231,341.0,0.142,1042.0,Пустырь,-0.174,-0.684,4.571,0,1.0,3.0,3.0,0.549,1.0,1.0,1.0,1.0
H01959,43.35283783783794,76.96370422687431,Турксиб,0.334,-0.028,23.9,3613.0,0.043,0.226,322.0,0.182,1049.0,Коммерческая,-0.745,1.186,5.657,0,13.0,4.153846153846154,5.0,6.844,0.6153846153846154,13.0,0.7692307692307693,0.6923076923076923
H01960,43.35283783783794,76.97120235858347,Турксиб,0.331,-0.048,24.1,3233.0,0.038,0.223,299.0,0.141,1081.0,Транспорт,-0.181,-0.408,4.094,0,4.0,3.25,5.0,2.529,0.75,4.0,0.75,0.5
H01961,43.35283783783794,76.97870049029262,Турксиб,0.353,-0.019,25.3,4016.0,0.034,0.221,312.0,0.158,1066.0,Пустырь,-1.023,1.46,4.446,0,21.0,3.5714285714285716,5.0,11.426,0.6666666666666666,19.0,0.9523809523809523,0.8571428571428571
H01962,43.35283783783794,76.98619862200178,Турксиб,0.311,-0.036,22.7,5748.0,0.031,0.221,316.0,0.093,1072.0,Пустырь,-0.738,1.615,4.8,0,35.0,3.5142857142857142,5.0,19.14,0.6857142857142857,31.0,0.8857142857142857,0.6
H01963,43.35283783783794,76.99369675371094,Турксиб,0.369,-0.028,23.6,4076.0,0.029,0.223,261.0,0.089,1106.0,Транспорт,-1.075,-0.065,3.934,0,1.0,3.0,3.0,0.168,0.0,1.0,1.0,0.0
H01964,43.35283783783794,77.00119488542009,Турксиб,0.388,-0.011,24.0,2624.0,0.028,0.226,349.0,0.091,1092.0,Пустырь,-2.008,-0.813,3.296,0,4.0,1.25,2.0,2.2889999999999997,0.5,4.0,0.5,0.75
H01965,43.35283783783794,77.00869301712925,Турксиб,0.309,-0.053,23.9,3467.0,0.028,0.231,252.0,0.122,1149.0,Пустырь,0.239,0.641,4.71,0,13.0,2.6923076923076925,5.0,5.61,0.7692307692307693,13.0,0.7692307692307693,0.5384615384615384
H01966,43.35283783783794,77.0161911488384,Турксиб,0.432,-0.046,24.1,3826.0,0.029,0.237,320.0,0.059,1145.0,Пустырь,-1.343,0.233,4.123,0,6.0,2.8333333333333335,5.0,4.348,0.8333333333333334,5.0,0.6666666666666666,0.6666666666666666
H01967,43.35283783783794,77.02368928054756,Турксиб,0.386,-0.037,23.4,3274.0,0.03,0.244,367.0,0.17,1107.0,Пустырь,-1.22,0.174,3.704,0,5.0,2.6,4.0,3.24,0.6,5.0,1.0,1.0
H01968,43.35283783783794,77.03118741225671,Турксиб,0.392,-0.054,25.1,304.0,0.032,0.251,395.0,0.098,1103.0,Коммерческая,-0.878,1.374,5.578,0,10.0,4.1,5.0,5.605,0.8,10.0,1.0,0.7
H01969,43.35283783783794,77.03868554396587,Турксиб,0.28,-0.025,23.8,1876.0,0.034,0.258,264.0,0.02,1156.0,Коммерческая,-0.608,-0.145,4.508,0,1.0,3.0,3.0,0.556,1.0,1.0,1.0,1.0
H01970,43.35283783783794,77.04618367567502,Турксиб,0.372,-0.027,23.7,2567.0,0.036,0.266,290.0,0.105,1144.0,Пустырь,-1.168,1.397,5.886,0,21.0,4.095238095238095,5.0,11.303,0.6190476190476191,21.0,0.8571428571428571,0.7619047619047619
H01971,43.35283783783794,77.05368180738418,Турксиб,0.364,-0.028,25.5,3713.0,0.038,0.273,284.0,0.02,1162.0,Пустырь,-1.035,2.544,5.898,0,38.0,3.736842105263158,5.0,19.185,0.631578947368421,33.0,0.7368421052631579,0.5789473684210527
H01972,43.35283783783794,77.06117993909334,Турксиб,0.389,-0.035,24.2,3131.0,0.04,0.279,222.0,0.086,1161.0,Пустырь,-0.782,0.587,4.342,0,13.0,3.4615384615384617,5.0,7.659,0.23076923076923078,13.0,0.7692307692307693,0.9230769230769231
H01973,43.35283783783794,77.06867807080249,Турксиб,0.384,-0.026,24.2,1407.0,0.042,0.285,283.0,0.172,1164.0,Транспорт,-1.032,1.696,4.793,0,17.0,3.5294117647058822,5.0,7.332,0.7647058823529411,16.0,0.9411764705882353,0.5294117647058824
H01974,43.35283783783794,77.07617620251165,Турксиб,0.37,-0.041,23.7,3765.0,0.043,0.289,306.0,0.02,1177.0,Жилая,-0.992,-0.319,3.834,0,1.0,3.0,3.0,0.329,1.0,1.0,1.0,1.0
H01975,43.35283783783794,77.0836743342208,Турксиб,0.351,-0.021,23.6,1093.0,0.044,0.293,316.0,0.065,1202.0,Парк/сквер,-1.37,-1.201,3.273,0,4.0,2.5,3.0,1.649,0.5,4.0,1.0,0.75
H01976,43.35283783783794,77.09117246592996,Турксиб,0.36,-0.029,25.1,2168.0,0.045,0.296,266.0,0.122,1210.0,Пустырь,-0.676,0.149,4.785,0,4.0,4.25,5.0,3.0620000000000003,1.0,4.0,1.0,0.75
H01977,43.35283783783794,77.09867059763911,Турксиб,0.423,-0.043,24.3,1390.0,0.045,0.298,240.0,0.115,1199.0,Пустырь,-0.799,1.132,4.464,0,14.0,2.7857142857142856,5.0,7.016,0.5,13.0,0.8571428571428571,0.7857142857142857
H01978,43.35756756756767,76.78,Алатау,0.316,-0.036,23.4,1314.0,0.044,0.328,223.0,0.083,821.0,Пустырь,-0.269,0.058,5.029,0,2.0,3.5,5.0,0.852,0.5,2.0,1.0,1.0
H01979,43.35756756756767,76.78749813170916,Алатау,0.353,0.006,22.9,1202.0,0.045,0.331,285.0,0.156,826.0,Парк/сквер,-1.883,0.405,4.615,0,3.0,3.6666666666666665,4.0,1.706,0.3333333333333333,3.0,1.0,1.0
H01980,43.35756756756767,76.79499626341831,Алатау,0.301,-0.029,23.7,1892.0,0.046,0.33,268.0,0.078,884.0,Пустырь,-0.515,2.554,5.471,0,11.0,3.727272727272727,5.0,6.72,0.5454545454545454,11.0,0.8181818181818182,0.9090909090909091
H01981,43.35756756756767,76.80249439512747,Алатау,0.311,-0.048,24.6,3582.0,0.048,0.325,224.0,0.082,852.0,Пустырь,0.253,0.327,5.526,0,7.0,3.7142857142857144,5.0,3.863,0.42857142857142855,7.0,1.0,0.7142857142857143
H01982,43.35756756756767,76.80999252683662,Алатау,0.402,-0.009,25.8,2147.0,0.05,0.318,229.0,0.067,910.0,Парк/сквер,-1.438,-0.399,3.597,0,0.0,0.0,0.0,0.0,0.0,0.0,0.0,0.0
H01983,43.35756756756767,76.81749065854578,Алатау,0.276,-0.015,25.6,2598.0,0.052,0.31,301.0,0.126,885.0,Промышленная,-0.469,0.186,5.167,0,3.0,2.3333333333333335,3.0,1.657,1.0,3.0,0.6666666666666666,0.3333333333333333
H01984,43.35756756756767,76.82498879025493,Алатау,0.394,-0.054,23.8,2047.0,0.054,0.304,263.0,0.148,868.0,Транспорт,-0.326,-0.428,4.557,0,1.0,4.0,4.0,0.556,1.0,1.0,1.0,0.0
H01985,43.35756756756767,76.83248692196409,Алатау,0.314,-0.034,25.1,2567.0,0.057,0.3,291.0,0.126,931.0,Пустырь,-0.23,0.757,4.896,0,7.0,3.142857142857143,4.0,4.042,0.7142857142857143,7.0,0.42857142857142855,0.7142857142857143
H01986,43.35756756756767,76.83998505367325,Алатау,0.384,-0.046,25.4,3160.0,0.06,0.298,310.0,0.104,885.0,Парк/сквер,-0.531,0.331,5.829,0,2.0,1.5,2.0,1.1800000000000002,0.5,2.0,0.5,0.0
H01987,43.35756756756767,76.8474831853824,Алатау,0.444,-0.037,23.9,4088.0,0.063,0.297,265.0,0.107,864.0,Жилая,-1.231,-0.013,4.574,0,2.0,3.0,3.0,0.7060000000000001,0.0,2.0,0.5,1.0
H01988,43.35756756756767,76.85498131709156,Алатау,0.409,-0.036,21.5,2897.0,0.065,0.297,256.0,0.182,925.0,Пустырь,-1.063,1.067,4.758,0,15.0,3.6666666666666665,5.0,7.381,0.5333333333333333,13.0,0.8666666666666667,0.5333333333333333
H01989,43.35756756756767,76.86247944880071,Алатау,0.322,-0.032,24.7,4294.0,0.068,0.297,256.0,0.066,904.0,Пустырь,-0.362,0.719,5.347,0,9.0,3.6666666666666665,5.0,5.662,0.6666666666666666,9.0,1.0,0.5555555555555556
H01990,43.35756756756767,76.86997758050987,Алатау,0.31,-0.026,23.1,4535.0,0.07,0.295,269.0,0.179,916.0,Пустырь,-0.397,1.569,5.343,0,14.0,3.357142857142857,5.0,7.03,0.5,13.0,0.8571428571428571,0.5714285714285714
H01991,43.35756756756767,76.87747571221902,Алатау,0.364,-0.039,25.6,3879.0,0.072,0.293,286.0,0.084,953.0,Промышленная,-0.431,0.097,5.464,0,4.0,3.75,4.0,2.557,1.0,4.0,0.75,1.0
H01992,43.35756756756767,76.88497384392818,Алатау,0.295,-0.048,26.0,3260.0,0.073,0.29,273.0,0.163,947.0,Транспорт,0.642,-0.732,5.873,0,3.0,4.666666666666667,5.0,1.913,0.3333333333333333,3.0,1.0,0.0
H01993,43.35756756756767,76.89247197563733,Алатау,0.294,-0.036,25.4,4051.0,0.073,0.285,240.0,0.039,945.0,Коммерческая,0.079,1.024,4.246,0,20.0,2.9,5.0,11.685,0.8,18.0,0.9,0.55
H01994,43.35756756756767,76.89997010734649,Алатау,0.269,-0.046,24.7,4508.0,0.072,0.279,293.0,0.093,960.0,Пустырь,0.371,0.482,5.565,0,8.0,3.625,5.0,3.344,0.5,8.0,0.75,0.625
H01995,43.35756756756767,76.90746823905565,Алатау,0.365,-0.028,23.2,3786.0,0.069,0.272,314.0,0.091,977.0,Коммерческая,-1.164,-0.388,5.157,0,5.0,3.0,4.0,2.768,1.0,5.0,1.0,1.0
H01996,43.35756756756767,76.9149663707648,Алатау,0.305,-0.024,24.9,4170.0,0.066,0.265,331.0,0.125,991.0,Парк/сквер,-0.589,-0.689,4.167,0,0.0,0.0,0.0,0.0,0.0,0.0,0.0,0.0
H01997,43.35756756756767,76.92246450247396,Алатау,0.303,-0.039,25.0,4994.0,0.062,0.256,246.0,0.157,1001.0,Жилая,0.241,-1.561,4.379,0,2.0,3.5,4.0,1.369,0.5,2.0,1.0,1.0
H01998,43.35756756756767,76.92996263418311,Турксиб,0.357,-0.033,23.8,3587.0,0.057,0.248,310.0,0.13,1032.0,Парк/сквер,-0.831,0.237,4.603,0,2.0,4.0,4.0,0.7510000000000001,0.0,2.0,0.5,1.0
H01999,43.35756756756767,76.93746076589227,Турксиб,0.377,-0.03,25.1,5995.0,0.052,0.24,349.0,0.112,979.0,Жилая,-1.111,-0.433,2.695,0,3.0,2.6666666666666665,4.0,1.565,0.6666666666666666,3.0,1.0,0.3333333333333333
H02000,43.35756756756767,76.94495889760142,Турксиб,0.357,-0.023,24.5,3828.0,0.046,0.233,326.0,0.13,1029.0,Пустырь,-1.119,0.74,5.546,0,18.0,3.8333333333333335,5.0,9.975,0.7222222222222222,17.0,0.8333333333333334,0.8333333333333334
H02001,43.35756756756767,76.95245702931058,Турксиб,0.344,-0.051,25.0,3436.0,0.04,0.227,315.0,0.152,1046.0,Пустырь,-0.093,1.806,6.625,1,17.0,4.0,5.0,9.891,0.5294117647058824,17.0,0.9411764705882353,0.6470588235294118
H02002,43.35756756756767,76.95995516101974,Турксиб,0.327,-0.038,20.3,4581.0,0.035,0.221,354.0,0.054,1011.0,Промышленная,-1.321,1.012,5.049,0,12.0,3.4166666666666665,5.0,6.739,0.6666666666666666,12.0,0.8333333333333334,0.6666666666666666
H02003,43.35756756756767,76.96745329272889,Турксиб,0.363,-0.02,22.1,4180.0,0.031,0.218,274.0,0.127,1029.0,Пустырь,-1.4,-0.309,2.28,0,2.0,2.0,2.0,0.9670000000000001,0.0,2.0,1.0,0.0
H02004,43.35756756756767,76.97495142443805,Турксиб,0.306,-0.037,23.3,2476.0,0.027,0.216,298.0,0.071,1060.0,Пустырь,-0.576,0.183,5.606,0,6.0,3.5,5.0,3.191,0.6666666666666666,6.0,0.8333333333333334,0.8333333333333334
H02005,43.35756756756767,76.9824495561472,Турксиб,0.287,-0.026,25.7,2251.0,0.025,0.216,341.0,0.126,1061.0,Пустырь,-0.486,1.055,5.394,0,13.0,3.6153846153846154,5.0,5.8950000000000005,0.6153846153846154,9.0,0.7692307692307693,0.6153846153846154
H02006,43.35756756756767,76.98994768785636,Турксиб,0.33,-0.06,23.9,3444.0,0.023,0.218,369.0,0.095,1045.0,Пустырь,-0.295,2.068,5.574,0,20.0,3.55,5.0,10.878,0.45,18.0,0.95,0.5
H02007,43.35756756756767,76.99744581956551,Турксиб,0.338,-0.017,24.5,4147.0,0.023,0.222,361.0,0.151,1065.0,Жилая,-1.319,0.252,5.52,0,3.0,4.333333333333333,5.0,1.258,0.6666666666666666,3.0,1.0,0.3333333333333333
H02008,43.35756756756767,77.00494395127467,Турксиб,0.273,-0.046,25.2,4516.0,0.023,0.227,337.0,0.106,1085.0,Жилая,0.074,0.122,4.413,0,1.0,2.0,2.0,0.711,0.0,1.0,1.0,0.0
H02009,43.35756756756767,77.01244208298382,Турксиб,0.387,-0.022,24.8,1873.0,0.024,0.233,276.0,0.02,1135.0,Пустырь,-1.486,2.351,4.916,0,28.0,3.357142857142857,5.0,13.870000000000001,0.4642857142857143,24.0,1.0,0.5
H02010,43.35756756756767,77.01994021469298,Турксиб,0.48,-0.035,23.3,3401.0,0.026,0.24,285.0,0.105,1101.0,Пустырь,-1.88,0.486,3.577,0,8.0,2.5,4.0,3.728,0.625,8.0,0.75,0.625
H02011,43.35756756756767,77.02743834640214,Турксиб,0.413,-0.037,25.4,2544.0,0.029,0.247,260.0,0.08,1149.0,Транспорт,-0.964,1.104,4.873,0,15.0,3.6666666666666665,5.0,7.791,0.4666666666666667,13.0,0.8666666666666667,0.6666666666666666
H02012,43.35756756756767,77.03493647811129,Турксиб,0.38,-0.028,25.0,2211.0,0.031,0.255,315.0,0.045,1123.0,Пустырь,-1.327,0.681,5.463,0,7.0,3.142857142857143,5.0,3.6799999999999997,0.7142857142857143,7.0,0.8571428571428571,0.5714285714285714
H02013,43.35756756756767,77.04243460982045,Турксиб,0.34,-0.059,24.2,1114.0,0.034,0.263,422.0,0.099,1116.0,Пустырь,-0.527,0.474,3.964,0,5.0,2.8,4.0,2.558,0.6,5.0,0.8,0.6
H02014,43.35756756756767,77.0499327415296,Турксиб,0.392,-0.029,23.5,1490.0,0.036,0.27,273.0,0.07,1149.0,Парк/сквер,-1.327,-0.552,3.545,0,0.0,0.0,0.0,0.0,0.0,0.0,0.0,0.0
H02015,43.35756756756767,77.05743087323876,Турксиб,0.383,-0.073,23.0,3419.0,0.039,0.277,284.0,0.061,1163.0,Пустырь,-0.144,1.96,5.568,0,21.0,3.7142857142857144,5.0,10.43,0.5714285714285714,19.0,0.9523809523809523,0.6190476190476191
H02016,43.35756756756767,77.06492900494791,Турксиб,0.33,0.011,25.0,3145.0,0.041,0.283,318.0,0.102,1184.0,Пустырь,-1.834,-0.144,3.261,0,3.0,2.6666666666666665,3.0,2.134,0.6666666666666666,3.0,0.6666666666666666,0.6666666666666666
H02017,43.35756756756767,77.07242713665707,Турксиб,0.33,-0.004,24.7,3282.0,0.042,0.288,259.0,0.073,1168.0,Пустырь,-1.277,0.396,4.577,0,3.0,2.6666666666666665,4.0,0.844,0.6666666666666666,3.0,1.0,0.3333333333333333
H02018,43.35756756756767,77.07992526836622,Турксиб,0.266,-0.048,25.4,1122.0,0.044,0.293,266.0,0.117,1161.0,Пустырь,0.612,-0.455,5.085,0,4.0,4.0,5.0,1.828,0.25,4.0,0.75,0.75
H02019,43.35756756756767,77.08742340007538,Турксиб,0.331,0.002,24.9,548.0,0.045,0.296,251.0,0.023,1158.0,Коммерческая,-1.518,0.093,4.009,0,4.0,2.25,3.0,2.328,0.75,4.0,1.0,0.5
H02020,43.35756756756767,77.09492153178454,Турксиб,0.368,-0.035,23.7,2891.0,0.045,0.298,314.0,0.107,1192.0,Пустырь,-0.97,1.589,5.294,0,27.0,3.888888888888889,5.0,12.008000000000001,0.6666666666666666,25.0,0.8148148148148148,0.7407407407407407
H02021,43.3622972972974,76.78374906585458,Алатау,0.362,-0.032,26.5,3657.0,0.044,0.331,375.0,0.119,830.0,Жилая,-0.895,0.817,5.418,0,11.0,3.3636363636363638,5.0,6.398,0.8181818181818182,11.0,1.0,0.45454545454545453
H02022,43.3622972972974,76.79124719756373,Алатау,0.388,-0.071,24.9,3467.0,0.045,0.331,296.0,0.054,873.0,Пустырь,-0.052,0.715,4.379,0,13.0,2.8461538461538463,4.0,7.521,0.6153846153846154,9.0,1.0,0.38461538461538464
H02023,43.3622972972974,76.79874532927289,Алатау,0.341,-0.027,25.4,3355.0,0.046,0.327,244.0,0.125,806.0,Промышленная,-0.446,-0.095,4.547,0,2.0,1.5,2.0,1.257,0.5,2.0,1.0,0.5
H02024,43.3622972972974,76.80624346098205,Алатау,0.336,-0.042,23.7,3865.0,0.047,0.32,309.0,0.11,833.0,Промышленная,-0.492,0.649,5.661,0,7.0,3.4285714285714284,5.0,3.746,0.7142857142857143,7.0,0.8571428571428571,0.7142857142857143
H02025,43.3622972972974,76.8137415926912,Алатау,0.349,-0.044,24.3,1794.0,0.049,0.311,244.0,0.033,876.0,Жилая,-0.385,-0.943,3.26,0,4.0,3.25,4.0,1.883,0.75,4.0,1.0,0.75
H02026,43.3622972972974,76.82123972440036,Алатау,0.37,0.0,24.0,2688.0,0.05,0.304,213.0,0.173,862.0,Транспорт,-1.35,-1.347,3.295,0,1.0,2.0,2.0,0.338,0.0,1.0,1.0,1.0
H02027,43.3622972972974,76.82873785610951,Алатау,0.357,-0.057,24.9,2879.0,0.052,0.298,277.0,0.091,870.0,Пустырь,-0.009,-1.058,3.976,0,0.0,0.0,0.0,0.0,0.0,0.0,0.0,0.0
H02028,43.3622972972974,76.83623598781867,Алатау,0.385,-0.018,22.6,2791.0,0.054,0.294,360.0,0.031,903.0,Пустырь,-2.055,1.086,4.683,0,11.0,3.5454545454545454,5.0,6.186,0.6363636363636364,11.0,0.9090909090909091,0.7272727272727273
H02029,43.3622972972974,76.84373411952782,Алатау,0.273,-0.015,26.1,3731.0,0.056,0.291,308.0,0.065,905.0,Жилая,-0.538,-1.035,3.072,0,4.0,3.0,4.0,1.791,0.5,4.0,1.0,0.5
H02030,43.3622972972974,76.85123225123698,Алатау,0.289,-0.016,24.3,3212.0,0.058,0.29,245.0,0.154,881.0,Промышленная,-0.372,0.732,5.535,0,6.0,3.6666666666666665,5.0,3.017,0.5,6.0,0.6666666666666666,1.0
H02031,43.3622972972974,76.85873038294613,Алатау,0.34,-0.015,24.4,2446.0,0.06,0.289,283.0,0.03,911.0,Парк/сквер,-1.242,-0.977,4.436,0,4.0,3.5,5.0,1.715,0.75,4.0,0.75,0.75
H02032,43.3622972972974,76.86622851465529,Алатау,0.335,-0.034,24.2,3897.0,0.062,0.288,215.0,0.115,919.0,Пустырь,-0.213,0.465,5.467,0,7.0,3.4285714285714284,5.0,4.182,0.8571428571428571,7.0,0.8571428571428571,0.7142857142857143
H02033,43.3622972972974,76.87372664636445,Алатау,0.318,-0.035,25.7,3183.0,0.063,0.286,319.0,0.131,898.0,Пустырь,-0.243,0.832,6.909,1,17.0,3.4705882352941178,5.0,8.598,0.5882352941176471,16.0,0.9411764705882353,0.5294117647058824
H02034,43.3622972972974,76.8812247780736,Алатау,0.229,-0.046,25.2,3435.0,0.064,0.283,263.0,0.091,939.0,Парк/сквер,0.843,-1.236,5.479,0,0.0,0.0,0.0,0.0,0.0,0.0,0.0,0.0
H02035,43.3622972972974,76.88872290978276,Алатау,0.316,-0.032,25.8,3128.0,0.063,0.278,256.0,0.02,952.0,Пустырь,-0.293,1.083,6.358,0,14.0,3.9285714285714284,5.0,8.244,0.6428571428571429,14.0,0.9285714285714286,0.5714285714285714
H02036,43.3622972972974,76.89622104149191,Алатау,0.334,-0.051,25.7,2748.0,0.062,0.273,343.0,0.031,936.0,Пустырь,-0.26,0.605,5.392,0,8.0,3.25,5.0,4.408,1.0,8.0,1.0,0.75
H02037,43.3622972972974,76.90371917320107,Алатау,0.268,-0.053,25.6,3994.0,0.06,0.267,247.0,0.126,946.0,Пустырь,0.92,1.37,6.163,0,19.0,4.0,5.0,9.206,0.6842105263157895,18.0,0.7894736842105263,0.631578947368421
H02038,43.3622972972974,76.91121730491022,Алатау,0.379,-0.028,22.7,4729.0,0.057,0.259,324.0,0.184,1002.0,Жилая,-1.202,-0.172,4.662,0,1.0,2.0,2.0,0.334,0.0,1.0,1.0,1.0
H02039,43.3622972972974,76.91871543661938,Алатау,0.324,-0.045,26.6,3728.0,0.054,0.252,309.0,0.172,950.0,Жилая,0.219,0.442,5.828,0,5.0,3.0,4.0,1.934,0.4,5.0,1.0,0.8
H02040,43.3622972972974,76.92621356832854,Турксиб,0.305,-0.04,25.3,4126.0,0.049,0.244,323.0,0.076,979.0,Пустырь,-0.243,0.295,5.527,0,4.0,3.25,4.0,2.27,0.75,4.0,0.5,1.0
H02041,43.3622972972974,76.93371170003769,Турксиб,0.307,-0.047,25.2,5065.0,0.044,0.236,327.0,0.123,975.0,Пустырь,-0.011,0.989,6.231,0,14.0,3.2142857142857144,4.0,8.369,0.7142857142857143,14.0,0.8571428571428571,0.7857142857142857
H02042,43.3622972972974,76.94120983174685,Турксиб,0.331,-0.014,24.5,3271.0,0.039,0.229,358.0,0.14,994.0,Промышленная,-1.28,-0.829,4.004,0,4.0,3.0,4.0,2.217,1.0,4.0,0.75,0.5
H02043,43.3622972972974,76.948707963456,Турксиб,0.321,-0.008,25.1,3699.0,0.034,0.223,301.0,0.068,1033.0,Промышленная,-1.26,0.29,3.554,0,6.0,3.3333333333333335,5.0,2.646,0.6666666666666666,6.0,0.8333333333333334,0.8333333333333334
H02044,43.3622972972974,76.95620609516516,Турксиб,0.374,-0.002,25.8,4778.0,0.029,0.218,323.0,0.02,970.0,Пустырь,-1.99,-0.588,3.458,0,1.0,4.0,4.0,0.551,0.0,1.0,1.0,0.0
H02045,43.3622972972974,76.96370422687431,Турксиб,0.316,-0.021,24.2,2895.0,0.025,0.215,378.0,0.071,1023.0,Парк/сквер,-1.327,-0.476,3.687,0,0.0,0.0,0.0,0.0,0.0,0.0,0.0,0.0
H02046,43.3622972972974,76.97120235858347,Турксиб,0.335,-0.038,22.6,5849.0,0.022,0.213,251.0,0.064,1012.0,Пустырь,-0.706,-0.338,4.405,0,3.0,3.0,4.0,1.9380000000000002,0.6666666666666666,3.0,0.3333333333333333,0.0
H02047,43.3622972972974,76.97870049029262,Турксиб,0.341,-0.026,24.4,4249.0,0.02,0.213,347.0,0.115,1103.0,Транспорт,-1.154,-1.112,3.749,0,3.0,2.3333333333333335,3.0,2.018,1.0,3.0,0.6666666666666666,0.6666666666666666
H02048,43.3622972972974,76.98619862200178,Турксиб,0.346,-0.047,22.9,2571.0,0.02,0.216,337.0,0.131,1029.0,Парк/сквер,-0.709,0.945,4.821,0,12.0,3.25,5.0,5.659,0.75,10.0,0.5833333333333334,0.5
H02049,43.3622972972974,76.99369675371094,Турксиб,0.359,-0.037,22.9,3878.0,0.02,0.219,339.0,0.031,1055.0,Парк/сквер,-1.324,-0.382,2.942,0,4.0,3.0,5.0,2.762,0.5,4.0,1.0,0.5
H02050,43.3622972972974,77.00119488542009,Турксиб,0.394,-0.046,24.1,3045.0,0.02,0.223,299.0,0.182,1058.0,Пустырь,-0.691,0.765,4.958,0,6.0,3.5,5.0,3.684,0.8333333333333334,5.0,1.0,0.5
H02051,43.3622972972974,77.00869301712925,Турксиб,0.345,-0.031,24.5,1985.0,0.021,0.229,206.0,0.055,1087.0,Пустырь,-0.592,1.318,5.496,0,17.0,3.823529411764706,5.0,8.006,0.47058823529411764,16.0,0.8823529411764706,0.5882352941176471
H02052,43.3622972972974,77.0161911488384,Турксиб,0.344,-0.029,23.6,3169.0,0.023,0.236,302.0,0.128,1086.0,Пустырь,-0.962,0.765,3.783,0,10.0,2.9,4.0,5.572,0.3,10.0,0.8,0.7
H02053,43.3622972972974,77.02368928054756,Турксиб,0.295,-0.034,26.6,1440.0,0.026,0.243,311.0,0.021,1131.0,Пустырь,-0.336,0.008,4.4,0,2.0,4.5,5.0,1.446,0.5,2.0,1.0,0.5
H02054,43.3622972972974,77.03118741225671,Турксиб,0.374,-0.046,23.6,3309.0,0.029,0.251,308.0,0.079,1107.0,Парк/сквер,-0.843,-0.212,4.454,0,3.0,4.333333333333333,5.0,0.9339999999999999,0.3333333333333333,3.0,1.0,0.3333333333333333
H02055,43.3622972972974,77.03868554396587,Турксиб,0.399,-0.054,24.8,2775.0,0.032,0.259,258.0,0.137,1127.0,Пустырь,-0.317,1.534,6.303,0,18.0,3.611111111111111,5.0,8.486,0.6666666666666666,17.0,0.9444444444444444,0.7222222222222222
H02056,43.3622972972974,77.04618367567502,Турксиб,0.248,-0.039,25.4,2971.0,0.034,0.267,276.0,0.02,1149.0,Промышленная,0.196,0.94,4.841,0,11.0,3.272727272727273,5.0,5.542,0.9090909090909091,11.0,0.6363636363636364,0.45454545454545453
H02057,43.3622972972974,77.05368180738418,Турксиб,0.339,-0.021,21.8,2317.0,0.037,0.274,252.0,0.11,1119.0,Пустырь,-1.157,0.669,4.017,0,10.0,3.1,5.0,4.299,0.6,10.0,0.8,0.7
H02058,43.3622972972974,77.06117993909334,Турксиб,0.331,-0.035,24.3,903.0,0.039,0.281,265.0,0.117,1130.0,Пустырь,-0.399,2.025,6.718,1,20.0,3.65,5.0,10.216,0.5,20.0,0.8,0.55
H02059,43.3622972972974,77.06867807080249,Турксиб,0.361,-0.009,22.4,3757.0,0.041,0.286,327.0,0.087,1162.0,Пустырь,-1.935,-0.134,4.22,0,0.0,0.0,0.0,0.0,0.0,0.0,0.0,0.0
H02060,43.3622972972974,77.07617620251165,Турксиб,0.444,-0.035,22.7,2458.0,0.043,0.291,322.0,0.172,1166.0,Пустырь,-1.604,0.088,4.186,0,1.0,4.0,4.0,0.172,0.0,1.0,1.0,0.0
H02061,43.3622972972974,77.0836743342208,Турксиб,0.367,-0.019,22.2,603.0,0.044,0.295,304.0,0.088,1190.0,Жилая,-1.609,-0.67,3.822,0,1.0,4.0,4.0,0.828,1.0,1.0,1.0,1.0
H02062,43.3622972972974,77.09117246592996,Турксиб,0.367,-0.034,22.5,3521.0,0.045,0.298,340.0,0.161,1180.0,Пустырь,-1.144,1.024,4.787,0,15.0,2.8,4.0,8.547,0.6,15.0,0.8,0.5333333333333333
H02063,43.3622972972974,77.09867059763911,Турксиб,0.407,-0.023,24.6,1855.0,0.046,0.3,331.0,0.103,1203.0,Промышленная,-1.58,1.05,4.902,0,11.0,3.1818181818181817,5.0,4.647,0.5454545454545454,10.0,0.9090909090909091,0.6363636363636364
H02064,43.367027027027135,76.78,Алатау,0.294,0.01,24.4,1359.0,0.043,0.326,184.0,0.037,808.0,Пустырь,-1.196,0.463,4.922,0,4.0,3.75,5.0,1.556,0.75,4.0,1.0,0.75
H02065,43.367027027027135,76.78749813170916,Алатау,0.328,-0.006,23.1,3069.0,0.044,0.329,247.0,0.144,776.0,Коммерческая,-1.178,-1.085,2.537,0,0.0,0.0,0.0,0.0,0.0,0.0,0.0,0.0
H02066,43.367027027027135,76.79499626341831,Алатау,0.39,-0.02,24.2,3191.0,0.044,0.327,188.0,0.063,821.0,Пустырь,-1.103,2.981,5.026,0,41.0,3.341463414634146,5.0,21.475,0.6097560975609756,36.0,0.9024390243902439,0.5853658536585366
H02067,43.367027027027135,76.80249439512747,Алатау,0.276,-0.008,25.0,2378.0,0.045,0.32,261.0,0.118,795.0,Пустырь,-0.601,0.541,5.934,0,9.0,3.7777777777777777,5.0,4.824,0.6666666666666666,9.0,0.8888888888888888,0.6666666666666666
H02068,43.367027027027135,76.80999252683662,Алатау,0.35,-0.021,21.5,1632.0,0.046,0.312,243.0,0.049,835.0,Пустырь,-1.342,2.725,5.438,0,14.0,3.357142857142857,5.0,7.298,0.5714285714285714,13.0,1.0,0.7142857142857143
H02069,43.367027027027135,76.81749065854578,Алатау,0.343,-0.068,24.8,2331.0,0.047,0.303,236.0,0.02,868.0,Пустырь,0.371,1.209,5.315,0,20.0,3.3,5.0,9.535,0.5,19.0,1.0,0.55
H02070,43.367027027027135,76.82498879025493,Алатау,0.311,-0.019,24.9,2872.0,0.049,0.296,230.0,0.17,851.0,Пустырь,-0.325,0.761,5.293,0,5.0,3.6,5.0,2.791,0.6,5.0,0.6,0.4
H02071,43.367027027027135,76.83248692196409,Алатау,0.371,-0.043,25.1,1737.0,0.05,0.29,310.0,0.13,850.0,Пустырь,-0.528,-0.755,4.872,0,1.0,3.0,3.0,0.183,0.0,1.0,1.0,0.0
H02072,43.367027027027135,76.83998505367325,Алатау,0.346,-0.043,24.2,2520.0,0.052,0.287,301.0,0.058,840.0,Пустырь,-0.553,0.339,4.694,0,7.0,3.142857142857143,4.0,3.9749999999999996,0.42857142857142855,6.0,1.0,0.7142857142857143
H02073,43.367027027027135,76.8474831853824,Алатау,0.328,-0.025,21.4,3677.0,0.053,0.285,366.0,0.161,873.0,Пустырь,-1.297,0.098,4.509,0,4.0,2.25,3.0,2.265,0.75,4.0,1.0,0.75
H02074,43.367027027027135,76.85498131709156,Алатау,0.259,-0.036,25.2,2371.0,0.055,0.283,338.0,0.086,905.0,Жилая,-0.034,0.213,4.927,0,2.0,3.5,4.0,0.64,1.0,2.0,0.5,1.0
H02075,43.367027027027135,76.86247944880071,Алатау,0.305,-0.018,27.7,3480.0,0.056,0.282,258.0,0.084,908.0,Пустырь,-0.255,0.517,5.003,0,14.0,3.357142857142857,5.0,7.862,0.6428571428571429,12.0,0.7857142857142857,0.7142857142857143
H02076,43.367027027027135,76.86997758050987,Алатау,0.364,-0.049,23.2,2159.0,0.057,0.28,282.0,0.051,921.0,Пустырь,-0.575,-0.163,5.1,0,3.0,3.0,5.0,1.286,1.0,3.0,0.6666666666666666,0.6666666666666666
H02077,43.367027027027135,76.87747571221902,Алатау,0.302,-0.029,25.7,3347.0,0.057,0.277,307.0,0.082,907.0,Пустырь,-0.365,1.241,5.1,0,16.0,3.375,5.0,9.922,0.625,16.0,0.8125,0.6875
H02078,43.367027027027135,76.88497384392818,Алатау,0.355,-0.051,24.7,4208.0,0.056,0.273,234.0,0.209,940.0,Промышленная,0.291,0.751,6.03,0,14.0,3.642857142857143,5.0,8.657,0.7857142857142857,14.0,0.9285714285714286,0.42857142857142855
H02079,43.367027027027135,76.89247197563733,Алатау,0.313,-0.052,26.0,3654.0,0.055,0.268,339.0,0.077,946.0,Парк/сквер,0.056,-0.232,4.513,0,1.0,2.0,2.0,0.573,1.0,1.0,0.0,1.0
H02080,43.367027027027135,76.89997010734649,Алатау,0.324,-0.032,26.5,3555.0,0.053,0.262,250.0,0.07,946.0,Пустырь,-0.158,0.767,5.259,0,10.0,3.7,5.0,4.838,0.9,10.0,0.7,0.7
H02081,43.367027027027135,76.90746823905565,Алатау,0.368,-0.008,24.2,3504.0,0.051,0.256,326.0,0.046,952.0,Пустырь,-1.859,0.654,4.501,0,10.0,2.5,4.0,5.318,0.7,10.0,0.8,0.8
H02082,43.367027027027135,76.9149663707648,Алатау,0.294,-0.025,23.5,4189.0,0.047,0.248,295.0,0.088,985.0,Транспорт,-0.664,0.638,5.577,0,11.0,3.3636363636363638,5.0,5.348,0.45454545454545453,11.0,0.9090909090909091,0.6363636363636364
H02083,43.367027027027135,76.92246450247396,Алатау,0.316,-0.033,24.7,3255.0,0.043,0.241,356.0,0.169,949.0,Пустырь,-0.535,1.235,4.852,0,14.0,3.2142857142857144,5.0,7.645,0.6428571428571429,14.0,0.8571428571428571,0.5714285714285714
H02084,43.367027027027135,76.92996263418311,Турксиб,0.261,-0.037,22.8,2637.0,0.039,0.234,280.0,0.116,980.0,Парк/сквер,-0.071,0.733,6.138,0,7.0,3.2857142857142856,5.0,3.994,0.42857142857142855,6.0,0.5714285714285714,0.7142857142857143
H02085,43.367027027027135,76.93746076589227,Турксиб,0.334,-0.055,24.2,2722.0,0.034,0.227,313.0,0.154,955.0,Транспорт,-0.035,-1.326,4.029,0,2.0,2.5,3.0,0.853,0.5,2.0,0.5,1.0
H02086,43.367027027027135,76.94495889760142,Турксиб,0.363,-0.034,23.7,4068.0,0.029,0.221,280.0,0.106,971.0,Пустырь,-0.896,1.048,5.401,0,16.0,3.4375,5.0,8.455,0.75,16.0,0.875,0.625
H02087,43.367027027027135,76.95245702931058,Турксиб,0.274,-0.072,24.5,3814.0,0.025,0.216,338.0,0.093,1009.0,Пустырь,0.668,0.125,4.852,0,5.0,3.4,5.0,2.606,0.4,5.0,0.8,0.6
H02088,43.367027027027135,76.95995516101974,Турксиб,0.401,-0.035,25.8,4762.0,0.021,0.213,251.0,0.066,980.0,Жилая,-0.908,1.122,4.66,0,16.0,3.0625,5.0,8.224,0.5625,16.0,0.8125,0.75
H02089,43.367027027027135,76.96745329272889,Турксиб,0.357,-0.062,23.0,1687.0,0.02,0.212,380.0,0.064,1026.0,Пустырь,-0.695,1.25,5.587,0,15.0,4.2,5.0,8.407,0.4666666666666667,15.0,0.8,0.6
H02090,43.367027027027135,76.97495142443805,Турксиб,0.411,-0.045,23.9,3603.0,0.02,0.214,343.0,0.037,1013.0,Парк/сквер,-1.381,-0.663,2.943,0,1.0,2.0,2.0,0.321,1.0,1.0,1.0,1.0
H02091,43.367027027027135,76.9824495561472,Турксиб,0.354,-0.048,25.0,3470.0,0.02,0.216,295.0,0.02,1071.0,Пустырь,-0.572,-0.432,4.318,0,1.0,4.0,4.0,0.434,0.0,1.0,0.0,1.0
H02092,43.367027027027135,76.98994768785636,Турксиб,0.376,-0.038,23.7,2124.0,0.02,0.219,233.0,0.068,1010.0,Пустырь,-0.806,0.64,5.494,0,10.0,4.3,5.0,4.695,0.5,10.0,1.0,0.3
H02093,43.367027027027135,76.99744581956551,Турксиб,0.358,-0.049,22.4,3196.0,0.02,0.223,291.0,0.049,1023.0,Парк/сквер,-0.81,0.52,5.334,0,9.0,3.3333333333333335,5.0,4.1770000000000005,0.5555555555555556,9.0,1.0,0.2222222222222222
H02094,43.367027027027135,77.00494395127467,Турксиб,0.332,-0.011,24.2,3632.0,0.02,0.227,399.0,0.075,1054.0,Пустырь,-1.805,0.702,3.341,0,13.0,2.6923076923076925,5.0,7.015000000000001,0.6153846153846154,13.0,0.7692307692307693,0.5384615384615384
H02095,43.367027027027135,77.01244208298382,Турксиб,0.344,-0.056,26.3,1518.0,0.02,0.232,430.0,0.137,1035.0,Пустырь,-0.37,0.563,4.726,0,11.0,3.090909090909091,4.0,4.865,0.5454545454545454,11.0,0.7272727272727273,0.36363636363636365
H02096,43.367027027027135,77.01994021469298,Турксиб,0.307,-0.038,24.7,1575.0,0.023,0.239,325.0,0.034,1126.0,Пустырь,-0.608,0.611,5.49,0,10.0,3.7,5.0,4.2860000000000005,0.7,10.0,1.0,0.7
H02097,43.367027027027135,77.02743834640214,Турксиб,0.365,-0.026,23.8,2498.0,0.026,0.247,281.0,0.075,1103.0,Пустырь,-1.215,0.362,4.461,0,5.0,3.4,5.0,2.972,0.2,5.0,1.0,0.6
H02098,43.367027027027135,77.03493647811129,Турксиб,0.345,-0.032,23.4,2992.0,0.029,0.256,296.0,0.034,1088.0,Жилая,-1.086,-0.929,3.995,0,3.0,4.333333333333333,5.0,2.029,0.3333333333333333,3.0,1.0,0.3333333333333333
H02099,43.367027027027135,77.04243460982045,Турксиб,0.342,-0.039,25.8,3056.0,0.032,0.263,286.0,0.089,1092.0,Пустырь,-0.38,2.69,5.376,0,32.0,3.9375,5.0,15.244,0.625,27.0,0.90625,0.65625
H02100,43.367027027027135,77.0499327415296,Турксиб,0.33,-0.023,24.2,2784.0,0.035,0.271,299.0,0.069,1094.0,Жилая,-1.021,-0.732,3.972,0,3.0,2.3333333333333335,3.0,1.474,0.6666666666666666,3.0,0.6666666666666666,0.6666666666666666
H02101,43.367027027027135,77.05743087323876,Турксиб,0.299,-0.042,24.3,914.0,0.038,0.278,273.0,0.079,1121.0,Парк/сквер,-0.107,0.478,5.73,0,6.0,4.166666666666667,5.0,3.043,0.5,4.0,1.0,0.8333333333333334
H02102,43.367027027027135,77.06492900494791,Турксиб,0.318,-0.025,23.9,1521.0,0.04,0.284,337.0,0.08,1128.0,Транспорт,-1.012,0.748,4.081,0,10.0,2.9,4.0,5.624,0.4,10.0,0.9,0.7
H02103,43.367027027027135,77.07242713665707,Турксиб,0.323,-0.016,27.9,1913.0,0.042,0.289,229.0,0.153,1171.0,Парк/сквер,-0.187,1.285,4.833,0,13.0,3.6923076923076925,5.0,7.735,0.6923076923076923,13.0,1.0,0.7692307692307693
H02104,43.367027027027135,77.07992526836622,Турксиб,0.385,-0.042,25.0,1107.0,0.044,0.294,350.0,0.064,1133.0,Транспорт,-1.003,-1.791,3.764,0,0.0,0.0,0.0,0.0,0.0,0.0,0.0,0.0
H02105,43.367027027027135,77.08742340007538,Турксиб,0.345,-0.036,21.4,3348.0,0.045,0.297,270.0,0.042,1159.0,Транспорт,-1.034,-0.212,4.698,0,2.0,2.5,3.0,1.258,1.0,2.0,1.0,1.0
H02106,43.367027027027135,77.09492153178454,Турксиб,0.317,-0.042,25.7,3600.0,0.045,0.299,290.0,0.055,1169.0,Пустырь,-0.174,-0.369,4.797,0,1.0,4.0,4.0,0.15,0.0,1.0,1.0,1.0
H02107,43.37175675675687,76.78374906585458,Алатау,0.29,-0.03,26.3,2416.0,0.043,0.322,276.0,0.147,807.0,Промышленная,0.052,1.103,5.416,0,8.0,4.0,5.0,3.731,0.625,8.0,0.875,0.75
H02108,43.37175675675687,76.79124719756373,Алатау,0.375,-0.043,25.4,1917.0,0.043,0.322,283.0,0.121,821.0,Парк/сквер,-0.457,-0.741,3.86,0,1.0,5.0,5.0,0.229,1.0,1.0,1.0,1.0
H02109,43.37175675675687,76.79874532927289,Алатау,0.319,-0.034,25.2,2284.0,0.044,0.318,299.0,0.081,804.0,Пустырь,-0.438,0.6,4.38,0,7.0,2.5714285714285716,4.0,4.552,0.8571428571428571,7.0,0.8571428571428571,0.7142857142857143
H02110,43.37175675675687,76.80624346098205,Алатау,0.28,-0.012,26.5,2790.0,0.045,0.311,335.0,0.141,859.0,Пустырь,-0.581,0.823,5.483,0,13.0,2.923076923076923,5.0,7.339,0.6153846153846154,12.0,0.6923076923076923,0.6923076923076923
H02111,43.37175675675687,76.8137415926912,Алатау,0.367,-0.013,23.1,2127.0,0.045,0.302,316.0,0.091,817.0,Жилая,-1.717,0.217,3.883,0,1.0,5.0,5.0,0.763,1.0,1.0,1.0,0.0
H02112,43.37175675675687,76.82123972440036,Алатау,0.327,-0.064,26.1,2059.0,0.046,0.294,314.0,0.038,853.0,Жилая,0.295,-0.142,4.605,0,3.0,3.6666666666666665,5.0,1.2389999999999999,0.6666666666666666,3.0,1.0,0.3333333333333333
H02113,43.37175675675687,76.82873785610951,Алатау,0.385,-0.031,22.8,1448.0,0.047,0.288,310.0,0.136,893.0,Парк/сквер,-1.25,-0.466,3.993,0,3.0,2.6666666666666665,3.0,1.085,0.6666666666666666,3.0,0.6666666666666666,0.6666666666666666
H02114,43.37175675675687,76.83623598781867,Алатау,0.333,-0.039,25.3,1607.0,0.049,0.283,338.0,0.111,850.0,Транспорт,-0.486,0.991,5.205,0,5.0,4.2,5.0,2.447,0.8,4.0,0.8,0.6
H02115,43.37175675675687,76.84373411952782,Алатау,0.376,-0.021,24.5,2299.0,0.05,0.28,263.0,0.081,850.0,Коммерческая,-1.152,-1.31,3.106,0,2.0,3.0,3.0,1.045,0.5,2.0,1.0,0.5
H02116,43.37175675675687,76.85123225123698,Алатау,0.384,-0.043,24.6,2226.0,0.051,0.278,246.0,0.107,863.0,Парк/сквер,-0.476,-0.799,4.008,0,3.0,2.3333333333333335,3.0,1.206,0.3333333333333333,3.0,1.0,0.3333333333333333
H02117,43.37175675675687,76.85873038294613,Алатау,0.351,-0.017,23.6,4350.0,0.051,0.276,308.0,0.11,897.0,Парк/сквер,-1.313,0.456,4.685,0,7.0,4.0,5.0,2.211,0.8571428571428571,6.0,0.7142857142857143,0.5714285714285714
H02118,43.37175675675687,76.86622851465529,Алатау,0.383,-0.043,23.5,3348.0,0.052,0.274,326.0,0.117,889.0,Промышленная,-0.919,-0.911,3.323,0,2.0,2.0,2.0,0.875,1.0,2.0,0.5,0.0
H02119,43.37175675675687,76.87372664636445,Алатау,0.331,-0.049,24.7,4096.0,0.052,0.272,311.0,0.047,888.0,Парк/сквер,-0.294,1.627,4.642,0,16.0,3.0,5.0,8.415000000000001,0.625,15.0,0.9375,0.4375
H02120,43.37175675675687,76.8812247780736,Алатау,0.383,-0.024,23.6,2972.0,0.051,0.268,241.0,0.063,903.0,Жилая,-1.191,-0.713,4.493,0,1.0,3.0,3.0,0.616,0.0,1.0,1.0,0.0
H02121,43.37175675675687,76.88872290978276,Алатау,0.339,-0.041,22.3,2620.0,0.05,0.264,354.0,0.087,906.0,Транспорт,-0.956,1.142,4.396,0,11.0,3.3636363636363638,5.0,5.405,0.45454545454545453,11.0,1.0,0.6363636363636364
H02122,43.37175675675687,76.89622104149191,Алатау,0.268,-0.023,25.0,3096.0,0.048,0.259,257.0,0.052,920.0,Парк/сквер,-0.247,1.609,5.734,0,21.0,3.4285714285714284,5.0,12.037,0.6666666666666666,18.0,0.7619047619047619,0.47619047619047616
H02123,43.37175675675687,76.90371917320107,Алатау,0.297,-0.042,25.0,3457.0,0.046,0.253,387.0,0.081,915.0,Коммерческая,-0.44,-0.023,4.819,0,3.0,4.0,5.0,2.0060000000000002,0.3333333333333333,3.0,1.0,0.3333333333333333
H02124,43.37175675675687,76.91121730491022,Алатау,0.383,-0.063,24.5,2789.0,0.043,0.246,269.0,0.105,921.0,Пустырь,-0.047,-0.29,5.096,0,0.0,0.0,0.0,0.0,0.0,0.0,0.0,0.0
H02125,43.37175675675687,76.91871543661938,Алатау,0.309,-0.006,26.2,3497.0,0.039,0.239,322.0,0.131,950.0,Коммерческая,-1.025,-0.858,3.975,0,2.0,2.5,3.0,1.437,0.0,2.0,1.0,1.0
H02126,43.37175675675687,76.92621356832854,Турксиб,0.324,-0.032,24.0,4154.0,0.035,0.233,231.0,0.096,953.0,Пустырь,-0.402,-1.288,4.347,0,3.0,2.3333333333333335,3.0,1.7309999999999999,0.6666666666666666,3.0,1.0,0.3333333333333333
H02127,43.37175675675687,76.93371170003769,Турксиб,0.297,-0.045,24.0,2917.0,0.03,0.226,330.0,0.074,973.0,Пустырь,-0.305,0.498,5.068,0,5.0,3.2,5.0,3.085,1.0,5.0,0.8,0.8
H02128,43.37175675675687,76.94120983174685,Турксиб,0.251,-0.04,26.0,4089.0,0.026,0.22,324.0,0.129,967.0,Парк/сквер,0.293,-1.306,4.881,0,0.0,0.0,0.0,0.0,0.0,0.0,0.0,0.0
H02129,43.37175675675687,76.948707963456,Турксиб,0.363,-0.056,25.6,2017.0,0.022,0.216,294.0,0.093,985.0,Пустырь,-0.158,0.798,4.676,0,11.0,3.1818181818181817,5.0,5.638,0.5454545454545454,11.0,0.9090909090909091,0.36363636363636365
H02130,43.37175675675687,76.95620609516516,Турксиб,0.318,-0.032,24.7,2345.0,0.02,0.213,368.0,0.066,958.0,Транспорт,-0.962,-0.209,4.039,0,1.0,2.0,2.0,0.191,0.0,1.0,1.0,1.0
H02131,43.37175675675687,76.96370422687431,Турксиб,0.312,-0.043,24.5,3964.0,0.02,0.213,428.0,0.094,993.0,Пустырь,-0.806,1.018,4.932,0,12.0,3.75,5.0,7.104,0.5,9.0,0.8333333333333334,0.5833333333333334
H02132,43.37175675675687,76.97120235858347,Турксиб,0.283,-0.045,26.1,2129.0,0.02,0.214,243.0,0.051,975.0,Пустырь,0.334,0.911,4.876,0,7.0,3.142857142857143,4.0,3.056,0.7142857142857143,7.0,0.8571428571428571,1.0
H02133,43.37175675675687,76.97870049029262,Турксиб,0.386,-0.059,24.4,3723.0,0.02,0.216,309.0,0.123,1029.0,Парк/сквер,-0.407,0.41,5.282,0,6.0,3.3333333333333335,5.0,2.8520000000000003,0.6666666666666666,6.0,0.8333333333333334,0.6666666666666666
H02134,43.37175675675687,76.98619862200178,Турксиб,0.328,-0.024,23.1,2333.0,0.02,0.219,254.0,0.061,1012.0,Пустырь,-0.995,2.005,4.885,0,27.0,3.3703703703703702,5.0,16.016000000000002,0.7037037037037037,27.0,0.9259259259259259,0.6296296296296297
H02135,43.37175675675687,76.99369675371094,Турксиб,0.388,-0.016,24.4,2471.0,0.02,0.222,207.0,0.149,1047.0,Пустырь,-1.135,1.314,5.14,0,15.0,3.466666666666667,5.0,6.881,0.6666666666666666,15.0,0.8666666666666667,0.6
H02136,43.37175675675687,77.00119488542009,Турксиб,0.387,-0.045,23.4,1165.0,0.02,0.226,307.0,0.025,1026.0,Парк/сквер,-1.153,-0.98,3.619,0,1.0,3.0,3.0,0.729,1.0,1.0,1.0,0.0
H02137,43.37175675675687,77.00869301712925,Турксиб,0.353,-0.019,24.8,3240.0,0.02,0.231,354.0,0.061,1042.0,Коммерческая,-1.544,0.39,4.837,0,2.0,3.0,4.0,0.774,0.0,2.0,0.0,1.0
H02138,43.37175675675687,77.0161911488384,Турксиб,0.303,-0.059,26.1,3314.0,0.02,0.236,346.0,0.08,1069.0,Парк/сквер,0.208,1.443,4.901,0,19.0,3.1578947368421053,5.0,8.822,0.3684210526315789,19.0,0.9473684210526315,0.42105263157894735
H02139,43.37175675675687,77.02368928054756,Турксиб,0.306,-0.03,24.9,1119.0,0.023,0.244,192.0,0.093,1023.0,Пустырь,-0.092,0.791,5.206,0,7.0,4.285714285714286,5.0,3.41,0.42857142857142855,7.0,1.0,0.5714285714285714
H02140,43.37175675675687,77.03118741225671,Турксиб,0.318,-0.047,25.7,2931.0,0.027,0.252,293.0,0.127,1062.0,Пустырь,0.065,-0.346,5.866,0,0.0,0.0,0.0,0.0,0.0,0.0,0.0,0.0
H02141,43.37175675675687,77.03868554396587,Турксиб,0.325,-0.05,22.8,2614.0,0.03,0.26,292.0,0.121,1089.0,Пустырь,-0.275,1.143,5.27,0,15.0,3.8666666666666667,5.0,8.334,0.4666666666666667,13.0,1.0,0.5333333333333333
H02142,43.37175675675687,77.04618367567502,Турксиб,0.324,-0.044,25.9,350.0,0.034,0.268,288.0,0.079,1038.0,Пустырь,-0.121,2.104,6.114,0,18.0,3.7222222222222223,5.0,8.699,0.5555555555555556,18.0,0.9444444444444444,0.5
H02143,43.37175675675687,77.05368180738418,Турксиб,0.355,-0.041,23.3,1905.0,0.036,0.275,322.0,0.098,1092.0,Пустырь,-0.852,1.115,5.679,0,13.0,4.230769230769231,5.0,7.495,0.6153846153846154,13.0,0.7692307692307693,0.6153846153846154
H02144,43.37175675675687,77.06117993909334,Турксиб,0.316,-0.025,23.7,2317.0,0.039,0.281,327.0,0.055,1103.0,Пустырь,-1.053,1.425,4.983,0,20.0,3.45,5.0,9.429,0.6,19.0,0.85,0.8
H02145,43.37175675675687,77.06867807080249,Турксиб,0.351,-0.051,22.8,3429.0,0.041,0.287,317.0,0.095,1087.0,Жилая,-0.581,0.214,5.306,0,2.0,3.0,4.0,0.905,0.5,2.0,1.0,0.5
H02146,43.37175675675687,77.07617620251165,Турксиб,0.402,-0.04,23.1,1328.0,0.043,0.292,353.0,0.156,1122.0,Транспорт,-1.239,0.599,4.252,0,7.0,3.5714285714285716,5.0,3.45,0.5714285714285714,7.0,0.7142857142857143,0.5714285714285714
H02147,43.37175675675687,77.0836743342208,Турксиб,0.437,-0.047,24.3,930.0,0.044,0.295,235.0,0.042,1128.0,Пустырь,-0.939,0.953,4.909,0,13.0,3.3076923076923075,5.0,6.383,0.7692307692307693,13.0,0.9230769230769231,0.6923076923076923
H02148,43.37175675675687,77.09117246592996,Турксиб,0.392,-0.028,24.2,2530.0,0.045,0.298,248.0,0.055,1124.0,Пустырь,-1.147,1.1,4.986,0,13.0,3.4615384615384617,5.0,7.11,0.6153846153846154,12.0,0.8461538461538461,0.5384615384615384
H02149,43.37175675675687,77.09867059763911,Турксиб,0.351,-0.017,24.6,1959.0,0.046,0.3,242.0,0.103,1102.0,Пустырь,-0.934,0.008,3.301,0,4.0,2.75,3.0,1.898,0.75,4.0,0.25,0.75
H02150,43.3764864864866,76.78,Алатау,0.365,-0.018,24.1,2693.0,0.042,0.312,277.0,0.098,770.0,Пустырь,-1.262,0.507,5.033,0,7.0,3.142857142857143,5.0,3.571,0.2857142857142857,7.0,1.0,0.42857142857142855
H02151,43.3764864864866,76.78749813170916,Алатау,0.382,-0.057,24.9,1620.0,0.043,0.314,229.0,0.057,773.0,Пустырь,-0.1,1.482,5.86,0,15.0,3.533333333333333,5.0,8.629999999999999,0.6666666666666666,15.0,0.8666666666666667,0.6
H02152,43.3764864864866,76.79499626341831,Алатау,0.31,-0.041,23.2,1676.0,0.043,0.312,241.0,0.085,778.0,Пустырь,-0.181,-0.053,4.72,0,2.0,3.0,3.0,1.103,1.0,2.0,1.0,0.0
H02153,43.3764864864866,76.80249439512747,Алатау,0.378,-0.053,22.3,2729.0,0.043,0.307,333.0,0.218,818.0,Пустырь,-0.549,0.529,4.949,0,5.0,3.0,4.0,2.697,0.8,5.0,1.0,0.4
H02154,43.3764864864866,76.80999252683662,Алатау,0.333,-0.068,23.8,2297.0,0.044,0.299,294.0,0.043,864.0,Пустырь,0.16,0.424,4.755,0,6.0,3.3333333333333335,5.0,4.261,0.8333333333333334,6.0,0.6666666666666666,0.3333333333333333
H02155,43.3764864864866,76.81749065854578,Алатау,0.328,-0.035,25.7,2109.0,0.045,0.292,310.0,0.067,775.0,Пустырь,-0.486,0.425,4.569,0,7.0,3.5714285714285716,5.0,3.11,0.7142857142857143,7.0,0.8571428571428571,0.42857142857142855
H02156,43.3764864864866,76.82498879025493,Алатау,0.265,-0.017,26.5,2870.0,0.045,0.285,252.0,0.025,816.0,Промышленная,-0.261,0.708,4.959,0,12.0,3.3333333333333335,5.0,6.354,0.75,12.0,0.5833333333333334,0.6666666666666666
H02157,43.3764864864866,76.83248692196409,Алатау,0.302,-0.022,25.2,3957.0,0.046,0.28,293.0,0.084,840.0,Жилая,-0.592,0.815,5.003,0,15.0,3.4,5.0,8.112,0.5333333333333333,14.0,0.6666666666666666,0.3333333333333333
H02158,43.3764864864866,76.83998505367325,Алатау,0.269,-0.027,24.4,1771.0,0.047,0.276,313.0,0.107,808.0,Пустырь,-0.349,-1.472,3.734,0,1.0,2.0,2.0,0.684,1.0,1.0,1.0,1.0
H02159,43.3764864864866,76.8474831853824,Алатау,0.359,-0.052,25.3,2097.0,0.048,0.274,322.0,0.078,832.0,Промышленная,-0.322,0.635,5.116,0,5.0,2.8,4.0,2.977,0.6,5.0,0.6,0.6
H02160,43.3764864864866,76.85498131709156,Алатау,0.322,-0.059,23.4,2446.0,0.048,0.272,288.0,0.063,865.0,Пустырь,0.014,0.128,4.822,0,1.0,5.0,5.0,0.614,1.0,1.0,1.0,1.0
H02161,43.3764864864866,76.86247944880071,Алатау,0.342,-0.03,25.2,3573.0,0.048,0.27,199.0,0.113,882.0,Пустырь,-0.227,0.84,4.42,0,10.0,3.2,5.0,5.407,0.7,8.0,0.7,0.7
H02162,43.3764864864866,76.86997758050987,Алатау,0.276,-0.053,25.2,4382.0,0.048,0.268,354.0,0.052,888.0,Парк/сквер,0.141,-0.4,5.024,0,2.0,4.0,4.0,1.4889999999999999,0.5,2.0,1.0,1.0
H02163,43.3764864864866,76.87747571221902,Алатау,0.324,-0.05,24.5,2953.0,0.048,0.265,258.0,0.142,873.0,Коммерческая,0.201,0.459,5.996,0,4.0,4.0,5.0,2.299,1.0,4.0,1.0,1.0
H02164,43.3764864864866,76.88497384392818,Алатау,0.311,-0.023,25.1,2770.0,0.047,0.261,341.0,0.048,873.0,Пустырь,-0.953,1.161,5.213,0,13.0,3.3846153846153846,5.0,6.042,0.6153846153846154,13.0,0.8461538461538461,0.38461538461538464
H02165,43.3764864864866,76.89247197563733,Алатау,0.254,-0.044,25.8,2245.0,0.045,0.256,290.0,0.051,856.0,Пустырь,0.382,0.116,5.087,0,3.0,4.0,5.0,1.392,0.6666666666666666,3.0,0.6666666666666666,0.0
H02166,43.3764864864866,76.89997010734649,Алатау,0.338,-0.058,26.7,3606.0,0.043,0.251,277.0,0.111,954.0,Пустырь,0.418,0.198,5.085,0,6.0,3.8333333333333335,5.0,2.7439999999999998,0.5,6.0,0.8333333333333334,0.6666666666666666
H02167,43.3764864864866,76.90746823905565,Алатау,0.376,-0.037,25.5,2337.0,0.04,0.245,283.0,0.02,918.0,Пустырь,-0.863,1.157,5.522,0,10.0,3.4,5.0,4.676,0.4,8.0,0.8,0.5
H02168,43.3764864864866,76.9149663707648,Алатау,0.274,-0.042,27.0,2951.0,0.036,0.239,345.0,0.171,924.0,Жилая,0.363,-1.342,4.493,0,4.0,2.75,5.0,2.638,0.75,4.0,1.0,1.0
H02169,43.3764864864866,76.92246450247396,Алатау,0.311,-0.056,25.2,3254.0,0.032,0.232,287.0,0.09,892.0,Пустырь,0.247,1.283,5.482,0,19.0,3.736842105263158,5.0,9.989,0.6842105263157895,18.0,0.8421052631578947,0.5789473684210527
H02170,43.3764864864866,76.92996263418311,Турксиб,0.386,-0.053,23.5,2204.0,0.028,0.226,276.0,0.093,957.0,Пустырь,-0.578,2.719,5.944,0,30.0,3.8333333333333335,5.0,15.019,0.5666666666666667,28.0,0.8,0.6333333333333333
H02171,43.3764864864866,76.93746076589227,Турксиб,0.298,-0.031,24.6,4184.0,0.024,0.221,308.0,0.105,973.0,Транспорт,-0.475,-1.256,4.939,0,1.0,1.0,1.0,0.828,1.0,1.0,0.0,1.0
H02172,43.3764864864866,76.94495889760142,Турксиб,0.42,-0.022,23.4,3736.0,0.02,0.216,233.0,0.106,958.0,Пустырь,-1.563,0.506,4.441,0,6.0,4.0,5.0,2.855,0.16666666666666666,6.0,0.8333333333333334,0.6666666666666666
H02173,43.3764864864866,76.95245702931058,Турксиб,0.304,-0.026,22.5,3307.0,0.02,0.215,319.0,0.039,994.0,Пустырь,-1.166,1.019,5.323,0,10.0,3.1,5.0,5.635,1.0,10.0,1.0,0.5
H02174,43.3764864864866,76.95995516101974,Турксиб,0.335,-0.026,24.4,2325.0,0.02,0.214,358.0,0.124,993.0,Парк/сквер,-1.119,-0.317,4.476,0,1.0,4.0,4.0,0.836,1.0,1.0,1.0,1.0
H02175,43.3764864864866,76.96745329272889,Турксиб,0.278,-0.024,24.6,3832.0,0.02,0.215,371.0,0.092,962.0,Пустырь,-0.836,1.854,5.282,0,29.0,3.310344827586207,5.0,15.731,0.5172413793103449,23.0,0.8620689655172413,0.7586206896551724
H02176,43.3764864864866,76.97495142443805,Турксиб,0.346,-0.041,25.3,3950.0,0.02,0.216,260.0,0.045,980.0,Жилая,-0.446,0.347,4.382,0,6.0,3.3333333333333335,5.0,2.923,0.6666666666666666,6.0,0.6666666666666666,0.8333333333333334
H02177,43.3764864864866,76.9824495561472,Турксиб,0.393,-0.022,24.4,3945.0,0.02,0.219,257.0,0.02,1022.0,Транспорт,-1.513,1.656,5.756,0,19.0,3.8421052631578947,5.0,9.19,0.631578947368421,19.0,0.7894736842105263,0.5789473684210527
H02178,43.3764864864866,76.98994768785636,Турксиб,0.319,-0.044,26.1,3696.0,0.02,0.222,326.0,0.112,989.0,Пустырь,-0.175,0.707,4.648,0,11.0,3.090909090909091,5.0,6.271,0.7272727272727273,11.0,0.9090909090909091,0.6363636363636364
H02179,43.3764864864866,76.99744581956551,Турксиб,0.372,-0.051,24.0,2600.0,0.02,0.225,350.0,0.048,1015.0,Пустырь,-0.92,2.186,6.142,0,21.0,3.9047619047619047,5.0,11.543,0.5714285714285714,21.0,0.9523809523809523,0.6666666666666666
H02180,43.3764864864866,77.00494395127467,Турксиб,0.305,-0.04,25.0,2816.0,0.02,0.23,270.0,0.033,1034.0,Пустырь,-0.267,0.262,6.034,0,6.0,4.5,5.0,2.759,0.6666666666666666,6.0,0.6666666666666666,0.8333333333333334
H02181,43.3764864864866,77.01244208298382,Турксиб,0.284,-0.031,25.6,2526.0,0.02,0.235,361.0,0.107,1044.0,Пустырь,-0.483,1.42,5.713,0,12.0,3.6666666666666665,5.0,5.9990000000000006,0.6666666666666666,11.0,0.9166666666666666,0.75
H02182,43.3764864864866,77.01994021469298,Турксиб,0.337,-0.041,21.3,3594.0,0.021,0.241,300.0,0.162,1052.0,Пустырь,-0.774,0.803,5.039,0,11.0,3.6363636363636362,5.0,6.375,0.6363636363636364,11.0,0.7272727272727273,0.5454545454545454
H02183,43.3764864864866,77.02743834640214,Турксиб,0.263,-0.052,24.0,3073.0,0.025,0.249,310.0,0.056,1071.0,Парк/сквер,0.169,-1.565,4.9,0,2.0,3.0,4.0,1.278,1.0,2.0,1.0,1.0
H02184,43.3764864864866,77.03493647811129,Турксиб,0.343,-0.043,23.7,2949.0,0.029,0.257,253.0,0.191,1069.0,Пустырь,-0.179,1.995,6.521,1,13.0,4.3076923076923075,5.0,5.9350000000000005,0.6153846153846154,13.0,0.6923076923076923,0.7692307692307693
H02185,43.3764864864866,77.04243460982045,Турксиб,0.297,-0.027,25.2,1618.0,0.032,0.264,364.0,0.146,1028.0,Пустырь,-0.631,0.469,4.725,0,5.0,3.6,5.0,2.806,0.6,4.0,1.0,0.6
H02186,43.3764864864866,77.0499327415296,Турксиб,0.325,-0.044,24.9,2160.0,0.035,0.272,260.0,0.097,1119.0,Парк/сквер,-0.095,-0.589,4.052,0,1.0,3.0,3.0,0.56,0.0,1.0,1.0,1.0
H02187,43.3764864864866,77.05743087323876,Турксиб,0.354,-0.042,22.7,1325.0,0.038,0.278,281.0,0.105,1097.0,Пустырь,-0.702,1.431,5.738,0,18.0,3.1666666666666665,5.0,10.738,0.4444444444444444,14.0,0.9444444444444444,0.4444444444444444
H02188,43.3764864864866,77.06492900494791,Турксиб,0.36,-0.048,23.6,1340.0,0.04,0.284,263.0,0.067,1094.0,Пустырь,-0.491,1.659,5.195,0,22.0,3.6818181818181817,5.0,12.843,0.6818181818181818,20.0,0.8181818181818182,0.7272727272727273
H02189,43.3764864864866,77.07242713665707,Турксиб,0.421,-0.027,22.9,2058.0,0.042,0.289,296.0,0.028,1087.0,Парк/сквер,-1.846,1.353,4.843,0,15.0,3.6,5.0,8.079,0.5333333333333333,15.0,0.9333333333333333,0.5333333333333333
H02190,43.3764864864866,77.07992526836622,Турксиб,0.321,-0.05,24.4,2327.0,0.044,0.293,157.0,0.17,1124.0,Парк/сквер,0.686,-0.503,4.487,0,2.0,3.5,4.0,0.359,0.0,2.0,1.0,1.0
H02191,43.3764864864866,77.08742340007538,Турксиб,0.415,-0.048,25.1,3127.0,0.045,0.297,300.0,0.05,1101.0,Транспорт,-0.905,0.785,6.031,0,9.0,4.0,5.0,3.865,0.3333333333333333,9.0,0.7777777777777778,0.5555555555555556
H02192,43.3764864864866,77.09492153178454,Турксиб,0.335,-0.026,22.8,1857.0,0.046,0.299,329.0,0.02,1102.0,Жилая,-1.362,-2.229,2.29,0,1.0,1.0,1.0,0.334,0.0,1.0,1.0,0.0
H02193,43.38121621621633,76.78374906585458,Алатау,0.326,-0.038,24.4,2200.0,0.042,0.304,292.0,0.045,739.0,Жилая,-0.545,-0.181,4.34,0,3.0,2.6666666666666665,4.0,1.591,0.6666666666666666,3.0,1.0,0.6666666666666666
H02194,43.38121621621633,76.79124719756373,Алатау,0.362,-0.023,22.3,3078.0,0.042,0.304,304.0,0.078,777.0,Транспорт,-1.476,0.844,4.55,0,9.0,3.2222222222222223,5.0,4.864,0.7777777777777778,9.0,0.8888888888888888,0.4444444444444444
H02195,43.38121621621633,76.79874532927289,Алатау,0.313,-0.04,24.9,3296.0,0.043,0.3,255.0,0.062,807.0,Пустырь,-0.148,0.204,5.159,0,5.0,3.6,5.0,3.709,0.6,5.0,0.6,1.0
H02196,43.38121621621633,76.80624346098205,Алатау,0.328,-0.042,26.1,1976.0,0.043,0.295,357.0,0.205,789.0,Пустырь,-0.137,1.044,5.797,0,13.0,2.6923076923076925,4.0,6.541,0.6153846153846154,13.0,0.8461538461538461,0.5384615384615384
H02197,43.38121621621633,76.8137415926912,Алатау,0.285,-0.05,24.5,2320.0,0.044,0.288,237.0,0.141,815.0,Парк/сквер,0.567,0.212,5.8,0,7.0,3.4285714285714284,4.0,4.295,0.8571428571428571,7.0,1.0,0.5714285714285714
H02198,43.38121621621633,76.82123972440036,Алатау,0.355,-0.04,27.3,3618.0,0.044,0.282,225.0,0.169,867.0,Парк/сквер,0.205,-0.675,5.245,0,6.0,3.6666666666666665,5.0,2.677,0.16666666666666666,6.0,1.0,1.0
H02199,43.38121621621633,76.82873785610951,Алатау,0.287,-0.051,26.3,3338.0,0.045,0.276,288.0,0.065,823.0,Коммерческая,0.415,-2.113,4.636,0,5.0,3.4,4.0,2.4410000000000003,0.4,5.0,0.6,0.6
H02200,43.38121621621633,76.83623598781867,Алатау,0.384,-0.049,22.7,2193.0,0.045,0.273,245.0,0.028,856.0,Пустырь,-0.736,1.699,5.259,0,20.0,3.2,5.0,10.886,0.6,17.0,0.85,0.6
H02201,43.38121621621633,76.84373411952782,Алатау,0.367,-0.044,23.7,2342.0,0.045,0.27,290.0,0.11,814.0,Парк/сквер,-0.611,1.478,6.079,0,11.0,4.090909090909091,5.0,6.2219999999999995,0.5454545454545454,10.0,0.7272727272727273,0.6363636363636364
H02202,43.38121621621633,76.85123225123698,Алатау,0.286,-0.025,24.1,2470.0,0.046,0.268,264.0,0.081,838.0,Промышленная,-0.435,0.836,4.79,0,19.0,3.0526315789473686,5.0,10.109,0.631578947368421,19.0,0.8421052631578947,0.7368421052631579
H02203,43.38121621621633,76.85873038294613,Алатау,0.27,-0.039,24.4,1919.0,0.046,0.266,351.0,0.135,841.0,Пустырь,-0.104,1.56,6.331,0,22.0,3.5454545454545454,5.0,10.654,0.5909090909090909,18.0,0.9090909090909091,0.45454545454545453
H02204,43.38121621621633,76.86622851465529,Алатау,0.261,-0.042,27.4,2509.0,0.046,0.264,273.0,0.126,851.0,Пустырь,0.731,0.742,5.656,0,12.0,3.6666666666666665,5.0,6.176,0.4166666666666667,12.0,0.9166666666666666,0.3333333333333333
H02205,43.38121621621633,76.87372664636445,Алатау,0.307,-0.034,26.5,2690.0,0.045,0.261,294.0,0.05,875.0,Пустырь,-0.246,0.076,5.535,0,1.0,4.0,4.0,0.47,0.0,1.0,1.0,1.0
H02206,43.38121621621633,76.8812247780736,Алатау,0.345,-0.044,23.2,3085.0,0.044,0.258,269.0,0.059,857.0,Пустырь,-0.542,0.916,5.529,0,11.0,3.4545454545454546,5.0,6.043,0.7272727272727273,10.0,0.8181818181818182,0.7272727272727273
H02207,43.38121621621633,76.88872290978276,Алатау,0.304,-0.045,24.9,2310.0,0.043,0.254,255.0,0.037,908.0,Пустырь,0.011,0.218,4.675,0,4.0,3.5,5.0,2.185,1.0,3.0,0.75,1.0
H02208,43.38121621621633,76.89622104149191,Алатау,0.321,-0.048,26.2,2031.0,0.04,0.249,363.0,0.104,862.0,Пустырь,-0.162,0.425,5.618,0,3.0,3.6666666666666665,5.0,1.067,0.3333333333333333,2.0,1.0,0.6666666666666666
H02209,43.38121621621633,76.90371917320107,Алатау,0.353,-0.046,23.6,3467.0,0.038,0.244,314.0,0.215,866.0,Парк/сквер,-0.346,-1.001,4.585,0,1.0,1.0,1.0,0.545,1.0,1.0,1.0,0.0
H02210,43.38121621621633,76.91121730491022,Алатау,0.296,-0.05,25.2,2349.0,0.035,0.239,290.0,0.09,922.0,Промышленная,0.194,-0.104,5.57,0,3.0,5.0,5.0,1.4180000000000001,0.6666666666666666,3.0,1.0,0.6666666666666666
H02211,43.38121621621633,76.91871543661938,Алатау,0.375,-0.036,25.8,1830.0,0.031,0.233,242.0,0.08,918.0,Парк/сквер,-0.548,1.515,5.835,0,11.0,3.909090909090909,5.0,5.065,0.6363636363636364,11.0,0.8181818181818182,0.5454545454545454
H02212,43.38121621621633,76.92621356832854,Турксиб,0.29,-0.039,24.6,2973.0,0.027,0.227,277.0,0.02,907.0,Пустырь,-0.277,0.691,6.428,0,9.0,3.7777777777777777,5.0,4.155,0.3333333333333333,9.0,0.8888888888888888,0.6666666666666666
H02213,43.38121621621633,76.93371170003769,Турксиб,0.308,-0.043,24.1,3178.0,0.023,0.222,296.0,0.025,917.0,Пустырь,-0.435,0.301,5.076,0,3.0,3.6666666666666665,4.0,1.1059999999999999,0.3333333333333333,3.0,1.0,0.6666666666666666
H02214,43.38121621621633,76.94120983174685,Турксиб,0.286,-0.039,24.1,1862.0,0.02,0.217,265.0,0.089,960.0,Жилая,-0.118,-1.438,4.206,0,5.0,3.6,4.0,2.503,0.6,5.0,1.0,0.8
H02215,43.38121621621633,76.948707963456,Турксиб,0.326,-0.06,22.3,2774.0,0.02,0.216,294.0,0.148,957.0,Пустырь,-0.045,0.706,4.986,0,8.0,3.125,4.0,4.291,0.5,8.0,0.875,0.375
H02216,43.38121621621633,76.95620609516516,Турксиб,0.279,-0.043,24.6,2099.0,0.02,0.216,330.0,0.122,931.0,Транспорт,-0.073,0.64,5.457,0,11.0,2.727272727272727,4.0,5.96,0.45454545454545453,11.0,0.8181818181818182,0.5454545454545454
H02217,43.38121621621633,76.96370422687431,Турксиб,0.322,-0.06,24.6,911.0,0.02,0.216,330.0,0.118,972.0,Жилая,0.052,0.043,4.927,0,2.0,2.0,3.0,0.876,0.5,2.0,1.0,0.5
H02218,43.38121621621633,76.97120235858347,Турксиб,0.389,-0.044,22.8,3968.0,0.02,0.217,319.0,0.104,957.0,Жилая,-1.144,-1.372,3.869,0,0.0,0.0,0.0,0.0,0.0,0.0,0.0,0.0
H02219,43.38121621621633,76.97870049029262,Турксиб,0.316,-0.049,23.2,1485.0,0.02,0.219,326.0,0.02,987.0,Парк/сквер,-0.594,1.054,4.97,0,11.0,3.3636363636363638,5.0,4.481,0.5454545454545454,10.0,0.9090909090909091,0.6363636363636364
H02220,43.38121621621633,76.98619862200178,Турксиб,0.378,-0.057,22.2,2975.0,0.02,0.221,380.0,0.081,985.0,Пустырь,-1.063,0.601,5.535,0,7.0,3.5714285714285716,5.0,2.649,0.7142857142857143,7.0,0.7142857142857143,0.7142857142857143
H02221,43.38121621621633,76.99369675371094,Турксиб,0.396,-0.023,23.3,1801.0,0.02,0.225,242.0,0.02,995.0,Пустырь,-1.59,0.672,5.113,0,3.0,4.333333333333333,5.0,1.117,1.0,3.0,1.0,0.6666666666666666
H02222,43.38121621621633,77.00119488542009,Турксиб,0.288,-0.054,24.2,2706.0,0.02,0.229,295.0,0.134,1040.0,Пустырь,0.291,0.911,5.243,0,12.0,3.4166666666666665,5.0,5.795,0.5833333333333334,12.0,0.6666666666666666,0.6666666666666666
H02223,43.38121621621633,77.00869301712925,Турксиб,0.293,-0.023,25.3,3003.0,0.02,0.233,282.0,0.073,1002.0,Коммерческая,-0.556,-1.534,3.736,0,2.0,3.5,4.0,0.513,0.5,2.0,0.5,0.5
H02224,43.38121621621633,77.0161911488384,Турксиб,0.337,-0.057,24.1,1675.0,0.02,0.238,272.0,0.079,1037.0,Пустырь,-0.066,0.359,5.473,0,8.0,3.375,5.0,4.487,0.375,8.0,0.625,0.5
H02225,43.38121621621633,77.02368928054756,Турксиб,0.277,-0.039,23.1,2409.0,0.023,0.246,376.0,0.048,1038.0,Коммерческая,-0.711,0.129,4.835,0,4.0,3.0,4.0,2.001,0.75,4.0,0.75,0.5
H02226,43.38121621621633,77.03118741225671,Турксиб,0.291,-0.044,25.0,1679.0,0.027,0.253,265.0,0.044,1019.0,Пустырь,0.007,0.261,4.758,0,8.0,3.25,5.0,4.429,0.75,8.0,1.0,0.5
H02227,43.38121621621633,77.03868554396587,Турксиб,0.306,-0.041,27.3,3283.0,0.031,0.261,301.0,0.048,1042.0,Транспорт,-0.013,0.312,5.593,0,6.0,3.1666666666666665,5.0,2.581,0.6666666666666666,6.0,1.0,0.8333333333333334
H02228,43.38121621621633,77.04618367567502,Турксиб,0.356,-0.058,26.3,2300.0,0.034,0.268,294.0,0.208,1049.0,Жилая,0.37,-0.142,5.316,0,2.0,2.0,3.0,0.759,1.0,2.0,1.0,0.0
H02229,43.38121621621633,77.05368180738418,Турксиб,0.391,-0.053,27.5,624.0,0.037,0.275,259.0,0.02,1064.0,Пустырь,-0.199,1.04,4.638,0,9.0,3.6666666666666665,5.0,5.0440000000000005,0.4444444444444444,9.0,1.0,0.5555555555555556
H02230,43.38121621621633,77.06117993909334,Турксиб,0.239,-0.052,27.3,178.0,0.039,0.281,287.0,0.135,1071.0,Пустырь,1.089,0.174,5.684,0,5.0,3.4,4.0,2.511,0.2,5.0,1.0,0.4
H02231,43.38121621621633,77.06867807080249,Турксиб,0.299,-0.003,25.6,2847.0,0.041,0.287,341.0,0.025,1091.0,Пустырь,-1.405,0.471,4.659,0,3.0,3.3333333333333335,4.0,1.856,1.0,3.0,1.0,0.0
H02232,43.38121621621633,77.07617620251165,Турксиб,0.33,-0.036,24.4,1959.0,0.043,0.291,283.0,0.059,1122.0,Парк/сквер,-0.559,-0.582,4.784,0,1.0,5.0,5.0,0.15,1.0,1.0,1.0,1.0
H02233,43.38121621621633,77.0836743342208,Турксиб,0.328,-0.045,25.0,2892.0,0.044,0.295,311.0,0.068,1109.0,Промышленная,-0.318,1.571,5.846,0,13.0,3.6153846153846154,5.0,7.354,0.6153846153846154,13.0,0.9230769230769231,0.6923076923076923
H02234,43.38121621621633,77.09117246592996,Турксиб,0.383,-0.012,25.5,1768.0,0.045,0.297,315.0,0.123,1098.0,Пустырь,-1.467,1.472,4.697,0,11.0,3.5454545454545454,5.0,6.4959999999999996,0.45454545454545453,10.0,0.8181818181818182,0.45454545454545453
H02235,43.38121621621633,77.09867059763911,Турксиб,0.367,-0.036,24.9,1620.0,0.046,0.299,265.0,0.14,1119.0,Пустырь,-0.521,0.598,4.699,0,10.0,2.8,5.0,5.582,0.5,10.0,1.0,0.7
H02236,43.38594594594606,76.78,Алатау,0.314,-0.03,24.6,1484.0,0.042,0.292,282.0,0.114,743.0,Парк/сквер,-0.455,-0.272,5.386,0,2.0,3.5,4.0,0.9500000000000001,0.5,2.0,0.5,0.5
H02237,43.38594594594606,76.78749813170916,Алатау,0.288,-0.039,24.5,3336.0,0.042,0.294,300.0,0.142,793.0,Пустырь,-0.013,-0.368,3.983,0,0.0,0.0,0.0,0.0,0.0,0.0,0.0,0.0
H02238,43.38594594594606,76.79499626341831,Алатау,0.347,-0.031,24.6,1887.0,0.042,0.292,320.0,0.168,757.0,Пустырь,-0.719,0.971,4.548,0,7.0,2.4285714285714284,5.0,3.58,0.42857142857142855,7.0,0.8571428571428571,0.5714285714285714
H02239,43.38594594594606,76.80249439512747,Алатау,0.254,-0.051,25.1,1767.0,0.042,0.288,286.0,0.077,780.0,Пустырь,0.558,0.624,5.555,0,8.0,4.125,5.0,4.006,0.75,8.0,0.625,0.625
H02240,43.38594594594606,76.80999252683662,Алатау,0.341,-0.044,23.9,851.0,0.043,0.283,206.0,0.218,788.0,Транспорт,0.2,-0.524,5.031,0,2.0,3.0,4.0,1.48,1.0,2.0,1.0,1.0
H02241,43.38594594594606,76.81749065854578,Алатау,0.337,-0.061,24.1,3239.0,0.043,0.278,282.0,0.02,780.0,Пустырь,-0.058,0.711,5.018,0,10.0,3.6,5.0,4.052,0.6,10.0,1.0,0.7
H02242,43.38594594594606,76.82498879025493,Алатау,0.273,-0.069,26.9,2718.0,0.043,0.273,278.0,0.028,781.0,Промышленная,1.06,0.086,5.456,0,2.0,2.5,4.0,1.041,1.0,2.0,1.0,1.0
H02243,43.38594594594606,76.83248692196409,Алатау,0.267,-0.024,27.0,2932.0,0.044,0.269,300.0,0.119,822.0,Пустырь,0.002,2.466,6.448,0,17.0,4.0,5.0,7.197,0.5882352941176471,14.0,0.8823529411764706,0.7058823529411765
H02244,43.38594594594606,76.83998505367325,Алатау,0.338,-0.057,25.6,2489.0,0.044,0.267,219.0,0.104,800.0,Пустырь,0.484,1.968,6.081,0,17.0,3.6470588235294117,5.0,9.641,0.4117647058823529,16.0,0.9411764705882353,0.6470588235294118
H02245,43.38594594594606,76.8474831853824,Алатау,0.418,-0.046,25.6,1906.0,0.044,0.265,276.0,0.134,818.0,Промышленная,-0.616,-1.307,4.377,0,1.0,3.0,3.0,0.581,0.0,1.0,1.0,0.0
H02246,43.38594594594606,76.85498131709156,Алатау,0.327,-0.035,23.3,2876.0,0.044,0.263,307.0,0.17,823.0,Пустырь,-0.557,0.059,4.24,0,3.0,4.666666666666667,5.0,1.709,1.0,3.0,1.0,0.6666666666666666
H02247,43.38594594594606,76.86247944880071,Алатау,0.325,-0.044,26.4,3409.0,0.044,0.261,288.0,0.165,864.0,Пустырь,0.181,0.636,6.209,0,10.0,4.0,5.0,5.298,0.6,10.0,0.8,0.8
H02248,43.38594594594606,76.86997758050987,Алатау,0.29,-0.055,25.2,2837.0,0.043,0.259,250.0,0.177,835.0,Пустырь,0.8,0.626,5.923,0,8.0,3.125,5.0,5.182,0.625,8.0,0.75,0.625
H02249,43.38594594594606,76.87747571221902,Алатау,0.339,-0.032,24.6,1562.0,0.042,0.256,266.0,0.085,847.0,Пустырь,-0.582,0.46,4.161,0,4.0,3.0,4.0,2.7720000000000002,0.75,4.0,1.0,0.75
H02250,43.38594594594606,76.88497384392818,Алатау,0.383,-0.033,25.2,3357.0,0.041,0.253,293.0,0.102,873.0,Пустырь,-0.917,0.622,4.385,0,13.0,3.1538461538461537,5.0,6.835,0.5384615384615384,13.0,1.0,0.5384615384615384
H02251,43.38594594594606,76.89247197563733,Алатау,0.311,-0.04,27.2,3371.0,0.039,0.249,298.0,0.193,871.0,Пустырь,0.275,0.399,5.564,0,9.0,3.6666666666666665,5.0,4.949,0.4444444444444444,8.0,0.8888888888888888,0.6666666666666666
H02252,43.38594594594606,76.89997010734649,Алатау,0.263,-0.061,25.1,2704.0,0.037,0.244,408.0,0.084,877.0,Парк/сквер,0.276,0.167,5.174,0,3.0,3.3333333333333335,5.0,2.082,1.0,3.0,1.0,0.6666666666666666
H02253,43.38594594594606,76.90746823905565,Алатау,0.333,-0.05,25.2,2484.0,0.034,0.239,298.0,0.078,904.0,Пустырь,-0.156,0.738,4.87,0,10.0,3.2,5.0,4.914000000000001,0.6,7.0,0.9,0.3
H02254,43.38594594594606,76.9149663707648,Алатау,0.251,-0.037,25.6,2749.0,0.031,0.234,227.0,0.118,882.0,Пустырь,0.56,1.005,5.584,0,16.0,3.3125,5.0,8.399,0.375,15.0,0.8125,0.5625
H02255,43.38594594594606,76.92246450247396,Алатау,0.352,-0.056,24.6,2342.0,0.027,0.229,280.0,0.02,910.0,Транспорт,-0.296,-0.329,5.404,0,2.0,3.5,4.0,1.8439999999999999,1.0,2.0,0.5,0.5
H02256,43.38594594594606,76.92996263418311,Турксиб,0.288,-0.047,24.7,3615.0,0.024,0.224,327.0,0.129,900.0,Коммерческая,0.018,1.778,6.051,0,16.0,3.875,5.0,8.762,0.75,16.0,0.8125,0.5625
H02257,43.38594594594606,76.93746076589227,Турксиб,0.301,-0.048,24.4,3133.0,0.02,0.219,313.0,0.034,918.0,Парк/сквер,-0.276,-0.162,3.792,0,0.0,0.0,0.0,0.0,0.0,0.0,0.0,0.0
H02258,43.38594594594606,76.94495889760142,Турксиб,0.291,-0.026,24.3,3156.0,0.02,0.218,295.0,0.02,983.0,Пустырь,-0.767,2.108,5.26,0,25.0,3.48,5.0,12.291,0.56,24.0,0.8,0.76
H02259,43.38594594594606,76.95245702931058,Турксиб,0.296,-0.039,23.3,2492.0,0.02,0.217,419.0,0.071,939.0,Транспорт,-0.969,-0.09,4.782,0,1.0,3.0,3.0,0.371,1.0,1.0,1.0,0.0
H02260,43.38594594594606,76.95995516101974,Турксиб,0.308,-0.063,26.1,2437.0,0.02,0.217,275.0,0.136,961.0,Пустырь,0.7,0.939,5.871,0,11.0,4.090909090909091,5.0,4.532,0.7272727272727273,11.0,0.8181818181818182,0.7272727272727273
H02261,43.38594594594606,76.96745329272889,Турксиб,0.344,-0.028,25.4,3212.0,0.02,0.218,297.0,0.02,927.0,Пустырь,-1.009,0.919,4.379,0,8.0,2.875,4.0,5.012,0.625,7.0,0.875,0.625
H02262,43.38594594594606,76.97495142443805,Турксиб,0.326,-0.028,23.8,2922.0,0.02,0.219,314.0,0.133,937.0,Жилая,-0.877,-0.007,5.153,0,3.0,4.666666666666667,5.0,0.724,1.0,3.0,1.0,1.0
H02263,43.38594594594606,76.9824495561472,Турксиб,0.357,-0.049,24.7,2507.0,0.02,0.222,344.0,0.078,994.0,Жилая,-0.651,0.277,5.692,0,8.0,3.25,5.0,4.175,0.25,7.0,0.75,0.5
H02264,43.38594594594606,76.98994768785636,Турксиб,0.455,-0.048,22.8,4143.0,0.02,0.225,272.0,0.078,1003.0,Пустырь,-1.392,-0.931,3.292,0,2.0,3.0,4.0,1.0,0.0,2.0,0.5,1.0
H02265,43.38594594594606,76.99744581956551,Турксиб,0.347,-0.043,24.2,4251.0,0.02,0.228,328.0,0.07,977.0,Пустырь,-0.765,0.616,5.065,0,10.0,3.2,5.0,4.506,0.5,9.0,1.0,0.8
H02266,43.38594594594606,77.00494395127467,Турксиб,0.324,-0.012,24.4,2895.0,0.02,0.232,298.0,0.137,1051.0,Пустырь,-1.137,1.249,5.64,0,18.0,3.5,5.0,10.435,0.5555555555555556,15.0,0.8888888888888888,0.7777777777777778
H02267,43.38594594594606,77.01244208298382,Турксиб,0.312,-0.043,25.1,2193.0,0.02,0.237,336.0,0.129,991.0,Пустырь,-0.294,0.081,4.018,0,2.0,4.0,4.0,0.977,0.5,2.0,1.0,0.5
H02268,43.38594594594606,77.01994021469298,Турксиб,0.363,-0.007,24.0,1389.0,0.022,0.243,354.0,0.114,1027.0,Пустырь,-1.92,0.016,3.006,0,3.0,2.0,3.0,1.328,0.6666666666666666,3.0,0.6666666666666666,0.3333333333333333
H02269,43.38594594594606,77.02743834640214,Турксиб,0.304,-0.058,25.0,2186.0,0.026,0.25,207.0,0.088,996.0,Пустырь,0.641,0.458,6.043,0,8.0,3.75,5.0,4.989,0.5,8.0,0.875,0.875
H02270,43.38594594594606,77.03493647811129,Турксиб,0.344,-0.04,26.4,2269.0,0.029,0.258,300.0,0.064,1014.0,Транспорт,-0.417,-0.49,4.965,0,1.0,4.0,4.0,0.556,0.0,1.0,0.0,1.0
H02271,43.38594594594606,77.04243460982045,Турксиб,0.277,-0.039,26.9,2127.0,0.033,0.265,209.0,0.077,1052.0,Пустырь,0.557,0.593,5.726,0,14.0,2.9285714285714284,5.0,6.756,0.5,14.0,0.7142857142857143,0.7857142857142857
H02272,43.38594594594606,77.0499327415296,Турксиб,0.327,-0.044,24.4,1888.0,0.036,0.272,255.0,0.154,1034.0,Коммерческая,-0.02,-0.53,4.138,0,5.0,3.0,5.0,2.5469999999999997,1.0,5.0,1.0,0.8
H02273,43.38594594594606,77.05743087323876,Турксиб,0.355,-0.015,23.2,2178.0,0.038,0.278,259.0,0.157,1077.0,Пустырь,-1.199,0.233,4.799,0,4.0,4.5,5.0,1.9020000000000001,0.25,4.0,0.75,0.25
H02274,43.38594594594606,77.06492900494791,Турксиб,0.299,-0.031,24.9,1385.0,0.041,0.284,270.0,0.07,1094.0,Парк/сквер,-0.333,-0.111,5.571,0,2.0,3.5,5.0,1.565,0.5,2.0,1.0,0.5
H02275,43.38594594594606,77.07242713665707,Турксиб,0.336,-0.056,26.5,2202.0,0.042,0.288,219.0,0.166,1044.0,Пустырь,0.732,-1.179,5.373,0,1.0,4.0,4.0,0.828,1.0,1.0,1.0,1.0
H02276,43.38594594594606,77.07992526836622,Турксиб,0.345,-0.018,23.6,2522.0,0.044,0.292,273.0,0.118,1083.0,Промышленная,-1.105,0.785,4.687,0,5.0,4.0,5.0,2.348,0.6,5.0,1.0,1.0
H02277,43.38594594594606,77.08742340007538,Турксиб,0.329,-0.041,25.1,219.0,0.045,0.295,313.0,0.082,1094.0,Жилая,-0.391,0.725,5.11,0,7.0,2.142857142857143,4.0,3.706,0.5714285714285714,6.0,1.0,0.5714285714285714
H02278,43.38594594594606,77.09492153178454,Турксиб,0.33,-0.051,27.1,2716.0,0.046,0.297,316.0,0.02,1102.0,Пустырь,-0.022,0.79,5.112,0,14.0,3.857142857142857,5.0,7.929,0.6428571428571429,14.0,1.0,0.5
H02279,43.390675675675794,76.78374906585458,Алатау,0.305,-0.014,25.1,2016.0,0.042,0.283,237.0,0.091,729.0,Пустырь,-0.647,-0.092,4.345,0,1.0,1.0,1.0,0.765,1.0,1.0,1.0,0.0
H02280,43.390675675675794,76.79124719756373,Алатау,0.323,-0.047,24.6,4266.0,0.042,0.283,259.0,0.117,767.0,Коммерческая,0.064,0.143,5.253,0,2.0,3.5,4.0,1.63,1.0,2.0,1.0,0.5
H02281,43.390675675675794,76.79874532927289,Алатау,0.261,-0.06,23.9,1968.0,0.042,0.281,259.0,0.118,755.0,Пустырь,0.821,0.496,5.624,0,2.0,3.0,4.0,1.3330000000000002,1.0,2.0,1.0,0.5
H02282,43.390675675675794,76.80624346098205,Алатау,0.33,-0.035,24.1,1630.0,0.042,0.278,240.0,0.141,749.0,Пустырь,-0.262,0.272,6.425,0,3.0,5.0,5.0,1.7280000000000002,0.6666666666666666,3.0,1.0,0.6666666666666666
H02283,43.390675675675794,76.8137415926912,Алатау,0.455,-0.03,24.2,2142.0,0.042,0.273,262.0,0.088,790.0,Пустырь,-1.577,0.93,4.442,0,12.0,3.0833333333333335,5.0,7.728,0.5,12.0,0.8333333333333334,0.9166666666666666
H02284,43.390675675675794,76.82123972440036,Алатау,0.307,-0.057,27.5,2039.0,0.043,0.269,344.0,0.091,765.0,Пустырь,0.406,2.135,7.035,1,21.0,4.095238095238095,5.0,10.516,0.47619047619047616,21.0,0.9523809523809523,0.6190476190476191
H02285,43.390675675675794,76.82873785610951,Алатау,0.293,-0.036,25.0,2032.0,0.043,0.266,244.0,0.127,812.0,Парк/сквер,0.12,-0.53,4.791,0,3.0,3.6666666666666665,4.0,1.8969999999999998,1.0,3.0,1.0,1.0
H02286,43.390675675675794,76.83623598781867,Алатау,0.292,-0.043,26.1,1426.0,0.043,0.264,229.0,0.112,823.0,Пустырь,0.503,0.312,5.049,0,5.0,3.6,5.0,2.7270000000000003,0.8,5.0,1.0,0.8
H02287,43.390675675675794,76.84373411952782,Алатау,0.282,-0.042,25.3,2097.0,0.043,0.262,313.0,0.083,784.0,Пустырь,0.032,0.821,4.687,0,10.0,2.5,5.0,4.309,0.5,9.0,0.6,0.6
H02288,43.390675675675794,76.85123225123698,Алатау,0.291,-0.058,24.5,1559.0,0.043,0.26,338.0,0.111,818.0,Пустырь,0.268,1.247,5.85,0,9.0,3.2222222222222223,4.0,4.464,0.6666666666666666,6.0,0.6666666666666666,0.4444444444444444
H02289,43.390675675675794,76.85873038294613,Алатау,0.287,-0.055,26.3,3114.0,0.043,0.259,283.0,0.144,835.0,Жилая,0.74,0.102,5.699,0,1.0,4.0,4.0,0.556,0.0,1.0,0.0,1.0
H02290,43.390675675675794,76.86622851465529,Алатау,0.31,-0.022,24.3,3796.0,0.042,0.257,337.0,0.04,807.0,Парк/сквер,-1.069,0.2,3.845,0,6.0,3.1666666666666665,4.0,2.358,0.5,6.0,0.6666666666666666,0.6666666666666666
H02291,43.390675675675794,76.87372664636445,Алатау,0.327,-0.015,23.8,3005.0,0.041,0.254,282.0,0.111,868.0,Пустырь,-1.077,0.731,4.146,0,2.0,4.5,5.0,1.2069999999999999,1.0,2.0,1.0,1.0
H02292,43.390675675675794,76.8812247780736,Алатау,0.28,-0.044,23.9,2710.0,0.04,0.251,274.0,0.146,835.0,Жилая,0.226,-0.899,4.711,0,0.0,0.0,0.0,0.0,0.0,0.0,0.0,0.0
H02293,43.390675675675794,76.88872290978276,Алатау,0.336,-0.036,24.2,2700.0,0.039,0.248,395.0,0.242,829.0,Пустырь,-0.682,1.601,5.871,0,19.0,4.052631578947368,5.0,10.014,0.5263157894736842,19.0,0.7894736842105263,0.5789473684210527
H02294,43.390675675675794,76.89622104149191,Алатау,0.297,-0.04,25.9,2526.0,0.037,0.244,310.0,0.084,879.0,Парк/сквер,-0.085,1.293,6.014,0,19.0,4.052631578947368,5.0,9.52,0.631578947368421,19.0,0.8421052631578947,0.5789473684210527
H02295,43.390675675675794,76.90371917320107,Алатау,0.311,-0.033,26.9,2397.0,0.034,0.24,358.0,0.077,903.0,Транспорт,-0.493,-0.673,4.538,0,3.0,3.3333333333333335,5.0,1.936,1.0,3.0,0.3333333333333333,0.0
H02296,43.390675675675794,76.91121730491022,Алатау,0.316,-0.05,23.7,1357.0,0.031,0.235,348.0,0.095,875.0,Пустырь,-0.372,1.04,4.761,0,14.0,3.7142857142857144,5.0,7.414,0.6428571428571429,13.0,0.9285714285714286,0.42857142857142855
H02297,43.390675675675794,76.91871543661938,Алатау,0.303,-0.011,24.5,1913.0,0.028,0.23,294.0,0.177,881.0,Пустырь,-0.85,0.201,4.858,0,4.0,4.25,5.0,1.748,1.0,4.0,1.0,0.75
H02298,43.390675675675794,76.92621356832854,Турксиб,0.381,-0.031,23.8,812.0,0.025,0.226,314.0,0.181,892.0,Пустырь,-1.092,2.09,5.339,0,21.0,3.0476190476190474,5.0,10.202,0.6190476190476191,21.0,0.8571428571428571,0.6666666666666666
H02299,43.390675675675794,76.93371170003769,Турксиб,0.281,-0.035,23.7,1731.0,0.022,0.222,292.0,0.109,875.0,Пустырь,-0.304,0.338,4.614,0,7.0,3.5714285714285716,5.0,3.254,0.7142857142857143,7.0,0.8571428571428571,0.8571428571428571
H02300,43.390675675675794,76.94120983174685,Турксиб,0.224,-0.055,24.9,2745.0,0.02,0.219,253.0,0.095,940.0,Пустырь,0.99,-1.171,6.166,0,4.0,3.0,4.0,1.457,0.5,4.0,0.75,0.5
H02301,43.390675675675794,76.948707963456,Турксиб,0.25,-0.025,26.3,3053.0,0.02,0.218,381.0,0.1,895.0,Жилая,-0.406,0.827,5.12,0,12.0,3.4166666666666665,5.0,7.917,0.6666666666666666,12.0,0.9166666666666666,0.9166666666666666
H02302,43.390675675675794,76.95620609516516,Турксиб,0.286,-0.037,25.1,1528.0,0.02,0.218,290.0,0.036,949.0,Пустырь,-0.277,-0.193,4.597,0,2.0,3.0,4.0,0.471,0.5,2.0,0.5,0.0
H02303,43.390675675675794,76.96370422687431,Турксиб,0.296,-0.031,25.5,2234.0,0.02,0.219,304.0,0.125,951.0,Пустырь,-0.317,0.967,5.403,0,15.0,3.3333333333333335,5.0,7.806,0.7333333333333333,15.0,0.8,0.7333333333333333
H02304,43.390675675675794,76.97120235858347,Турксиб,0.297,-0.04,24.0,1680.0,0.02,0.22,308.0,0.064,951.0,Пустырь,-0.432,1.115,6.095,0,16.0,3.4375,5.0,7.245,0.8125,15.0,0.8125,0.5625
H02305,43.390675675675794,76.97870049029262,Турксиб,0.326,-0.026,23.5,1689.0,0.02,0.222,232.0,0.115,984.0,Пустырь,-0.668,1.089,5.851,0,10.0,3.8,5.0,4.598,0.7,10.0,0.9,0.8
H02306,43.390675675675794,76.98619862200178,Турксиб,0.335,-0.024,24.0,1904.0,0.02,0.224,286.0,0.02,938.0,Пустырь,-1.172,1.791,5.762,0,20.0,3.5,5.0,9.796,0.6,19.0,0.8,0.8
H02307,43.390675675675794,76.99369675371094,Турксиб,0.268,-0.03,25.8,1864.0,0.02,0.228,326.0,0.065,999.0,Коммерческая,-0.324,-0.256,4.701,0,0.0,0.0,0.0,0.0,0.0,0.0,0.0,0.0
H02308,43.390675675675794,77.00119488542009,Турксиб,0.281,-0.041,25.0,2737.0,0.02,0.231,264.0,0.083,982.0,Промышленная,0.079,0.365,5.977,0,2.0,4.0,4.0,1.677,0.0,2.0,1.0,1.0
H02309,43.390675675675794,77.00869301712925,Турксиб,0.31,-0.014,22.4,2299.0,0.02,0.235,281.0,0.136,980.0,Пустырь,-1.163,0.462,4.501,0,4.0,3.5,5.0,2.535,0.25,4.0,0.5,0.75
H02310,43.390675675675794,77.0161911488384,Турксиб,0.361,-0.03,24.5,2055.0,0.022,0.241,240.0,0.198,1016.0,Коммерческая,-0.521,-0.65,5.824,0,2.0,4.0,5.0,1.4340000000000002,1.0,2.0,0.5,1.0
H02311,43.390675675675794,77.02368928054756,Турксиб,0.284,-0.033,25.6,1445.0,0.025,0.248,293.0,0.026,989.0,Коммерческая,-0.308,0.046,5.256,0,3.0,3.6666666666666665,5.0,1.064,0.3333333333333333,3.0,0.6666666666666666,0.3333333333333333
H02312,43.390675675675794,77.03118741225671,Турксиб,0.286,-0.048,24.5,1761.0,0.028,0.255,321.0,0.02,983.0,Парк/сквер,-0.181,0.21,4.625,0,1.0,2.0,2.0,0.927,1.0,1.0,1.0,1.0
H02313,43.390675675675794,77.03868554396587,Турксиб,0.29,-0.038,25.6,2290.0,0.032,0.262,236.0,0.065,1021.0,Парк/сквер,0.131,-0.45,4.206,0,1.0,1.0,1.0,0.373,1.0,1.0,1.0,1.0
H02314,43.390675675675794,77.04618367567502,Турксиб,0.271,-0.034,25.2,694.0,0.035,0.269,275.0,0.055,1041.0,Жилая,-0.072,-0.336,4.109,0,1.0,3.0,3.0,0.321,1.0,1.0,0.0,1.0
H02315,43.390675675675794,77.05368180738418,Турксиб,0.341,-0.053,25.1,1438.0,0.037,0.275,315.0,0.051,1044.0,Пустырь,-0.263,0.948,5.924,0,7.0,4.142857142857143,5.0,3.941,0.5714285714285714,7.0,0.8571428571428571,0.42857142857142855
H02316,43.390675675675794,77.06117993909334,Турксиб,0.335,-0.03,21.7,3537.0,0.04,0.28,353.0,0.173,1026.0,Пустырь,-1.144,2.104,4.442,0,26.0,3.3846153846153846,5.0,10.828,0.6923076923076923,23.0,0.9615384615384616,0.6538461538461539
H02317,43.390675675675794,77.06867807080249,Турксиб,0.289,-0.043,25.9,3685.0,0.042,0.285,243.0,0.035,1072.0,Пустырь,0.242,-1.142,3.725,0,3.0,3.3333333333333335,4.0,1.19,1.0,3.0,1.0,1.0
H02318,43.390675675675794,77.07617620251165,Турксиб,0.302,-0.054,24.1,2960.0,0.043,0.289,325.0,0.086,1082.0,Пустырь,0.004,-0.529,4.984,0,1.0,3.0,3.0,0.892,1.0,1.0,1.0,0.0
H02319,43.390675675675794,77.0836743342208,Турксиб,0.36,-0.027,24.2,2322.0,0.045,0.292,268.0,0.069,1045.0,Пустырь,-0.993,0.627,4.932,0,14.0,3.9285714285714284,5.0,6.832,0.5,14.0,0.8571428571428571,0.6428571428571429
H02320,43.390675675675794,77.09117246592996,Турксиб,0.379,-0.035,27.1,1378.0,0.046,0.295,317.0,0.13,1076.0,Пустырь,-0.614,0.01,4.258,0,3.0,2.0,3.0,1.5470000000000002,0.0,2.0,0.6666666666666666,0.3333333333333333
H02321,43.390675675675794,77.09867059763911,Турксиб,0.359,-0.032,23.4,1458.0,0.046,0.296,335.0,0.149,1105.0,Коммерческая,-1.021,-0.159,4.817,0,4.0,4.25,5.0,2.151,0.75,4.0,0.5,0.75
H02322,43.395405405405526,76.78,Алатау,0.389,-0.061,23.3,525.0,0.042,0.273,256.0,0.14,709.0,Жилая,-0.168,-1.041,5.023,0,2.0,3.5,4.0,1.307,1.0,2.0,1.0,1.0
H02323,43.395405405405526,76.78749813170916,Алатау,0.302,-0.031,26.0,2342.0,0.042,0.274,309.0,0.202,731.0,Парк/сквер,-0.06,0.557,5.658,0,7.0,2.857142857142857,5.0,3.739,1.0,7.0,0.8571428571428571,0.8571428571428571
H02324,43.395405405405526,76.79499626341831,Алатау,0.283,-0.032,25.2,2146.0,0.042,0.274,217.0,0.172,709.0,Пустырь,0.316,-0.367,5.403,0,2.0,5.0,5.0,0.627,1.0,2.0,1.0,1.0
H02325,43.395405405405526,76.80249439512747,Алатау,0.275,-0.064,23.4,2435.0,0.042,0.272,302.0,0.065,718.0,Пустырь,0.462,1.842,5.434,0,20.0,3.8,5.0,11.004,0.5,17.0,0.85,0.55
H02326,43.395405405405526,76.80999252683662,Алатау,0.347,-0.046,24.1,2371.0,0.042,0.269,324.0,0.058,762.0,Жилая,-0.63,0.092,5.094,0,4.0,2.25,3.0,2.626,1.0,4.0,1.0,0.75
H02327,43.395405405405526,76.81749065854578,Алатау,0.369,-0.049,25.7,2136.0,0.042,0.266,327.0,0.077,784.0,Коммерческая,-0.472,-0.331,4.764,0,0.0,0.0,0.0,0.0,0.0,0.0,0.0,0.0
H02328,43.395405405405526,76.82498879025493,Алатау,0.292,-0.069,26.9,3926.0,0.042,0.263,251.0,0.11,764.0,Пустырь,1.195,0.9,5.863,0,12.0,4.333333333333333,5.0,6.362,0.6666666666666666,12.0,0.9166666666666666,0.75
H02329,43.395405405405526,76.83248692196409,Алатау,0.319,-0.024,26.5,3796.0,0.042,0.261,293.0,0.159,778.0,Пустырь,-0.361,-0.446,4.7,0,0.0,0.0,0.0,0.0,0.0,0.0,0.0,0.0
H02330,43.395405405405526,76.83998505367325,Алатау,0.324,-0.026,24.5,2461.0,0.042,0.259,287.0,0.156,795.0,Пустырь,-0.575,-0.089,4.59,0,0.0,0.0,0.0,0.0,0.0,0.0,0.0,0.0
H02331,43.395405405405526,76.8474831853824,Алатау,0.374,-0.049,24.2,3193.0,0.042,0.258,290.0,0.184,790.0,Транспорт,-0.309,0.807,5.399,0,5.0,4.0,5.0,2.552,1.0,5.0,0.8,0.6
H02332,43.395405405405526,76.85498131709156,Алатау,0.316,-0.037,25.4,2105.0,0.042,0.256,301.0,0.183,814.0,Пустырь,-0.089,1.354,6.158,0,19.0,4.105263157894737,5.0,10.469,0.5789473684210527,19.0,0.8421052631578947,0.5789473684210527
H02333,43.395405405405526,76.86247944880071,Алатау,0.269,-0.037,26.1,2219.0,0.042,0.255,351.0,0.035,828.0,Пустырь,-0.184,1.603,4.333,0,21.0,2.9047619047619047,5.0,10.88,0.8571428571428571,20.0,0.8571428571428571,0.6190476190476191
H02334,43.395405405405526,76.86997758050987,Алатау,0.324,-0.019,24.5,1510.0,0.041,0.253,253.0,0.108,822.0,Пустырь,-0.727,2.623,6.033,0,29.0,3.7586206896551726,5.0,12.573,0.5517241379310345,27.0,0.8620689655172413,0.7931034482758621
H02335,43.395405405405526,76.87747571221902,Алатау,0.365,-0.044,24.5,3179.0,0.04,0.251,260.0,0.107,850.0,Пустырь,-0.409,1.375,6.109,0,18.0,3.7777777777777777,5.0,8.933,0.5,17.0,0.7222222222222222,0.8333333333333334
H02336,43.395405405405526,76.88497384392818,Алатау,0.319,-0.041,26.5,3590.0,0.039,0.248,315.0,0.137,836.0,Пустырь,-0.033,-0.059,5.899,0,4.0,3.75,5.0,2.183,1.0,4.0,1.0,1.0
H02337,43.395405405405526,76.89247197563733,Алатау,0.249,-0.051,24.6,893.0,0.037,0.244,337.0,0.163,834.0,Пустырь,0.522,-0.651,4.753,0,1.0,5.0,5.0,0.463,1.0,1.0,1.0,0.0
H02338,43.395405405405526,76.89997010734649,Алатау,0.27,-0.059,22.1,1944.0,0.035,0.241,365.0,0.151,845.0,Промышленная,0.102,1.636,5.793,0,16.0,3.75,5.0,8.013,0.6875,15.0,1.0,0.625
H02339,43.395405405405526,76.90746823905565,Алатау,0.266,-0.037,24.3,2345.0,0.032,0.236,234.0,0.146,850.0,Пустырь,0.32,3.374,6.482,0,34.0,3.8823529411764706,5.0,17.909,0.6176470588235294,31.0,0.7647058823529411,0.6176470588235294
H02340,43.395405405405526,76.9149663707648,Алатау,0.28,-0.027,25.6,2029.0,0.03,0.232,375.0,0.17,848.0,Промышленная,-0.425,1.263,4.751,0,17.0,3.0588235294117645,5.0,9.001,0.5294117647058824,17.0,0.5882352941176471,0.7058823529411765
H02341,43.395405405405526,76.92246450247396,Алатау,0.295,-0.091,26.9,2159.0,0.027,0.228,304.0,0.02,900.0,Пустырь,1.308,0.539,6.018,0,8.0,4.25,5.0,4.452,0.75,6.0,0.875,0.125
H02342,43.395405405405526,76.92996263418311,Турксиб,0.291,-0.038,25.8,2324.0,0.023,0.224,299.0,0.043,935.0,Пустырь,-0.197,2.7,6.107,0,38.0,3.6052631578947367,5.0,19.664,0.6578947368421053,34.0,0.8947368421052632,0.631578947368421
H02343,43.395405405405526,76.93746076589227,Турксиб,0.372,-0.05,26.2,1957.0,0.02,0.221,281.0,0.081,900.0,Пустырь,-0.292,0.719,5.822,0,10.0,3.6,5.0,4.514,0.7,10.0,0.8,0.6
H02344,43.395405405405526,76.94495889760142,Турксиб,0.267,-0.024,24.9,942.0,0.02,0.22,329.0,0.09,897.0,Жилая,-0.552,0.147,4.338,0,3.0,3.6666666666666665,4.0,1.164,0.3333333333333333,3.0,1.0,0.3333333333333333
H02345,43.395405405405526,76.95245702931058,Турксиб,0.252,-0.034,25.0,2556.0,0.02,0.22,194.0,0.061,920.0,Транспорт,0.337,-0.664,4.936,0,1.0,2.0,2.0,0.286,0.0,1.0,0.0,0.0
H02346,43.395405405405526,76.95995516101974,Турксиб,0.296,-0.064,24.2,2934.0,0.02,0.22,283.0,0.079,946.0,Промышленная,0.413,0.551,5.062,0,7.0,3.4285714285714284,5.0,3.034,0.2857142857142857,7.0,0.8571428571428571,0.7142857142857143
H02347,43.395405405405526,76.96745329272889,Турксиб,0.318,-0.033,23.7,1032.0,0.02,0.221,308.0,0.115,901.0,Промышленная,-0.696,0.116,4.018,0,1.0,4.0,4.0,0.385,1.0,1.0,1.0,1.0
H02348,43.395405405405526,76.97495142443805,Турксиб,0.306,-0.079,23.1,3043.0,0.02,0.222,318.0,0.135,924.0,Пустырь,0.596,1.352,6.049,0,17.0,3.764705882352941,5.0,10.474,0.6470588235294118,16.0,0.8823529411764706,0.8823529411764706
H02349,43.395405405405526,76.9824495561472,Турксиб,0.294,-0.048,25.2,3593.0,0.02,0.224,269.0,0.092,946.0,Промышленная,0.196,0.146,5.456,0,2.0,2.5,4.0,1.5070000000000001,0.5,2.0,1.0,1.0
H02350,43.395405405405526,76.98994768785636,Турксиб,0.323,-0.032,23.9,2865.0,0.02,0.227,353.0,0.082,1003.0,Парк/сквер,-1.003,0.871,4.87,0,5.0,3.8,5.0,2.215,0.6,5.0,0.8,0.8
H02351,43.395405405405526,76.99744581956551,Турксиб,0.218,-0.033,26.6,3265.0,0.02,0.23,323.0,0.118,951.0,Промышленная,0.391,0.834,6.079,0,14.0,3.5714285714285716,5.0,5.99,0.35714285714285715,14.0,0.7857142857142857,0.5714285714285714
H02352,43.395405405405526,77.00494395127467,Турксиб,0.311,-0.035,23.0,2540.0,0.02,0.234,283.0,0.02,939.0,Пустырь,-0.799,-0.537,4.165,0,0.0,0.0,0.0,0.0,0.0,0.0,0.0,0.0
H02353,43.395405405405526,77.01244208298382,Турксиб,0.331,-0.028,24.7,3081.0,0.021,0.239,341.0,0.088,1004.0,Транспорт,-1.011,0.504,4.579,0,6.0,3.5,4.0,2.8120000000000003,0.6666666666666666,6.0,0.6666666666666666,0.8333333333333334
H02354,43.395405405405526,77.01994021469298,Турксиб,0.317,-0.063,26.6,1859.0,0.025,0.246,275.0,0.075,1000.0,Транспорт,0.563,1.122,6.916,1,17.0,4.0588235294117645,5.0,9.784,0.7058823529411765,16.0,0.9411764705882353,0.5294117647058824
H02355,43.395405405405526,77.02743834640214,Турксиб,0.358,-0.028,25.8,1093.0,0.028,0.252,263.0,0.091,983.0,Жилая,-0.734,-0.243,4.241,0,2.0,3.0,4.0,1.134,1.0,2.0,0.5,0.0
H02356,43.395405405405526,77.03493647811129,Турксиб,0.276,-0.031,23.7,1439.0,0.031,0.259,334.0,0.079,1006.0,Промышленная,-0.579,1.076,4.934,0,15.0,3.466666666666667,5.0,8.831,0.6,15.0,0.8666666666666667,0.6
H02357,43.395405405405526,77.04243460982045,Турксиб,0.266,-0.04,25.4,1192.0,0.034,0.265,305.0,0.058,998.0,Пустырь,0.062,-1.056,4.777,0,1.0,2.0,2.0,0.542,1.0,1.0,1.0,0.0
H02358,43.395405405405526,77.0499327415296,Турксиб,0.266,-0.061,25.3,1221.0,0.037,0.272,289.0,0.147,1017.0,Парк/сквер,0.916,1.738,5.95,0,15.0,3.066666666666667,5.0,8.718,0.8,15.0,1.0,0.7333333333333333
H02359,43.395405405405526,77.05743087323876,Турксиб,0.288,-0.047,26.9,1948.0,0.039,0.277,280.0,0.178,1043.0,Пустырь,0.642,1.273,5.507,0,16.0,3.5,5.0,9.504,0.75,16.0,1.0,0.6875
H02360,43.395405405405526,77.06492900494791,Турксиб,0.303,-0.032,24.9,2250.0,0.041,0.282,291.0,0.02,1007.0,Пустырь,-0.522,1.91,5.648,0,26.0,3.576923076923077,5.0,13.045,0.6153846153846154,25.0,0.9615384615384616,0.7307692307692307
H02361,43.395405405405526,77.07242713665707,Турксиб,0.377,-0.023,24.0,2767.0,0.043,0.286,299.0,0.165,1084.0,Транспорт,-1.171,0.839,4.666,0,11.0,3.6363636363636362,5.0,4.463,0.45454545454545453,11.0,0.8181818181818182,0.5454545454545454
H02362,43.395405405405526,77.07992526836622,Турксиб,0.323,-0.057,24.4,1782.0,0.044,0.289,282.0,0.118,1053.0,Пустырь,0.224,1.656,5.994,0,26.0,3.3846153846153846,5.0,14.047,0.6153846153846154,26.0,0.9615384615384616,0.46153846153846156
H02363,43.395405405405526,77.08742340007538,Турксиб,0.356,-0.045,23.1,2449.0,0.045,0.292,332.0,0.164,1067.0,Пустырь,-0.619,-0.368,4.188,0,1.0,3.0,3.0,0.956,1.0,1.0,1.0,0.0
H02364,43.395405405405526,77.09492153178454,Турксиб,0.381,-0.047,24.0,2026.0,0.046,0.294,275.0,0.079,1039.0,Промышленная,-0.625,-0.395,5.71,0,1.0,5.0,5.0,0.158,1.0,1.0,1.0,1.0
